time,open,high,low,close,"COPPER1!, MCX: Open","COPPER1!, MCX: High","COPPER1!, MCX: Low","COPPER1!, MCX: Close",Volume,Volume MA
1515383100,10591.7,10631.2,10588.55,10623.6,452.75,456.25,452,453.85,NaN,NaN
1515469500,10645.1,10659.15,10603.6,10637,454.2,458.65,452.95,453.75,NaN,NaN
1515555900,10652.05,10655.5,10592.7,10632.2,454.95,461.4,454.5,457.1,NaN,NaN
1515642300,10637.05,10664.6,10612.35,10651.2,458.45,459.6,452.5,456.15,NaN,NaN
1515728700,10682.55,10690.4,10597.1,10681.25,457.5,458.1,452.6,453.05,NaN,NaN
1515987900,10718.5,10782.65,10713.8,10741.55,457.9,462.45,457.9,458.8,NaN,NaN
1516074300,10761.5,10762.35,10687.85,10700.45,459.5,460,451.95,456.5,NaN,NaN
1516160700,10702.45,10803,10666.75,10788.55,455.5,455.5,449.8,450.75,NaN,NaN
1516247100,10873.4,10887.5,10782.4,10817,452,454.4,451.1,452.7,NaN,NaN
1516333500,10829.2,10906.85,10793.9,10894.7,452.45,456,450,450.45,NaN,NaN
1516592700,10883.2,10975.1,10881.4,10966.2,452.3,454.85,451.1,452.6,NaN,NaN
1516679100,10997.4,11092.9,10994.55,11083.7,452.05,453.4,439.4,439.95,NaN,NaN
1516765500,11069.35,11110.1,11046.15,11086,441,456.35,441,454.1,NaN,NaN
1516851900,11095.6,11095.6,11009.2,11069.65,455.9,457.9,451.5,451.85,NaN,NaN
1517197500,11079.35,11171.55,11075.95,11130.4,456.5,456.5,450.1,450.7,NaN,NaN
1517283900,11120.85,11121.1,11033.9,11049.65,450,451.75,445.3,450.45,NaN,NaN
1517370300,11018.8,11058.5,10979.3,11027.7,451.4,455,450.2,450.9,NaN,NaN
1517456700,11044.55,11117.35,10878.8,11016.9,453,455.55,449.5,454.7,NaN,NaN
1517543100,10938.2,10954.95,10736.1,10760.6,456.35,460.7,450,452.75,NaN,NaN
1517802300,10604.3,10702.75,10586.8,10666.55,452.7,462.2,451.45,456.3,NaN,NaN
1517888700,10295.15,10594.15,10276.3,10498.25,455.8,457.1,451.2,452.85,NaN,NaN
1517975100,10607.2,10614,10446.4,10476.7,453.9,456.45,439.45,440.25,NaN,NaN
1518061500,10518.5,10637.8,10479.55,10576.85,441.5,442.5,435.5,440.2,NaN,NaN
1518147900,10416.5,10480.2,10398.2,10454.95,436.35,438.5,432.3,432.9,NaN,NaN
1518407100,10518.2,10555.5,10485.4,10539.75,435,440.4,435,438.65,NaN,NaN
1518579900,10585.75,10590.55,10456.65,10500.9,448,458.05,445.75,457.55,NaN,NaN
1518666300,10537.9,10618.1,10511.05,10545.5,458.05,458.8,453.65,458.05,NaN,NaN
1518752700,10596.2,10612.9,10434.05,10452.3,458.4,464.2,458.1,461.5,NaN,NaN
1519011900,10488.9,10489.35,10302.75,10378.4,461.3,462.2,455.4,457.8,NaN,NaN
1519098300,10391,10429.35,10347.65,10360.4,455,459.6,454.4,457.2,NaN,NaN
1519184700,10426,10426.1,10349.6,10397.45,455.4,461,453.3,460.45,NaN,NaN
1519271100,10354.35,10397.55,10340.65,10382.7,458.4,465.3,453.3,464.65,NaN,NaN
1519357500,10408.1,10499.1,10396.65,10491.05,461.45,462.5,456.8,459.7,NaN,NaN
1519616700,10526.55,10592.95,10520.2,10582.6,462.4,462.4,456.6,457.7,NaN,NaN
1519703100,10615.2,10631.65,10537.25,10554.3,462.85,465.35,457.25,460.25,NaN,NaN
1519789500,10488.95,10535.5,10461.55,10492.85,458.5,459.7,453.05,453.6,NaN,NaN
1519875900,10479.95,10525.5,10447.15,10458.35,454.8,455.25,449.2,452.2,NaN,NaN
1520221500,10428.3,10428.7,10323.9,10358.85,453.15,453.15,448.35,452.35,NaN,NaN
1520307900,10420.5,10441.35,10215.9,10249.25,452.4,457.25,451.7,454.85,NaN,NaN
1520394300,10232.95,10243.35,10141.55,10154.2,454.3,455,449.8,452.05,NaN,NaN
1520480700,10216.25,10270.35,10146.4,10242.65,452,452.35,444.2,445.3,NaN,NaN
1520567100,10271.3,10296.7,10211.9,10226.85,444.7,454,442.45,452.3,NaN,NaN
1520826300,10301.6,10433.65,10295.45,10421.4,452.65,453.35,448.5,450.25,NaN,NaN
1520912700,10389.5,10478.6,10377.85,10426.85,449.85,451.8,447.65,450.95,NaN,NaN
1520999100,10393.05,10420.35,10336.3,10410.9,452.6,458.6,452.6,454.25,NaN,NaN
1521085500,10405.45,10420,10346.2,10360.15,455,455,448.5,450.95,NaN,NaN
1521171900,10345.15,10346.3,10180.25,10195.15,450,453.5,446.3,448.55,NaN,NaN
1521431100,10215.35,10224.55,10075.3,10094.25,447.5,449.2,442.25,446.7,NaN,NaN
1521517500,10051.55,10155.65,10049.1,10124.35,447.2,447.8,439.65,441.25,NaN,NaN
1521603900,10181.95,10227.3,10132.95,10155.25,441.7,444.5,437.6,443.55,NaN,NaN
1521690300,10167.5,10207.85,10105.4,10114.75,444.55,446.15,435.65,438.95,NaN,NaN
1521776700,9968.7998,10027.7,9951.9004,9998.0498,438.3,438.3,432.25,433.4,NaN,NaN
1522035900,9989.1504,10143.5,9958.5498,10130.65,431.6,431.9,425,428.7,NaN,NaN
1522122300,10188,10207.9,10139.65,10184.15,430.5,434.4,429.2,430.75,NaN,NaN
1522208700,10143.6,10158.35,10096.9,10113.7,431.1,434.7,428.65,433.45,NaN,NaN
1522640700,10151.65,10220.1,10127.75,10211.8,439.9,442.05,438.25,439.15,NaN,NaN
1522727100,10186.85,10255.35,10171.05,10245,440.55,442.1,438.4,440.45,NaN,NaN
1522813500,10274.6,10279.85,10111.3,10128.4,441,441,428.6,433.65,NaN,NaN
1522899900,10228.45,10331.8,10227.45,10325.15,434.4,443.5,433.8,439.95,NaN,NaN
1522986300,10322.75,10350.45,10290.85,10331.6,437.8,439.35,435.1,438.25,NaN,NaN
1523245500,10333.7,10397.7,10328.5,10379.35,438.4,442.85,437.7,442.25,NaN,NaN
1523331900,10412.9,10424.85,10381.5,10402.25,443,451,443,450.75,NaN,NaN
1523418300,10428.15,10428.15,10355.6,10417.15,449.25,453.8,447,448.6,NaN,NaN
1523504700,10410.65,10469.9,10395.25,10458.65,446.5,448,439.3,442.25,NaN,NaN
1523591100,10495.3,10519.9,10451.45,10480.6,442.25,445.7,441.35,442.75,NaN,NaN
1523850300,10398.3,10540.15,10396.35,10528.35,442.75,450.7,442,446.95,NaN,NaN
1523936700,10557.3,10560.45,10495.65,10548.7,448.6,449.35,443.6,447.35,NaN,NaN
1524023100,10578.9,10594.2,10509.7,10526.2,447.4,461.1,446.6,459.1,NaN,NaN
1524109500,10563.65,10572.2,10546.2,10565.3,459.9,464,453.45,456.95,NaN,NaN
1524195900,10560.35,10582.35,10527.45,10564.05,456.5,460.35,453.1,458.75,NaN,NaN
1524455100,10592.8,10638.35,10514.95,10584.7,460,462.8,451.65,456.9,NaN,NaN
1524541500,10578.1,10636.8,10569,10614.35,458.35,464.45,456.6,459.7,NaN,NaN
1524627900,10612.4,10612.6,10536.45,10570.55,461,465.7,459.15,463,NaN,NaN
1524714300,10586.5,10628.4,10559.65,10617.8,460.65,461.4,455.3,460.4,NaN,NaN
1524800700,10651.65,10719.8,10647.55,10692.3,465.5,465.5,452.3,454,NaN,NaN
1525059900,10705.75,10759,10704.6,10739.35,453.75,455.6,451.6,453.7,NaN,NaN
1525232700,10783.85,10784.65,10689.8,10718.05,452.2,457.25,452.2,455.45,NaN,NaN
1525319100,10720.15,10720.6,10647.45,10679.65,454.05,461.1,453.25,457.65,NaN,NaN
1525405500,10700.45,10700.45,10601.6,10618.25,458.6,460,453.45,457.45,NaN,NaN
1525664700,10653.15,10725.65,10635.65,10715.5,458.6,463,457.15,459.15,NaN,NaN
1525751100,10757.9,10758.55,10689.4,10717.8,460.2,460.9,449.3,456.3,NaN,NaN
1525837500,10693.35,10766.25,10689.85,10741.7,457,458.55,455.05,457.9,NaN,NaN
1525923900,10779.65,10785.55,10705,10716.55,459.1,465,456.35,462.9,NaN,NaN
1526010300,10741.95,10812.05,10724.45,10806.5,463.15,466.7,462.35,465,NaN,NaN
1526269500,10815.15,10834.85,10774.75,10806.6,465,466.9,461.1,463.7,NaN,NaN
1526355900,10812.6,10929.2,10781.4,10801.85,462.7,467.8,460.1,462.95,NaN,NaN
1526442300,10751.95,10790.45,10699.7,10741.1,461.65,462.45,458.7,461.85,NaN,NaN
1526528700,10775.6,10777.25,10664.5,10682.7,462.5,465.45,461.1,463.8,NaN,NaN
1526615100,10671.85,10674.95,10589.1,10596.4,464.15,466.55,461,462.15,NaN,NaN
1526874300,10616.7,10621.7,10505.8,10516.7,463.1,469.45,463.1,467.85,NaN,NaN
1526960700,10518.45,10558.6,10490.55,10536.7,466.5,474.5,465.45,472,NaN,NaN
1527047100,10521.1,10533.55,10417.8,10430.35,472.2,472.2,462.8,465.15,NaN,NaN
1527133500,10464.85,10535.15,10419.8,10513.85,466.6,469.4,464.55,469.05,NaN,NaN
1527219900,10533.05,10628.05,10524,10605.15,467.6,469.75,461.2,461.8,NaN,NaN
1527479100,10648.35,10709.8,10640.55,10688.65,461,462.2,453.4,459.25,NaN,NaN
1527565500,10689.4,10717.25,10616.1,10633.3,461.1,467.7,460.2,460.7,NaN,NaN
1527651900,10579,10648.7,10558.45,10614.35,460.1,460.1,450.85,458.85,NaN,NaN
1527738300,10670.1,10763.8,10620.4,10736.15,459.3,461.85,454.7,457.05,NaN,NaN
1527824700,10738.45,10764.75,10681.5,10696.2,456.3,459.25,454.65,458.85,NaN,NaN
1528083900,10765.95,10770.3,10618.35,10628.5,459.7,465.65,458.7,465.3,NaN,NaN
1528170300,10630.7,10633.15,10550.9,10593.15,464.9,475.2,464.25,474.8,NaN,NaN
1528256700,10603.45,10698.35,10587.5,10684.65,474,482.5,473.1,481.25,NaN,NaN
1528343100,10722.6,10818,10722.6,10768.35,483.2,493.25,482.45,487.55,NaN,NaN
1528429500,10736.4,10779.45,10709.05,10767.65,486.9,493.25,484.8,491.25,NaN,NaN
1528688700,10781.85,10850.55,10777.05,10786.95,489.9,489.95,483.8,485,NaN,NaN
1528775100,10816.15,10856.55,10789.4,10842.85,484.8,486.7,482.1,484.6,NaN,NaN
1528861500,10887.5,10893.25,10842.65,10856.7,482.6,487.2,481.5,485.05,NaN,NaN
1528947900,10832.9,10833.7,10773.55,10808.05,483.9,485.35,480.25,481.55,NaN,NaN
1529034300,10808.65,10834,10755.4,10817.7,481.95,483.2,472.6,473.9,NaN,NaN
1529293500,10830.2,10830.2,10787.35,10799.85,472.1,473.75,466.1,468.75,NaN,NaN
1529379900,10789.45,10789.45,10701.2,10710.45,467.1,467.65,458.15,458.5,NaN,NaN
1529466300,10734.65,10781.8,10724.05,10772.05,458.75,460.95,454.7,457.8,NaN,NaN
1529552700,10808.45,10809.6,10725.9,10741.1,457.55,458.9,452.25,453.95,NaN,NaN
1529639100,10742.7,10837,10710.45,10821.85,454.3,456.25,452.05,454.2,NaN,NaN
1529898300,10822.9,10831.05,10753.05,10762.45,456,456.6,448.3,448.65,NaN,NaN
1529984700,10742.7,10805.25,10732.55,10769.15,449.7,452.4,448.8,451.9,NaN,NaN
1530071100,10785.5,10785.5,10652.4,10671.4,450.45,455.5,448.6,453.75,NaN,NaN
1530157500,10660.8,10674.2,10557.7,10589.1,460,460.4,452.45,454.75,NaN,NaN
1530243900,10612.85,10723.05,10612.35,10714.3,455.8,457.4,451.8,452.3,NaN,NaN
1530503100,10732.35,10736.15,10604.65,10657.3,451.7,452.85,447.45,450.75,NaN,NaN
1530589500,10668.6,10713.3,10630.25,10699.9,449.4,453.2,444.4,445.75,NaN,NaN
1530675900,10715,10777.15,10677.75,10769.9,447.4,448.2,434.3,437.85,NaN,NaN
1530762300,10786.05,10786.05,10726.25,10749.75,438.2,441.15,432.5,433.5,NaN,NaN
1530848700,10744.15,10816.35,10735.05,10772.65,432,434.75,427.55,431.6,NaN,NaN
1531107900,10838.3,10860.35,10807.15,10852.9,434.55,439,434.15,436.7,NaN,NaN
1531194300,10902.75,10956.9,10876.65,10947.25,437.9,438.7,431.1,433.1,NaN,NaN
1531280700,10956.4,10976.65,10923,10948.3,430,430,416.8,420.15,NaN,NaN
1531367100,11006.95,11078.3,10999.65,11023.2,421.5,425.8,420,421.85,NaN,NaN
1531453500,11056.9,11071.35,10999.75,11018.9,423,424.1,418.8,422.7,NaN,NaN
1531712700,11018.95,11019.5,10926.25,10936.85,423.5,423.95,419,421.45,NaN,NaN
1531799100,10939.65,11018.5,10925.6,11008.05,423.5,425.3,417.1,417.85,NaN,NaN
1531885500,11060.2,11076.2,10956.3,10980.45,418.3,421.45,414.2,420.65,NaN,NaN
1531971900,10999.5,11006.5,10935.45,10957.1,420.5,421.2,409.55,414.2,NaN,NaN
1532058300,10963.5,11030.25,10946.2,11010.2,415.2,421.5,414.65,420.35,NaN,NaN
1532317500,11019.85,11093.4,11010.95,11084.75,419.2,424,418.75,420.05,NaN,NaN
1532403900,11109,11143.4,11092.5,11134.3,422,433.4,421.25,428.95,NaN,NaN
1532490300,11148.4,11157.15,11113.25,11132,428.7,432.4,426.75,430.1,NaN,NaN
1532576700,11132.95,11185.85,11125.7,11167.3,431.5,433,427.35,428.9,NaN,NaN
1532663100,11232.75,11283.4,11210.25,11278.35,429.65,431.6,423.9,425.85,NaN,NaN
1532922300,11296.65,11328.1,11261.45,11319.55,424.55,426.7,421.05,425.4,NaN,NaN
1533008700,11311.05,11366,11267.75,11356.5,425.9,431,421.55,430.15,NaN,NaN
1533095100,11359.8,11390.55,11313.55,11346.2,429.3,429.3,413.15,414.8,NaN,NaN
1533181500,11328.9,11328.9,11234.95,11244.7,415.5,418.5,412.25,416.85,NaN,NaN
1533267900,11297.8,11368,11294.55,11360.8,415.55,422.4,413.25,419.05,NaN,NaN
1533527100,11401.5,11427.65,11370.6,11387.1,418.5,418.5,413.2,415.5,NaN,NaN
1533613500,11423.15,11428.95,11359.7,11389.45,417,420.7,416.5,418.1,NaN,NaN
1533699900,11412.5,11459.95,11379.3,11450,420.4,421.6,416.25,418,NaN,NaN
1533786300,11493.25,11495.2,11454.1,11470.7,419.9,427.95,419.9,421.15,NaN,NaN
1533872700,11474.95,11478.75,11419.65,11429.5,421.55,422.1,417.1,419.6,NaN,NaN
1534131900,11369.6,11406.3,11340.3,11355.75,419.5,426,418.45,423.6,NaN,NaN
1534218300,11381.7,11452.45,11370.8,11435.1,422.75,422.75,415.25,416.05,NaN,NaN
1534391100,11397.15,11449.85,11366.25,11385.05,415,415,402.55,405.4,NaN,NaN
1534477500,11437.15,11486.45,11431.8,11470.75,406.7,409.1,403.6,407.65,NaN,NaN
1534736700,11502.1,11565.3,11499.65,11551.75,408.95,414.8,408.45,412.1,NaN,NaN
1534823100,11576.2,11581.75,11539.6,11570.9,412.4,417.8,411.85,416.05,NaN,NaN
1534995900,11620.7,11620.7,11546.7,11582.75,411.55,412.55,405.25,410.75,NaN,NaN
1535082300,11566.6,11604.6,11532,11557.1,412.5,418.85,412.05,416.25,NaN,NaN
1535341500,11605.85,11700.95,11595.6,11691.95,417.9,420.75,417.5,418.5,NaN,NaN
1535427900,11731.95,11760.2,11710.5,11738.5,417.5,425,417.25,423.25,NaN,NaN
1535514300,11744.95,11753.2,11678.85,11691.9,424.15,425.15,420.6,421.95,NaN,NaN
1535600700,11694.75,11698.8,11639.7,11676.8,430,431.95,427.1,431.65,NaN,NaN
1535687100,11675.85,11727.65,11640.1,11680.5,429.55,430.65,423.25,423.8,NaN,NaN
1535946300,11751.8,11751.8,11567.4,11582.35,422.5,425.7,421,423.85,NaN,NaN
1536032700,11598.75,11602.55,11496.85,11520.3,423.85,424.45,414.3,415.75,NaN,NaN
1536119100,11514.85,11542.65,11393.85,11476.95,416.1,420.3,415.55,419.65,NaN,NaN
1536205500,11514.15,11562.25,11436.05,11536.9,420.5,429.4,420.4,424.4,NaN,NaN
1536291900,11558.25,11603,11484.4,11589.1,424,426.5,418.9,422.6,NaN,NaN
1536551100,11570.25,11573,11427.3,11438.1,422.8,427.5,421.8,426.8,NaN,NaN
1536637500,11476.85,11479.4,11274,11287.5,426.8,431.05,421,425.55,NaN,NaN
1536723900,11340.1,11380.75,11250.2,11369.9,424.5,431.5,422.25,429.75,NaN,NaN
1536896700,11443.5,11523.25,11430.55,11515.2,430.5,432.45,423,423.95,NaN,NaN
1537155900,11464.95,11464.95,11366.9,11377.75,424.3,430.35,424.15,429.75,NaN,NaN
1537242300,11381.55,11411.45,11268.95,11278.9,430.5,443.95,427.4,442,NaN,NaN
1537328700,11326.65,11332.05,11210.9,11234.35,443.4,446.3,437.1,437.6,NaN,NaN
1537501500,11271.3,11346.8,10866.45,11143.1,439.5,461.5,439.5,458.15,NaN,NaN
1537760700,11164.4,11170.15,10943.6,10967.4,457,463.25,456.7,459.1,NaN,NaN
1537847100,10969.95,11080.6,10882.85,11067.45,458.5,460.35,453.3,457.35,NaN,NaN
1537933500,11145.55,11145.55,10993.05,11053.8,457.55,458.95,455.1,456.6,NaN,NaN
1538019900,11079.8,11089.45,10953.35,10977.55,455.5,455.5,446,448.35,NaN,NaN
1538106300,11008.1,11034.1,10850.3,10930.45,449.9,453.95,446.65,452.95,NaN,NaN
1538365500,10930.9,11035.65,10821.55,11008.3,451,456.85,446.4,454.95,NaN,NaN
1538538300,10982.7,10989.05,10843.75,10858.25,458.4,465.5,455.65,464.7,NaN,NaN
1538624700,10754.7,10754.7,10547.25,10599.25,465.1,469.35,455.65,457.2,NaN,NaN
1538711100,10514.1,10540.65,10261.9,10316.45,455.5,459.8,452.05,456.55,NaN,NaN
1538970300,10310.15,10398.35,10198.4,10348.05,454.05,458,451.7,456.1,NaN,NaN
1539056700,10390.3,10397.6,10279.35,10301.05,458,463.6,454.9,463.2,NaN,NaN
1539143100,10331.85,10482.35,10318.25,10460.1,462.95,464.4,458.1,458.7,NaN,NaN
1539229500,10169.8,10335.95,10138.6,10234.65,458,461.5,447.5,459.25,NaN,NaN
1539315900,10331.55,10492.45,10322.15,10472.5,458.2,462.85,456.8,459.55,NaN,NaN
1539575100,10524.2,10526.3,10410.15,10512.5,460.7,464.75,456.5,457.05,NaN,NaN
1539661500,10550.15,10604.9,10525.3,10584.75,455.9,456.3,451.25,452.55,NaN,NaN
1539747900,10688.7,10710.15,10436.45,10453.05,452,457.1,449.35,452.7,NaN,NaN
1539920700,10339.7,10380.1,10249.6,10303.55,447.5,453.65,447.15,453,NaN,NaN
1540179900,10405.85,10408.55,10224,10245.25,454.5,460.5,454.1,454.7,NaN,NaN
1540266300,10152.6,10222.1,10102.35,10146.8,453.7,454.3,447.55,449.15,NaN,NaN
1540352700,10278.15,10290.65,10126.7,10224.75,450.2,453.95,447,447.9,NaN,NaN
1540439100,10135.05,10166.6,10079.3,10124.9,446.8,450.25,441.55,447.8,NaN,NaN
1540525500,10122.35,10128.85,10004.55,10030,445.5,445.5,440.65,444.7,NaN,NaN
1540784700,10078.1,10275.3,10020.35,10250.85,445.5,451.2,444.05,445.35,NaN,NaN
1540871100,10239.4,10285.1,10175.35,10198.4,444.5,445.2,434.15,434.7,NaN,NaN
1540957500,10209.55,10396,10105.1,10386.6,436.1,439.5,434.35,435.7,NaN,NaN
1541043900,10441.7,10441.9,10341.9,10380.45,437,441.7,432.35,440.75,NaN,NaN
1541130300,10462.3,10606.95,10457.7,10553,439.5,452.7,437.3,451.25,NaN,NaN
1541389500,10558.75,10558.8,10477,10524,450,452,443.35,444.55,NaN,NaN
1541475900,10552,10600.25,10491.45,10530,444.1,447.85,441.05,441.55,NaN,NaN
1541562300,10614.45,10616.45,10582.3,10598.4,442.8,443.2,442.2,442.55,NaN,NaN
1541735100,10614.7,10619.55,10544.85,10585.2,438.2,438.2,429.7,431.25,NaN,NaN
1541994300,10607.8,10645.5,10464.05,10482.2,433.5,435.45,431.4,431.55,NaN,NaN
1542080700,10451.9,10596.25,10440.55,10582.5,432.3,441.4,428.35,430.05,NaN,NaN
1542167100,10634.9,10651.6,10532.7,10576.3,428.5,433.95,425.7,432.5,NaN,NaN
1542253500,10580.6,10646.5,10557.5,10616.7,433.5,440,432.7,436.65,NaN,NaN
1542339900,10644,10695.15,10631.15,10682.2,437.4,444.2,434.15,442.9,NaN,NaN
1542599100,10731.25,10774.7,10688.8,10763.4,441.5,443,438,441.35,NaN,NaN
1542685500,10740.1,10740.85,10640.85,10656.2,440,448.7,435.3,435.6,NaN,NaN
1542771900,10670.95,10671.3,10562.35,10600.05,435.9,440.95,435.1,438.55,NaN,NaN
1542858300,10612.65,10646.25,10512,10526.75,437.75,439.7,434.35,436.75,NaN,NaN
1543203900,10568.3,10637.8,10489.75,10628.6,429.75,433.8,428.15,430.45,NaN,NaN
1543290300,10621.45,10695.15,10596.35,10685.6,429.65,430.2,423.8,424.8,NaN,NaN
1543376700,10708.75,10757.8,10699.85,10728.85,425.9,435.65,424.95,434.85,NaN,NaN
1543463100,10808.7,10883.05,10782.35,10858.7,441,441,433.1,433.75,NaN,NaN
1543549500,10892.1,10922.45,10835.1,10876.75,435.3,436.5,431.4,433.1,NaN,NaN
1543808700,10930.7,10941.2,10845.35,10883.75,434.5,447.5,434.5,441.6,NaN,NaN
1543895100,10877.1,10890.95,10833.35,10869.5,441.6,443.9,433.15,434.5,NaN,NaN
1543981500,10820.45,10821.05,10747.95,10782.9,435.5,437.65,432.1,437.2,NaN,NaN
1544067900,10718.15,10722.65,10588.25,10601.15,433.85,435.1,428.2,431.65,NaN,NaN
1544154300,10644.8,10704.55,10599.35,10693.7,432.45,439.4,432.25,438.45,NaN,NaN
1544413500,10508.7,10558.85,10474.95,10488.45,436.6,444.35,434.3,440.55,NaN,NaN
1544499900,10350.05,10567.15,10333.85,10549.15,442.5,447.8,437.1,446.2,NaN,NaN
1544586300,10591,10752.2,10560.8,10737.6,445.1,445.8,442.1,442.85,NaN,NaN
1544672700,10810.75,10838.6,10749.5,10791.55,444.1,447.2,441,441.3,NaN,NaN
1544759100,10784.5,10815.75,10752.1,10805.45,440,442.9,437.1,441.7,NaN,NaN
1545018300,10853.2,10900.35,10844.85,10888.35,440.45,440.8,434.05,438.8,NaN,NaN
1545104700,10850.9,10915.4,10819.1,10908.7,436,436,417.05,417.5,NaN,NaN
1545191100,10930.55,10985.15,10928,10967.3,418.35,425.55,417.75,424.7,NaN,NaN
1545277500,10885.2,10962.55,10880.05,10951.7,422.2,422.45,415.9,419.35,NaN,NaN
1545363900,10944.25,10963.65,10738.65,10754,419.9,422.7,416.85,417.35,NaN,NaN
1545623100,10780.9,10782.3,10649.25,10663.5,418.45,419.5,413.6,415.3,NaN,NaN
1545795900,10635.45,10747.5,10534.55,10729.85,413.65,424.4,411.8,421.05,NaN,NaN
1545882300,10817.9,10834.2,10764.45,10779.8,422,423.15,415.2,416.25,NaN,NaN
1545968700,10820.95,10893.6,10817.15,10859.9,419.5,424.7,416.6,417.3,NaN,NaN
1546227900,10913.2,10923.55,10853.2,10862.55,418.9,420.4,407,407.75,NaN,NaN
1546314300,10881.7,10923.6,10807.1,10910.1,409.95,409.95,406.8,407.7,NaN,NaN
1546400700,10868.85,10895.35,10735.05,10792.5,410,412.6,404.7,407.8,NaN,NaN
1546487100,10796.8,10814.05,10661.25,10672.25,408.6,410,397.4,400.3,NaN,NaN
1546573500,10699.7,10741.05,10628.65,10727.35,402.55,409.9,402,409.6,NaN,NaN
1546832700,10804.85,10835.95,10750.15,10771.8,409.2,411.8,406.65,409.75,NaN,NaN
1546919100,10786.25,10818.45,10733.25,10802.15,409.6,414.35,408.55,413.4,NaN,NaN
1547005500,10862.4,10870.4,10749.4,10855.15,415,421.2,414.55,417.25,NaN,NaN
1547091900,10859.35,10859.35,10801.8,10821.6,417.2,418.8,411.75,412.4,NaN,NaN
1547178300,10834.75,10850.15,10739.4,10794.95,415.05,417.8,412.85,415.9,NaN,NaN
1547437500,10807,10808,10692.35,10737.6,414,415.1,411.6,414.2,NaN,NaN
1547523900,10777.55,10896.95,10777.55,10886.8,415.7,419.5,415.7,416.5,NaN,NaN
1547610300,10899.65,10928.15,10876.9,10890.3,417.6,423.45,417.6,421.45,NaN,NaN
1547696700,10920.85,10930.65,10844.65,10905.2,422.95,424.35,419.35,423.25,NaN,NaN
1547783100,10914.85,10928.2,10852.2,10906.95,424.5,430.8,424.5,429.35,NaN,NaN
1548042300,10919.35,10987.45,10885.75,10961.85,428.45,429.6,422.35,422.65,NaN,NaN
1548128700,10949.8,10949.8,10864.15,10922.75,423.2,424.4,419.5,420.15,NaN,NaN
1548215100,10931.05,10944.8,10811.95,10831.5,420.6,423.15,418.65,419.25,NaN,NaN
1548301500,10844.05,10866.6,10798.65,10849.8,419.4,420.7,414.1,416.75,NaN,NaN
1548387900,10859.75,10931.7,10756.45,10780.55,418.45,428.9,417.85,428.5,NaN,NaN
1548647100,10792.45,10804.45,10630.95,10661.55,427.45,429.5,421.75,422.5,NaN,NaN
1548733500,10653.7,10690.35,10583.65,10652.2,424,431.35,423.45,430.75,NaN,NaN
1548819900,10702.25,10710.2,10612.85,10651.8,430.95,438.35,429.7,436.7,NaN,NaN
1548906300,10690.55,10838.05,10678.55,10830.95,436.25,439.9,435.5,437.6,NaN,NaN
1548992700,10851.35,10983.45,10813.45,10893.65,435.5,439.85,434.45,438.75,NaN,NaN
1549251900,10876.75,10927.9,10814.15,10912.25,438.4,444.5,437.2,444.05,NaN,NaN
1549338300,10908.65,10956.7,10886.7,10934.35,445,447.5,444.2,445.85,NaN,NaN
1549424700,10965.1,11072.6,10962.7,11062.45,447.3,451.35,446.55,449.15,NaN,NaN
1549511100,11070.45,11118.1,11043.6,11069.4,448.9,450.3,446.05,446.3,NaN,NaN
1549597500,11023.5,11041.2,10925.45,10943.6,445.15,447,442.3,442.7,NaN,NaN
1549856700,10930.9,10930.9,10857.1,10888.8,442.1,442.1,437.45,439.3,NaN,NaN
1549943100,10879.7,10910.9,10823.8,10831.4,439,439.6,430.65,432.6,NaN,NaN
1550029500,10870.55,10891.65,10772.1,10793.65,433.65,436.05,432.3,434.75,NaN,NaN
1550115900,10786.1,10792.7,10718.75,10746.05,434.6,440.3,433.5,435.05,NaN,NaN
1550202300,10780.25,10785.75,10620.4,10724.4,434.4,442.6,433.8,441.8,NaN,NaN
1550461500,10738.65,10759.9,10628.4,10640.95,443,448.9,443,447.75,NaN,NaN
1550547900,10636.7,10722.85,10585.65,10604.35,449.05,452.9,445.9,452.5,NaN,NaN
1550634300,10655.45,10752.7,10646.4,10735.45,453.5,458.25,451.25,458,NaN,NaN
1550720700,10744.1,10808.85,10721.5,10789.85,456.85,457.45,453.75,455.35,NaN,NaN
1550807100,10782.7,10801.55,10758.4,10791.65,454.85,463.35,454.85,462.35,NaN,NaN
1551066300,10813.25,10887.1,10788.05,10880.1,462.4,466.75,459.35,460.15,NaN,NaN
1551152700,10775.3,10888.75,10729.3,10835.3,459,463.35,459,460.7,NaN,NaN
1551239100,10881.2,10939.7,10751.2,10806.65,465.45,470.7,464.55,469.05,NaN,NaN
1551325500,10865.7,10865.7,10784.85,10792.5,469.85,469.9,463.4,463.75,NaN,NaN
1551411900,10842.65,10877.9,10823.1,10863.5,465,468.65,461.9,462.65,NaN,NaN
1551757500,10864.85,10994.9,10817,10987.45,462.4,462.65,459.1,460.35,NaN,NaN
1551843900,11024.85,11062.3,10998.85,11053,459.65,460.45,454.5,455,NaN,NaN
1551930300,11077.95,11089.05,11027.1,11058.2,455.1,455.1,451.5,454.1,NaN,NaN
1552016700,11038.85,11049,11008.95,11035.4,452.2,453.1,447.2,450.15,NaN,NaN
1552275900,11068.75,11180.9,11059.85,11168.05,451.9,451.9,448.1,450,NaN,NaN
1552362300,11231.35,11320.4,11227,11301.2,451.5,457.1,451.5,452.75,NaN,NaN
1552448700,11326.2,11352.3,11276.6,11341.7,452.95,455.75,450.2,452.8,NaN,NaN
1552535100,11382.5,11383.45,11313.75,11343.25,452.2,452.7,443.8,445.15,NaN,NaN
1552621500,11376.85,11487,11370.8,11426.85,446.45,449,443.5,445.55,NaN,NaN
1552880700,11473.85,11530.15,11412.5,11462.2,447.1,447.4,442.45,443.35,NaN,NaN
1552967100,11500.3,11543.85,11451.25,11532.4,444.5,450.4,442.4,447.8,NaN,NaN
1553053500,11553.35,11556.1,11503.1,11521.05,448.9,448.9,444.2,446.05,NaN,NaN
1553226300,11549.2,11572.8,11434.55,11456.9,443.2,444.75,436.35,437.45,NaN,NaN
1553485500,11395.65,11395.65,11311.6,11354.25,436,437.7,434.2,437.15,NaN,NaN
1553571900,11375.2,11496.75,11352.45,11483.25,436.1,439.15,435.2,438.25,NaN,NaN
1553658300,11531.45,11546.2,11413,11445.05,438.45,439.9,436.1,439.25,NaN,NaN
1553744700,11463.65,11588.5,11452.45,11570,438.3,443.5,437.75,441.4,NaN,NaN
1553831100,11625.45,11630.35,11570.15,11623.9,441.9,451.65,441.9,451.05,NaN,NaN
1554090300,11665.2,11738.1,11644.75,11669.15,452.7,455.2,447.3,449.25,NaN,NaN
1554176700,11711.55,11729.35,11655.85,11713.2,449.95,450.4,443.35,444.95,NaN,NaN
1554263100,11735.3,11761,11629.15,11643.95,445.7,448.65,444.1,447.15,NaN,NaN
1554349500,11660.2,11662.55,11559.2,11598,447.6,450.5,444.2,445.6,NaN,NaN
1554435900,11638.4,11689.65,11609.5,11665.95,445.6,447.8,442.35,443.25,NaN,NaN
1554695100,11704.35,11710.3,11549.1,11604.5,444.25,452.7,444.25,452.1,NaN,NaN
1554781500,11612.05,11683.9,11569.7,11671.95,453.2,455.45,449.6,449.85,NaN,NaN
1554867900,11646.85,11680.05,11571.75,11584.3,449,450.45,446.1,447.7,NaN,NaN
1554954300,11592.55,11606.7,11550.55,11596.7,446.85,446.85,440.85,441.6,NaN,NaN
1555040700,11612.85,11657.35,11578.8,11643.45,443.45,452,443.45,451.05,NaN,NaN
1555299900,11667,11704.6,11648.25,11690.35,449,451.05,447.55,450.5,NaN,NaN
1555386300,11736.2,11810.95,11731.55,11787.15,450.1,453.2,449.15,450.9,NaN,NaN
1555559100,11856.15,11856.15,11738.5,11752.8,453.6,453.7,445.85,448,NaN,NaN
1555904700,11727.05,11727.05,11583.95,11594.45,449.1,450.95,445.25,446.6,NaN,NaN
1555991100,11612.95,11645.95,11564.8,11575.95,446.05,449.2,443.75,446.3,NaN,NaN
1556077500,11601.5,11740.85,11578.85,11726.15,446,462.95,444.8,451,NaN,NaN
1556163900,11735.7,11796.75,11624.3,11641.8,450.9,450.9,444.05,444.4,NaN,NaN
1556250300,11683.75,11762.9,11661.75,11754.65,450.1,452.9,448.6,450.35,NaN,NaN
1556595900,11748.75,11756.25,11655.9,11748.15,449.8,453,448.05,450.3,NaN,NaN
1556768700,11725.55,11789.3,11699.55,11724.75,434.25,435.45,428.25,430.5,NaN,NaN
1556855100,11722.6,11770.9,11699.35,11712.25,431.9,435.55,428.15,434.35,NaN,NaN
1557114300,11605.8,11632.55,11571.35,11598.25,432.1,438.7,429.1,438.3,NaN,NaN
1557200700,11651.5,11657.05,11484.45,11497.9,437.25,437.9,429.35,430.4,NaN,NaN
1557287100,11478.7,11479.1,11346.95,11359.45,432.3,434.85,428.1,429.9,NaN,NaN
1557373500,11322.4,11357.6,11255.05,11301.8,429.6,432.9,426.3,432.2,NaN,NaN
1557459900,11314.15,11345.8,11251.05,11278.9,432.6,433.7,429.55,432.15,NaN,NaN
1557719100,11258.7,11300.2,11125.6,11148.2,429.5,430.4,425.75,426.85,NaN,NaN
1557805500,11151.65,11294.75,11108.3,11222.05,428,428.85,424.75,426.35,NaN,NaN
1557891900,11271.7,11286.8,11136.95,11157,427.85,429.6,425,428.8,NaN,NaN
1557978300,11180.35,11281.55,11143.35,11257.1,427.95,432.4,427.5,428.4,NaN,NaN
1558064700,11261.9,11426.15,11259.85,11407.15,427.4,428.8,424.3,428.25,NaN,NaN
1558323900,11651.9,11845.2,11591.7,11828.25,425.4,425.4,419.65,422.45,NaN,NaN
1558410300,11863.65,11883.55,11682.8,11709.1,423.75,424.65,419.35,419.95,NaN,NaN
1558496700,11727.95,11784.8,11682.4,11737.9,420.55,420.55,413.6,414.15,NaN,NaN
1558583100,11901.3,12041.15,11614.5,11657.05,413,416.25,410.6,415.45,NaN,NaN
1558669500,11748,11859,11658.1,11844.1,415.5,417.7,414.75,415.45,NaN,NaN
1558928700,11855.5,11957.15,11812.4,11924.75,416.15,418.75,416.15,418.35,NaN,NaN
1559015100,11958.35,11958.55,11864.9,11928.75,418.8,419.3,415.6,416.8,NaN,NaN
1559101500,11905.8,11931.9,11836.8,11861.1,415.95,416.45,411.85,413.2,NaN,NaN
1559187900,11865.3,11968.55,11859.4,11945.9,412.15,412.6,408.5,409.9,NaN,NaN
1559274300,11999.8,12039.25,11829.45,11922.8,410.3,411,406.5,406.95,NaN,NaN
1559533500,11953.75,12103.05,11920.1,12088.55,406.8,407.55,403.6,406.85,NaN,NaN
1559619900,12052.65,12095.2,12005.85,12021.65,406.5,410.8,405.2,410.55,NaN,NaN
1559792700,12039.8,12039.8,11830.25,11843.75,404.05,406.5,403.1,406,NaN,NaN
1559879100,11865.2,11897.5,11769.5,11870.65,406.55,408.85,399.55,402.9,NaN,NaN
1560138300,11934.9,11975.05,11871.75,11922.7,405.2,410.6,405,410.35,NaN,NaN
1560224700,11959.85,12000.35,11904.35,11965.6,410.7,415.3,409.5,410.2,NaN,NaN
1560311100,11962.45,11962.45,11866.35,11906.2,410.15,410.15,405.3,407.35,NaN,NaN
1560397500,11873.9,11931.35,11817.05,11914.05,406,409.5,404.6,409.1,NaN,NaN
1560483900,11910.1,11911.85,11797.7,11823.3,409.1,409.3,406.1,406.45,NaN,NaN
1560743100,11844,11844.05,11657.75,11672.15,406.85,410.2,405.2,409.85,NaN,NaN
1560829500,11677.05,11727.2,11641.15,11691.5,409.6,417.1,408.5,415.75,NaN,NaN
1560915900,11744.45,11802.5,11625.1,11691.45,415.7,417.25,412.2,412.45,NaN,NaN
1561002300,11653.65,11843.5,11635.05,11831.75,413.9,419.9,413.9,416.8,NaN,NaN
1561088700,11827.6,11827.95,11705.1,11724.1,418.1,418.7,413.7,415.65,NaN,NaN
1561347900,11725.8,11754,11670.2,11699.65,443.65,444.45,440.2,441.95,NaN,NaN
1561434300,11681,11814.4,11651,11796.45,441.2,446.5,441.05,444.05,NaN,NaN
1561520700,11768.15,11871.85,11757.55,11847.55,444.05,445.8,441,442.65,NaN,NaN
1561607100,11860.85,11911.15,11821.05,11841.55,443.4,445.4,440.25,444.75,NaN,NaN
1561693500,11861.15,11871.7,11775.5,11788.85,444.75,447,442.1,446.45,NaN,NaN
1561952700,11839.9,11884.65,11830.8,11865.6,447,453,442,442.75,NaN,NaN
1562039100,11890.3,11917.45,11814.7,11910.3,444,444.3,438.85,439.35,NaN,NaN
1562125500,11932.15,11945.2,11887.05,11916.75,440,442.5,436.25,441.8,NaN,NaN
1562211900,11928.8,11969.25,11923.65,11946.75,441,441,438.8,439.65,NaN,NaN
1562298300,11964.75,11981.75,11797.9,11811.15,440.4,440.4,436.4,438.5,NaN,NaN
1562557500,11770.4,11771.9,11523.3,11558.6,437,442,436,437.7,NaN,NaN
1562643900,11531.6,11582.55,11461,11555.9,437.3,437.45,431.2,432.55,NaN,NaN
1562730300,11536.15,11593.7,11475.65,11498.9,433,442.95,433,442.4,NaN,NaN
1562816700,11561.45,11599,11519.5,11582.9,441.5,442.2,439.15,441.25,NaN,NaN
1562903100,11601.15,11639.55,11538.6,11552.5,441.6,444.8,440.5,443.15,NaN,NaN
1563162300,11614.75,11618.4,11532.3,11588.35,444.2,446.2,443.25,445.45,NaN,NaN
1563248700,11596.65,11670.05,11573.95,11662.6,445.4,448.85,443.15,443.75,NaN,NaN
1563335100,11670.75,11706.65,11651.15,11687.5,444.3,447.2,442.45,446.75,NaN,NaN
1563421500,11675.6,11677.15,11582.4,11596.9,445.95,448.5,445.7,447.55,NaN,NaN
1563507900,11627.95,11640.35,11399.3,11419.25,448.9,461.6,448.9,456.5,NaN,NaN
1563767100,11392.85,11398.15,11301.25,11346.2,456.8,458.85,454.45,455.05,NaN,NaN
1563853500,11372.25,11398.15,11302.8,11331.05,455.8,455.8,450.2,451.2,NaN,NaN
1563939900,11322.45,11359.75,11229.8,11271.3,450.6,453.25,450.25,451.95,NaN,NaN
1564026300,11290.4,11361.4,11239.35,11252.15,450,454.4,448.5,450.75,NaN,NaN
1564112700,11247.45,11307.6,11210.05,11284.3,451,451.5,446.5,446.8,NaN,NaN
1564371900,11307.5,11310.95,11152.4,11189.2,447.4,464.65,445.1,450.3,NaN,NaN
1564458300,11213.7,11267.45,11072.65,11085.4,450.3,451.75,445.1,445.45,NaN,NaN
1564544700,11034.05,11145.3,10999.4,11118,446,447.7,443.2,444.15,NaN,NaN
1564631100,11060.2,11076.75,10881,10980,444.45,444.9,438.8,440,NaN,NaN
1564717500,10930.3,11080.15,10848.95,10997.35,438.2,440.5,432.55,433.25,NaN,NaN
1564976700,10895.8,10895.8,10782.6,10862.6,432.3,438.85,432.3,437.75,NaN,NaN
1565063100,10815.4,11018.55,10813.8,10948.25,438.25,440.3,436.5,439.65,NaN,NaN
1565149500,10958.1,10975.65,10835.9,10855.5,438.1,443.4,435.65,442.8,NaN,NaN
1565235900,10899.2,11058.05,10842.95,11032.45,440,444.8,438.25,442.75,NaN,NaN
1565322300,11087.9,11181.45,11062.8,11109.65,442.45,446.8,441.3,445,NaN,NaN
1565667900,11139.4,11145.9,10901.6,10925.85,444.6,451.3,443.75,450.35,NaN,NaN
1565754300,11003.25,11078.15,10935.6,11029.4,449.35,450.25,446.2,448.3,NaN,NaN
1565927100,11043.65,11068.65,10924.3,11047.8,448.5,448.5,445,446,NaN,NaN
1566186300,11094.8,11146.9,11037.85,11053.9,446.65,451.25,445.55,450.15,NaN,NaN
1566272700,11063.9,11076.3,10985.3,11017,449.15,450.35,445.15,445.5,NaN,NaN
1566359100,11018.15,11034.2,10906.65,10918.7,447.85,447.85,445.25,445.9,NaN,NaN
1566445500,10905.3,10908.25,10718.3,10741.35,447.6,447.6,443.65,444.9,NaN,NaN
1566531900,10699.6,10862.55,10637.15,10829.35,446.3,446.4,439.5,440.05,NaN,NaN
1566791100,11000.3,11070.3,10756.55,11057.85,438.6,444.75,438.5,442.95,NaN,NaN
1566877500,11106.55,11141.75,11049.5,11105.35,442.9,444.9,440.8,442.8,NaN,NaN
1566963900,11101.3,11129.65,10987.65,11046.1,442.8,446.2,442.7,445.75,NaN,NaN
1567050300,10996.05,11021.1,10922.4,10948.3,445.05,447.9,444.15,444.95,NaN,NaN
1567136700,10987.8,11042.6,10874.8,11023.25,447,447,441,441.65,NaN,NaN
1567482300,10960.95,10967.5,10772.7,10797.9,441,442.8,435.65,440.5,NaN,NaN
1567568700,10790.4,10858.75,10746.35,10844.65,441.45,449.9,441.45,449.4,NaN,NaN
1567655100,10860.95,10920.1,10816,10847.9,449.4,456.2,447.5,455.45,NaN,NaN
1567741500,10883.8,10957.05,10867.45,10946.2,454.4,455.9,451.4,453.35,NaN,NaN
1568000700,10936.7,11028.85,10889.8,11003.05,452.75,453.85,450.35,453.3,NaN,NaN
1568173500,11028.5,11054.8,11011.65,11035.7,453.1,455.4,449.55,450.45,NaN,NaN
1568259900,11058.3,11081.75,10964.95,10982.8,451.9,456.95,445.2,452.85,NaN,NaN
1568346300,10986.8,11084.45,10945.75,11075.9,453.85,460.3,452.7,459.95,NaN,NaN
1568605500,10994.85,11052.7,10968.2,11003.5,457.3,459.95,455.05,455.95,NaN,NaN
1568691900,11000.1,11000.1,10796.5,10817.6,456,456,450.2,451.55,NaN,NaN
1568778300,10872.8,10885.15,10804.85,10840.65,453.05,453.4,446.5,446.9,NaN,NaN
1568864700,10845.2,10845.2,10670.25,10704.8,447.9,448.95,445.65,447.55,NaN,NaN
1568951100,10746.8,11381.9,10691,11274.2,448.85,448.9,442.5,443.4,NaN,NaN
1569210300,11542.7,11694.85,11471.35,11600.2,445.45,445.45,439.4,443.65,NaN,NaN
1569296700,11590.7,11655.05,11539.2,11588.2,447.2,448.8,445.3,446.85,NaN,NaN
1569383100,11564.85,11564.95,11416.1,11440.2,446.8,447.95,444.2,447.35,NaN,NaN
1569469500,11469.85,11610.85,11466.35,11571.2,446.65,447.6,441.05,441.35,NaN,NaN
1569555900,11556.35,11593.6,11499.75,11512.4,442.45,443.3,439.65,441.75,NaN,NaN
1569815100,11491.15,11508.25,11390.8,11474.45,442.5,444.4,437.65,438.05,NaN,NaN
1569901500,11515.4,11554.2,11247.9,11359.9,437,439.2,431.7,438.8,NaN,NaN
1570074300,11322.25,11370.4,11257.35,11314,440,441.75,432.7,436.05,NaN,NaN
1570160700,11388.45,11400.3,11158.35,11174.75,435,436.9,431.8,435.8,NaN,NaN
1570419900,11196.2,11233.85,11112.65,11126.4,436.5,439.85,435.5,438.9,NaN,NaN
1570592700,11152.95,11321.6,11090.15,11313.3,438.7,438.7,436.35,437.35,NaN,NaN
1570679100,11280.5,11293.35,11208.55,11234.55,436.4,441.95,436.4,441.55,NaN,NaN
1570765500,11257.7,11362.9,11189.4,11305.05,441.55,443.45,440.45,443.15,NaN,NaN
1571024700,11335.9,11420.45,11290.05,11341.15,442.65,444.8,440.15,444.4,NaN,NaN
1571111100,11360.85,11462.35,11342.1,11428.3,444.1,444.3,442.1,442.55,NaN,NaN
1571197500,11464.95,11481.05,11411.1,11464,442.2,442.4,437.4,437.85,NaN,NaN
1571283900,11466.3,11599.1,11439.65,11586.35,437.65,439.85,436.15,437.65,NaN,NaN
1571370300,11580.3,11684.7,11553.15,11661.85,437.5,441,436.6,440.6,NaN,NaN
1571715900,11657.15,11714.35,11573.65,11588.35,440.85,441,438.55,438.9,NaN,NaN
1571802300,11596.2,11651.6,11554.4,11604.1,442.4,445.45,441.75,445.1,NaN,NaN
1571888700,11661.65,11679.6,11534.65,11582.6,445.5,446.55,443.6,444.3,NaN,NaN
1571975100,11646.15,11646.9,11490.75,11583.9,443.6,445,442.1,443,NaN,NaN
1572179400,11662.25,11672.4,11604.6,11627.15,NaN,NaN,NaN,NaN,NaN,NaN
1572320700,11643.95,11809.4,11627.35,11786.85,442,444,440.55,443.5,NaN,NaN
1572407100,11883.9,11883.95,11784.45,11844.1,443,444.8,442.6,443.8,NaN,NaN
1572493500,11890.45,11945,11855.1,11877.45,443.95,443.95,437.5,437.95,NaN,NaN
1572579900,11886.6,11918.3,11843.35,11890.6,439.5,440,436.8,438.45,NaN,NaN
1572839100,11928.9,11989.15,11905.35,11941.3,439.5,442,438.5,441.6,NaN,NaN
1572925500,11974.6,11978.95,11861.9,11917.2,441.85,444.8,440.85,444.25,NaN,NaN
1573011900,11911.5,12002.9,11850.25,11966.05,443.3,445.4,440.5,440.9,NaN,NaN
1573098300,12021.1,12021.4,11946.85,12012.05,441.45,446.2,440.65,445.7,NaN,NaN
1573184700,11987.15,12034.15,11888.75,11908.15,444.5,445.55,442.05,442.4,NaN,NaN
1573443900,11879.2,11932.65,11853.95,11913.45,442.1,442.75,440.1,440.7,NaN,NaN
1573616700,11908.3,11946.8,11823.2,11840.45,439.25,440.7,438.3,440.2,NaN,NaN
1573703100,11858.75,11895.65,11802.65,11872.1,440.8,441.4,437,437.5,NaN,NaN
1573789500,11904.2,11973.65,11879.25,11895.45,438,439.5,437.2,437.7,NaN,NaN
1574048700,11915.15,11946.2,11867.6,11884.5,438.45,439.2,436.1,436.35,NaN,NaN
1574135100,11919.45,11958.85,11881.75,11940.1,437.8,438.25,435.55,437.75,NaN,NaN
1574221500,12004.75,12038.6,11966.05,11999.1,437.25,437.5,435.05,435.45,NaN,NaN
1574307900,12025.65,12028.2,11956.9,11968.4,435.15,435.15,430.6,431,NaN,NaN
1574394300,11967.3,11968.1,11883.5,11914.4,431.4,431.4,429.35,430.1,NaN,NaN
1574653500,11922.45,12084.5,11919.75,12073.75,437.1,437.5,433.55,434.05,NaN,NaN
1574739900,12110.2,12132.45,12006.35,12037.7,433.7,436.95,432.05,436.55,NaN,NaN
1574826300,12068.5,12114.9,12055.15,12100.7,435.75,437.4,434.7,435.2,NaN,NaN
1574912700,12132.1,12158.8,12099.95,12151.15,434.55,435.4,433.5,433.9,NaN,NaN
1574999100,12146.2,12147.4,12017.4,12056.05,433.7,435,432,432.6,NaN,NaN
1575258300,12137.05,12137.15,12023.7,12048.2,433.5,435,431.45,432.1,NaN,NaN
1575344700,12067.65,12068.6,11956.4,11994.2,432.4,432.6,428.2,428.35,NaN,NaN
1575431100,11969.95,12054.7,11935.3,12043.2,429.3,432.5,427.7,431.1,NaN,NaN
1575517500,12071.25,12081.2,11998.75,12018.4,430.85,432.4,429.8,430.6,NaN,NaN
1575603900,12047.35,12057.05,11888.85,11921.5,430.85,438.75,430.75,438.1,NaN,NaN
1575863100,11939.1,11981.95,11888.05,11937.5,438,440.4,436.1,439.5,NaN,NaN
1575949500,11950.5,11953.2,11844.7,11856.8,438.25,439.8,437.5,439.15,NaN,NaN
1576035900,11867.35,11923.2,11832.3,11910.15,438.95,442.75,438.55,442.05,NaN,NaN
1576122300,11944.3,12005.5,11934,11971.8,441.8,442.95,439,441.95,NaN,NaN
1576208700,12026.4,12098.85,12023.6,12086.7,442.8,445.4,438.75,440,NaN,NaN
1576467900,12131.35,12134.65,12046.3,12053.95,441.15,443.45,440.9,442.95,NaN,NaN
1576554300,12082.45,12182.75,12070.35,12165,442.6,444.4,442.35,443.75,NaN,NaN
1576640700,12197,12237.7,12163.45,12221.65,443.6,444.15,441,443.7,NaN,NaN
1576727100,12223.4,12268.35,12191.15,12259.7,442.6,446.05,441.7,445.7,NaN,NaN
1576813500,12266.45,12293.9,12252.75,12271.8,445.5,445.5,441.5,442.1,NaN,NaN
1577072700,12235.45,12287.15,12213.25,12262.75,441.4,442,440.1,441.25,NaN,NaN
1577159100,12269.25,12283.7,12202.1,12214.55,446.05,446.7,443.35,444.25,NaN,NaN
1577331900,12211.85,12221.55,12118.85,12126.55,444.15,446,444.05,444.9,NaN,NaN
1577418300,12172.9,12258.45,12157.9,12245.8,444.9,445.7,444.1,444.85,NaN,NaN
1577677500,12274.9,12286.45,12213.8,12255.85,444.25,445.9,443.55,444.45,NaN,NaN
1577763900,12247.1,12247.1,12151.8,12168.45,444.1,444.2,440.85,441.25,NaN,NaN
1577850300,12202.15,12222.2,12165.3,12182.5,441.6,441.6,438.3,440.8,NaN,NaN
1577936700,12198.55,12289.9,12195.25,12282.2,443.4,444.4,441.25,443.8,NaN,NaN
1578023100,12261.1,12265.6,12191.35,12226.65,442.85,444.15,439,441.8,NaN,NaN
1578282300,12170.6,12179.1,11974.2,11993.05,443.5,446.95,441.2,446.3,NaN,NaN
1578368700,12079.1,12152.15,12005.35,12052.95,446,449.6,446,449.1,NaN,NaN
1578455100,11939.1,12044.95,11929.6,12025.35,449.5,452.25,449.15,451.85,NaN,NaN
1578541500,12153.15,12224.05,12132.55,12215.9,451.65,453.45,449.4,449.95,NaN,NaN
1578627900,12271,12311.2,12213.2,12256.8,450.5,451.6,446.6,447.4,NaN,NaN
1578887100,12296.7,12337.75,12285.8,12329.55,447.05,451.45,447.05,450.85,NaN,NaN
1578973500,12333.1,12374.25,12308.7,12362.3,450.8,459.4,449.8,453.85,NaN,NaN
1579059900,12349.4,12355.15,12278.75,12343.3,452.95,455.9,450.5,455.25,NaN,NaN
1579146300,12347.1,12389.05,12315.8,12355.5,454.25,456.7,451.25,452.25,NaN,NaN
1579232700,12328.4,12385.45,12321.4,12352.35,452.25,455.5,452.25,454.6,NaN,NaN
1579491900,12430.5,12430.5,12216.9,12224.55,455.7,456.55,454.6,455.45,NaN,NaN
1579578300,12195.3,12230.05,12162.3,12169.85,454.25,454.25,450.2,452.55,NaN,NaN
1579664700,12218.35,12225.05,12087.9,12106.9,452.85,454.2,450.85,452.35,NaN,NaN
1579751100,12123.75,12189,12094.1,12180.35,452.2,452.75,445.2,445.7,NaN,NaN
1579837500,12174.55,12272.15,12149.65,12248.25,445.15,446.1,437.4,438.65,NaN,NaN
1580096700,12197.1,12216.6,12107,12119,436.5,436.5,426.8,427.95,NaN,NaN
1580183100,12148.1,12163.55,12024.5,12055.8,427.15,436.9,426.45,432.85,NaN,NaN
1580269500,12114.9,12169.6,12103.8,12129.5,434.4,434.9,429.1,429.4,NaN,NaN
1580355900,12147.75,12150.3,12010.6,12035.8,428.75,429.35,425.9,426.5,NaN,NaN
1580442300,12100.4,12103.55,11945.85,11962.1,427.9,429.4,426.15,427.25,NaN,NaN
1580528700,11939,12017.35,11633.3,11661.85,NaN,NaN,NaN,NaN,NaN,NaN
1580701500,11627.45,11749.85,11614.5,11707.9,427.7,430.2,420.6,421.75,NaN,NaN
1580787900,11786.25,11986.15,11783.4,11979.65,424.7,429.8,424.7,428.6,NaN,NaN
1580874300,12005.85,12098.15,11953.35,12089.15,429.5,436.4,429.5,434.5,NaN,NaN
1580960700,12120,12160.6,12084.65,12137.95,435.5,439.45,433.4,435.5,NaN,NaN
1581047100,12151.15,12154.7,12073.95,12098.35,433.5,434.95,430.35,430.9,NaN,NaN
1581306300,12102.35,12103.55,11990.75,12031.5,432.9,433,428.3,429.05,NaN,NaN
1581392700,12108.4,12172.3,12099,12107.9,431.2,434.9,431.2,433.75,NaN,NaN
1581479100,12151,12231.75,12144.3,12201.2,434.75,435.6,433.25,435.25,NaN,NaN
1581565500,12219.55,12225.65,12139.8,12174.65,434.6,436,432.2,435.6,NaN,NaN
1581651900,12190.15,12246.7,12091.2,12113.45,435,435.6,433.3,433.95,NaN,NaN
1581911100,12131.8,12159.6,12037,12045.8,436.35,436.85,434.8,435.4,NaN,NaN
1581997500,12028.25,12030.75,11908.05,11992.5,434.2,434.35,430.55,431.6,NaN,NaN
1582083900,12090.6,12134.7,12042.1,12125.9,432,433.95,428.5,431.3,NaN,NaN
1582170300,12119,12152,12071.45,12080.85,431.3,431.85,429.1,430.15,NaN,NaN
1582515900,12012.55,12012.55,11813.4,11829.4,432.75,433.3,426.55,427.45,NaN,NaN
1582602300,11877.5,11883.05,11779.9,11797.9,427.4,430.3,420.7,427.85,NaN,NaN
1582688700,11738.55,11783.25,11639.6,11678.5,428,428,421.15,425.1,NaN,NaN
1582775100,11661.25,11663.85,11536.7,11633.3,425,425,416.5,422.45,NaN,NaN
1582861500,11382,11384.8,11175.05,11201.75,419.85,424.15,415.3,421.85,NaN,NaN
1583120700,11387.35,11433,11036.25,11132.75,424.8,429.5,422,429,NaN,NaN
1583207100,11217.55,11342.25,11152.55,11303.3,428.9,431.95,422.4,425.65,NaN,NaN
1583293500,11351.35,11356.6,11082.15,11251,427,429.9,426.6,428.55,NaN,NaN
1583379900,11306.05,11389.5,11244.6,11269,430.05,431.8,427.2,431,NaN,NaN
1583466300,10942.65,11035.1,10827.4,10989.45,429.15,434,428.3,433.55,NaN,NaN
1583725500,10742.05,10751.55,10294.45,10451.45,430,430,418.3,428.35,NaN,NaN
1583898300,10334.3,10545.1,10334,10458.4,430,430,424.05,425.5,NaN,NaN
1583984700,10039.95,10040.75,9508,9590.1504,422.5,424.4,415.65,422.1,NaN,NaN
1584071100,9107.5996,10159.4,8555.1504,9955.2002,415.65,427.7,413.65,421.8,NaN,NaN
1584330300,9587.7998,9602.2002,9165.0996,9197.4004,419.15,419.15,404.4,412.45,NaN,NaN
1584416700,9285.4004,9403.7998,8915.5996,8967.0498,413.6,414.05,406.2,408.1,NaN,NaN
1584503100,9088.4502,9127.5498,8407.0498,8468.7998,409,409.4,379.7,381.75,NaN,NaN
1584589500,8063.2998,8575.4502,7832.5498,8263.4502,366.5,378.55,335.95,374.8,NaN,NaN
1584675900,8284.4502,8883,8178.2002,8745.4502,369,387,363.25,372.75,NaN,NaN
1584935100,7945.7002,8159.25,7583.6001,7610.25,359.3,364,352.05,360.45,NaN,NaN
1585021500,7848.2998,8036.9502,7511.1001,7801.0498,362.65,369.9,361.7,367.75,NaN,NaN
1585107900,7735.1499,8376.75,7714.75,8317.8496,371.6,378,370.85,376.75,NaN,NaN
1585194300,8451,8749.0498,8304.9004,8641.4502,375.05,376,371.2,374.95,NaN,NaN
1585280700,8949.0996,9038.9004,8522.9004,8660.25,376.95,378.7,374.1,375.25,NaN,NaN
1585539900,8385.9502,8576,8244,8281.0996,370.7,374.55,370.3,372.25,NaN,NaN
1585626300,8529.3496,8678.2998,8358,8597.75,375,381,375,377.55,NaN,NaN
1585712700,8584.0996,8588.0996,8198.3496,8253.7998,381,382.5,374.65,376.5,NaN,NaN
1585885500,8356.5498,8356.5498,8055.7998,8083.7998,380.8,381,376.55,380.1,NaN,NaN
1586231100,8446.2998,8819.4004,8360.9502,8792.2002,384.35,393.6,384.35,392,NaN,NaN
1586317500,8688.9004,9131.7002,8653.9004,8748.75,388.7,389.8,387.1,388.85,NaN,NaN
1586403900,8973.0498,9128.3496,8904.5498,9111.9004,392.75,392.8,390.1,391.85,NaN,NaN
1586749500,9103.9502,9112.0498,8912.4004,8993.8496,397,400.75,396.95,400.15,NaN,NaN
1586922300,9196.4004,9261.2002,8874.0996,8925.2998,399.1,399.2,392.85,393.75,NaN,NaN
1587008700,8851.25,9053.75,8821.9004,8992.7998,394.85,398.65,394.85,397.95,NaN,NaN
1587095100,9323.4502,9324,9091.3496,9266.75,402,404.4,401.6,402.5,NaN,NaN
1587354300,9390.2002,9390.8496,9230.7998,9261.8496,405.5,405.95,400.05,400.95,NaN,NaN
1587440700,9016.9502,9044.4004,8909.4004,8981.4502,395.25,395.25,376.9,383.05,NaN,NaN
1587527100,9026.75,9209.75,8946.25,9187.2998,384,406,373.7,394.95,NaN,NaN
1587613500,9232.3496,9343.5996,9170.1504,9313.9004,395.1,401.5,395.1,398.6,NaN,NaN
1587699900,9163.9004,9296.9004,9141.2998,9154.4004,401,408,399.25,405.75,NaN,NaN
1587959100,9259.7002,9377.0996,9250.3496,9282.2998,408.6,411.5,402.7,405.95,NaN,NaN
1588045500,9389.7998,9404.4004,9260,9380.9004,403.95,408.5,402.8,407.7,NaN,NaN
1588131900,9408.5996,9599.8496,9392.3496,9553.3496,407.5,409.8,406.4,408,NaN,NaN
1588218300,9753.5,9889.0498,9731.5,9859.9004,409,409.25,402.1,403.45,NaN,NaN
1588563900,9533.5,9533.5,9266.9502,9293.5,398.55,399.5,395.3,398.25,NaN,NaN
1588650300,9429.4004,9450.9004,9190.75,9205.5996,401.65,403.1,397.3,402.3,NaN,NaN
1588736700,9226.7998,9346.9004,9116.5,9270.9004,403.35,404.95,402.5,404.3,NaN,NaN
1588823100,9234.0498,9277.8496,9175.9004,9199.0498,404.1,407.35,403.15,406.8,NaN,NaN
1588909500,9376.9502,9382.6504,9238.2002,9251.5,408,409.7,407.05,407.65,NaN,NaN
1589168700,9348.1504,9439.9004,9219.9502,9239.2002,408.8,409.65,405.5,406.7,NaN,NaN
1589255100,9168.8496,9240.8496,9043.9502,9196.5498,406.65,407.15,401.2,401.75,NaN,NaN
1589341500,9584.2002,9584.5,9351.0996,9383.5498,401.65,404.7,398.3,401.65,NaN,NaN
1589427900,9213.9502,9281.0996,9119.75,9142.75,401.65,403.15,398.6,402.25,NaN,NaN
1589514300,9182.4004,9182.4004,9050,9136.8496,403,404.85,400.45,401.05,NaN,NaN
1589773500,9158.2998,9158.2998,8806.75,8823.25,404.3,412.2,404,410.8,NaN,NaN
1589859900,8961.7002,9030.3496,8855.2998,8879.0996,410.25,413.3,409.1,411.15,NaN,NaN
1589946300,8889.1504,9093.7998,8875.3496,9066.5498,411,417.2,410.4,416.55,NaN,NaN
1590032700,9079.4502,9178.5498,9056.0996,9106.25,415,418.25,411.2,411.75,NaN,NaN
1590119100,9067.9004,9149.5996,8968.5498,9039.25,413.9,413.9,410.2,412.45,NaN,NaN
1590464700,9099.75,9161.6504,8996.6504,9029.0498,414.8,417.25,414.45,415.55,NaN,NaN
1590551100,9082.2002,9334,9004.25,9314.9502,412.55,415,409.35,411.45,NaN,NaN
1590637500,9364.9502,9511.25,9336.5,9490.0996,413.3,416.4,410.7,415.75,NaN,NaN
1590723900,9422.2002,9598.8496,9376.9004,9580.2998,413.25,416.9,412.5,416.2,NaN,NaN
1590983100,9726.8496,9931.5996,9706.9502,9826.1504,417,422.85,416.25,422.4,NaN,NaN
1591069500,9880.8496,9995.5996,9824.0498,9979.0996,420.35,423.4,420.15,422.8,NaN,NaN
1591155900,10108.3,10176.2,10035.55,10061.55,421.7,424.8,420.5,423.2,NaN,NaN
1591242300,10054.25,10123.85,9944.25,10029.1,421.35,424.5,419.6,423.65,NaN,NaN
1591328700,10093.8,10177.8,10040.75,10142.15,423.25,435.5,423,433.5,NaN,NaN
1591587900,10326.75,10328.5,10120.25,10167.45,431.6,436.8,431.2,435.75,NaN,NaN
1591674300,10181.15,10291.15,10021.45,10046.65,436.8,440.1,435.1,439.7,NaN,NaN
1591760700,10072.6,10148.75,10036.85,10116.15,440,451.2,440,450.65,NaN,NaN
1591847100,10094.1,10112.05,9885.0498,9902,447.7,449.2,441.55,442.05,NaN,NaN
1591933500,9544.9502,9996.0498,9544.3496,9972.9004,442.55,445.9,440.5,443.3,NaN,NaN
1592192700,9919.3496,9943.3496,9726.3496,9813.7002,441.1,441.1,435.5,439.1,NaN,NaN
1592279100,10014.8,10046.15,9728.5,9914,441,445.9,437,442.75,NaN,NaN
1592365500,9876.7002,10003.6,9833.7998,9881.1504,441.25,445.5,438.6,445.25,NaN,NaN
1592451900,9863.25,10111.2,9845.0498,10091.65,444.8,447.75,441.1,445.7,NaN,NaN
1592538300,10119,10272.4,10072.65,10244.4,446.05,451.4,445.5,447.8,NaN,NaN
1592797500,10318.75,10393.65,10277.6,10311.2,448,450.35,446.4,449.25,NaN,NaN
1592883900,10347.95,10484.7,10301.75,10471,448.5,449.5,447.05,448.65,NaN,NaN
1592970300,10529.25,10553.15,10281.95,10305.3,454.15,456.2,450.5,452.1,NaN,NaN
1593056700,10235.55,10361.8,10194.5,10288.9,451.6,456,450.1,455.45,NaN,NaN
1593143100,10378.9,10409.85,10311.25,10383,455.05,460.9,452.3,457.65,NaN,NaN
1593402300,10311.95,10337.95,10223.6,10312.4,459,460,457.5,458.95,NaN,NaN
1593488700,10382.6,10401.05,10267.35,10302.1,459.3,464.9,459.3,464.7,NaN,NaN
1593575100,10323.8,10447.05,10299.6,10430.05,465.3,468,461.8,465.4,NaN,NaN
1593661500,10493.05,10598.2,10485.55,10551.7,467.2,469.4,462.4,464.6,NaN,NaN
1593747900,10614.95,10631.3,10562.65,10607.35,462,462.75,458.6,459.1,NaN,NaN
1594007100,10723.85,10811.4,10695.1,10763.65,461.35,470.5,460.05,469.75,NaN,NaN
1594093500,10802.85,10813.8,10689.7,10799.65,470,475.45,466.8,475.15,NaN,NaN
1594179900,10818.65,10847.85,10676.55,10705.75,475.3,480,473.5,479.7,NaN,NaN
1594266300,10755.55,10836.85,10733,10813.45,483.1,487.8,481.5,484.2,NaN,NaN
1594352700,10764.1,10819.4,10713,10768.05,483.75,495.25,481.55,494.15,NaN,NaN
1594611900,10851.85,10894.05,10756.05,10802.7,497.8,509.25,497.8,504.4,NaN,NaN
1594698300,10750.85,10755.65,10562.9,10607.35,503,503.9,497.45,502.25,NaN,NaN
1594784700,10701,10827.45,10577.75,10618.2,502.7,504.85,495.75,496.8,NaN,NaN
1594871100,10706.2,10755.3,10595.2,10739.95,494.05,500.5,492.7,499.85,NaN,NaN
1594957500,10752,10933.45,10749.65,10901.7,500.1,501.95,497.25,500.3,NaN,NaN
1595216700,10999.45,11037.9,10953,11022.2,499,505.9,498.05,502.5,NaN,NaN
1595303100,11126.1,11179.55,11113.25,11162.25,503.6,509.5,503.6,508.95,NaN,NaN
1595389500,11231.2,11238.1,11056.55,11132.6,509.5,513.15,504.15,507.35,NaN,NaN
1595475900,11135,11239.8,11103.15,11215.45,506.5,513.5,505.5,512.6,NaN,NaN
1595562300,11149.95,11225.4,11090.3,11194.15,509,512,505.75,508.8,NaN,NaN
1595821500,11225,11225,11087.85,11131.8,504.8,506,502.35,504.9,NaN,NaN
1595907900,11154.1,11317.75,11151.4,11300.55,506.3,509.6,502.4,508.45,NaN,NaN
1595994300,11276.9,11341.4,11149.75,11202.85,507.4,510.65,506.2,509.65,NaN,NaN
1596080700,11254.3,11299.95,11084.95,11102.15,509.5,510.65,503.5,507.5,NaN,NaN
1596167100,11139.5,11150.4,11026.65,11073.45,508.5,509.8,500.15,500.75,NaN,NaN
1596426300,11057.55,11058.05,10882.25,10891.6,500.15,511.9,499.2,510.1,NaN,NaN
1596512700,10946.65,11112.25,10908.1,11095.25,507.8,509.2,504.2,507.5,NaN,NaN
1596599100,11155.75,11225.65,11064.05,11101.65,506.95,515.9,506.75,511.75,NaN,NaN
1596685500,11185.7,11256.8,11127.3,11200.15,510,516.4,509.75,515.95,NaN,NaN
1596771900,11186.65,11231.9,11142.05,11214.05,514,514,500.9,502.05,NaN,NaN
1597031100,11270.25,11337.3,11238,11270.15,503.9,512.5,502.7,511.25,NaN,NaN
1597117500,11322.25,11373.6,11299.15,11322.5,511.5,513.4,505.95,511.2,NaN,NaN
1597203900,11289,11322,11242.65,11308.4,508,516,502.4,514.3,NaN,NaN
1597290300,11334.85,11359.3,11269.95,11300.45,512.4,513.5,502.6,503.6,NaN,NaN
1597376700,11353.3,11366.25,11111.45,11178.4,506,511.45,504.6,509.75,NaN,NaN
1597635900,11248.9,11267.1,11144.5,11247.1,510.95,517.35,510.15,515.05,NaN,NaN
1597722300,11259.8,11401.7,11253.15,11385.35,515.2,525.75,514.55,525.3,NaN,NaN
1597808700,11452.15,11460.35,11394.1,11408.4,526.95,534.4,526.95,533.75,NaN,NaN
1597895100,11317.45,11361.45,11289.8,11312.2,529.05,531.7,525.5,529.05,NaN,NaN
1597981500,11409.65,11418.5,11362.2,11371.6,530.2,533.35,517,518.8,NaN,NaN
1598240700,11412,11497.25,11410.65,11466.45,522.5,523.4,518.2,521.1,NaN,NaN
1598327100,11513.1,11525.9,11423.35,11472.25,511.85,517,511.5,516,NaN,NaN
1598413500,11512.85,11561.75,11461.85,11549.6,515.05,521.9,515.05,521,NaN,NaN
1598499900,11609.3,11617.35,11540.6,11559.25,520,523,517.1,520.95,NaN,NaN
1598586300,11602.95,11686.05,11589.4,11647.6,520,525.35,520,521.5,NaN,NaN
1598845500,11777.55,11794.25,11325.85,11387.5,523.6,527.95,523.6,527.3,NaN,NaN
1598931900,11464.3,11553.55,11366.9,11470.25,528,529.7,521,521.45,NaN,NaN
1599018300,11478.55,11554.75,11430.4,11535,520.5,523.7,518.5,522.35,NaN,NaN
1599104700,11566.2,11584.95,11507.65,11527.45,522.7,523.45,512.6,515.05,NaN,NaN
1599191100,11354.4,11452.05,11303.65,11333.85,516.1,527.4,515.7,526.65,NaN,NaN
1599450300,11359.6,11381.15,11251.7,11355.05,526.7,530,524.1,529.5,NaN,NaN
1599536700,11378.55,11437.25,11290.45,11317.35,528,528.9,519.55,523.7,NaN,NaN
1599623100,11218.6,11298.15,11185.15,11278,523.2,526.15,519.6,525.6,NaN,NaN
1599709500,11363.3,11464.05,11327.4,11449.25,524.5,525.4,516.7,518.9,NaN,NaN
1599795900,11447.8,11493.5,11419.9,11464.45,519.6,525.85,516.9,524.1,NaN,NaN
1600055100,11540.15,11568.9,11383.55,11440.05,526,529.8,524.5,529.2,NaN,NaN
1600141500,11487.2,11535.95,11442.25,11521.8,530,532.9,527.9,529.35,NaN,NaN
1600227900,11538.45,11618.1,11516.75,11604.55,530,530.25,526.6,529.25,NaN,NaN
1600314300,11539.4,11587.2,11498.5,11516.1,527.25,532.2,521.9,531.55,NaN,NaN
1600400700,11584.1,11584.1,11446.1,11504.95,532.3,538.7,529.65,536.85,NaN,NaN
1600659900,11503.8,11535.25,11218.5,11250.55,539.8,539.8,521.1,524.95,NaN,NaN
1600746300,11301.75,11302.2,11084.65,11153.65,526,532.55,525.3,531.35,NaN,NaN
1600832700,11258.75,11259.55,11024.4,11131.85,530,530,525.5,528.05,NaN,NaN
1600919100,11011,11015.3,10790.2,10805.55,517,518.1,511.15,517.65,NaN,NaN
1601005500,10910.4,11072.6,10854.85,11050.25,517.95,519.5,513.05,516.65,NaN,NaN
1601264700,11140.85,11239.35,11099.85,11227.55,517.5,522.7,517,520.5,NaN,NaN
1601351100,11288.6,11305.4,11181,11222.4,520,521,515.25,520.5,NaN,NaN
1601437500,11244.45,11295.4,11184.55,11247.55,519.9,525.6,517.5,525.2,NaN,NaN
1601523900,11364.45,11428.6,11347.05,11416.95,525.55,526.5,494.8,497.5,NaN,NaN
1601869500,11487.8,11578.05,11452.3,11503.35,503.65,513.4,503.65,509.8,NaN,NaN
1601955900,11603.45,11680.3,11564.3,11662.4,510.7,513.7,509.6,512.65,NaN,NaN
1602042300,11679.25,11763.05,11629.35,11738.85,511,525.9,508.1,522.05,NaN,NaN
1602128700,11835.4,11905.7,11791.15,11834.6,520.5,524.7,518.5,523.65,NaN,NaN
1602215100,11852.05,11938.6,11805.2,11914.2,524.8,531.05,524.35,528.1,NaN,NaN
1602474300,11973.55,12022.05,11867.2,11930.95,527.1,531.85,527.05,527.9,NaN,NaN
1602560700,11934.65,11988.2,11888.9,11934.5,526.9,526.9,521.95,524.1,NaN,NaN
1602647100,11917.4,11997.2,11822.15,11971.05,526.4,528,522,525.05,NaN,NaN
1602733500,12023.45,12025.45,11661.3,11680.35,524.4,531.2,521.3,530.7,NaN,NaN
1602819900,11727.4,11789.75,11667.85,11762.45,529.9,530.5,526.5,527.6,NaN,NaN
1603079100,11879.2,11898.25,11820.4,11873.05,528.95,533.4,527.1,530.45,NaN,NaN
1603165500,11861,11949.25,11837.25,11896.8,529.9,533.8,529.1,531.8,NaN,NaN
1603251900,11958.55,12018.65,11775.75,11937.65,533.3,542.95,532.35,538.55,NaN,NaN
1603338300,11890,11939.55,11823.45,11896.45,537,539.8,527.6,529.35,NaN,NaN
1603424700,11957.9,11974.55,11908.75,11930.35,529.35,549.05,526.3,545.1,NaN,NaN
1603683900,11937.4,11942.85,11711.7,11767.75,530.45,535.35,528,528.75,NaN,NaN
1603770300,11807.1,11899.05,11723,11889.4,529.5,532.3,528.5,529.8,NaN,NaN
1603856700,11922.6,11929.4,11684.85,11729.6,530.7,533.35,524.3,528.35,NaN,NaN
1603943100,11633.3,11744.15,11606.45,11670.8,530.5,530.9,526.25,528.7,NaN,NaN
1604029500,11678.45,11748.95,11535.45,11642.4,531.1,531.2,525.45,526.4,NaN,NaN
1604288700,11697.35,11725.65,11557.4,11669.15,526.6,529.45,523.2,527.55,NaN,NaN
1604375100,11734.45,11836.2,11723.3,11813.5,529.95,531.75,527.55,530.5,NaN,NaN
1604461500,11783.35,11929.65,11756.4,11908.5,529.1,530.85,521.4,528.95,NaN,NaN
1604547900,12062.4,12131.1,12027.6,12120.3,528.2,531.3,524.7,527.95,NaN,NaN
1604634300,12156.65,12280.4,12131.85,12263.55,527,536.7,526.25,533.5,NaN,NaN
1604893500,12399.4,12474.05,12367.35,12461.05,534,540.9,531.7,534.8,NaN,NaN
1604979900,12556.4,12643.9,12475.25,12631.1,534,536.5,528.2,536.05,NaN,NaN
1605066300,12680.6,12769.75,12571.1,12749.15,535,539.4,530.8,533.95,NaN,NaN
1605152700,12702.15,12741.15,12624.85,12690.8,534.35,538.95,532.3,535.9,NaN,NaN
1605239100,12659.7,12735.95,12607.7,12719.95,536,541.8,534.35,540.85,NaN,NaN
1605357000,12823.35,12828.7,12749.45,12780.25,540.7,542,540.7,541.5,NaN,NaN
1605584700,12932.5,12934.05,12797.1,12874.2,547.1,548.2,541.1,543.35,NaN,NaN
1605671100,12860.1,12948.85,12819.35,12938.25,543,546.9,541.35,542.35,NaN,NaN
1605757500,12839.5,12963,12745.75,12771.7,541,545.35,538.8,544.45,NaN,NaN
1605843900,12813.4,12892.45,12730.25,12859.05,544.5,563,544.5,558.8,NaN,NaN
1606103100,12960.3,12968.85,12825.7,12926.45,558.8,560.4,553.1,556.45,NaN,NaN
1606189500,13002.6,13079.1,12978,13055.15,556.55,563.75,556.55,561.7,NaN,NaN
1606275900,13130,13145.85,12833.65,12858.4,562.4,563.6,557.6,561.15,NaN,NaN
1606362300,12906.45,13018,12790.4,12987,563.5,571.2,563.5,569.85,NaN,NaN
1606448700,13012.05,13035.3,12914.3,12968.95,567.5,578.7,567.5,578.05,NaN,NaN
1606794300,13062.2,13128.4,12962.8,13109.05,586,591.9,581.1,587,NaN,NaN
1606880700,13121.4,13128.5,12983.55,13113.75,586.5,591.35,581.2,589.5,NaN,NaN
1606967100,13215.3,13216.6,13107.9,13133.9,589.65,595.25,587.15,590.7,NaN,NaN
1607053500,13177.4,13280.05,13152.85,13258.55,592.45,597.25,592.1,596.6,NaN,NaN
1607312700,13264.85,13366.65,13241.95,13355.75,594.5,595.45,589.7,594.55,NaN,NaN
1607399100,13393.85,13435.45,13311.05,13392.95,592.8,592.8,585.85,592,NaN,NaN
1607485500,13458.1,13548.9,13449.6,13529.1,593,596.45,592.35,594.65,NaN,NaN
1607571900,13488.5,13503.55,13399.3,13478.3,593.6,607.85,590.5,606.2,NaN,NaN
1607658300,13512.3,13579.35,13402.85,13513.85,603.95,603.95,597.25,601.75,NaN,NaN
1607917500,13571.45,13597.5,13472.45,13558.15,603.7,605.65,599.25,601.75,NaN,NaN
1608003900,13547.2,13589.65,13447.05,13567.85,600,603.5,596.8,601.25,NaN,NaN
1608090300,13663.1,13692.35,13606.45,13682.7,602.05,606.4,600.3,604.05,NaN,NaN
1608176700,13713.55,13773.25,13673.55,13740.7,605.3,612.35,605.3,610.9,NaN,NaN
1608263100,13764.4,13772.85,13658.6,13760.55,612.3,617.45,612.3,617,NaN,NaN
1608522300,13741.9,13777.5,13131.45,13328.4,614,617.05,606.1,610.3,NaN,NaN
1608608700,13373.65,13492.05,13192.9,13466.3,611.1,611.1,597.45,598.95,NaN,NaN
1608695100,13473.5,13619.45,13432.2,13601.1,599.85,604,590.25,601.75,NaN,NaN
1608781500,13672.15,13771.75,13626.9,13749.25,603.85,605.6,599.2,604.6,NaN,NaN
1609127100,13815.15,13885.3,13811.55,13873.2,606,612.7,605.4,605.95,NaN,NaN
1609213500,13910.35,13967.6,13859.9,13932.6,604.6,606.4,600.35,602.3,NaN,NaN
1609299900,13980.9,13997,13864.95,13981.95,604.4,604.95,599.3,599.95,NaN,NaN
1609386300,13970,14024.85,13936.45,13981.75,598.1,598.5,593.7,594.7,NaN,NaN
1609472700,13996.1,14049.85,13991.35,14018.5,595.75,596.4,593.55,595.2,NaN,NaN
1609731900,14104.35,14147.95,13953.75,14132.9,599,608.4,599,601.4,NaN,NaN
1609818300,14075.15,14215.6,14048.15,14199.5,606.55,616.95,605.8,616.5,NaN,NaN
1609904700,14240.95,14244.15,14039.9,14146.25,617,625.35,613.5,617.95,NaN,NaN
1609991100,14253.75,14256.25,14123.1,14137.35,619.2,629.45,617.65,628.1,NaN,NaN
1610077500,14258.4,14367.3,14221.65,14347.25,629,631.2,615.1,622.5,NaN,NaN
1610336700,14474.05,14498.2,14383.1,14484.75,617,617,603.4,605.3,NaN,NaN
1610423100,14473.8,14590.65,14432.85,14563.45,608.8,616.4,607.25,610.95,NaN,NaN
1610509500,14639.8,14653.35,14435.7,14564.85,616.4,616.4,609.2,610.8,NaN,NaN
1610595900,14550.05,14617.8,14471.5,14595.6,610.65,615.85,607.35,615.2,NaN,NaN
1610682300,14594.35,14617.45,14357.85,14433.7,613.9,615,602.7,605.3,NaN,NaN
1610941500,14453.3,14459.15,14222.8,14281.3,607.2,612.45,605.4,607.15,NaN,NaN
1611027900,14371.65,14546.05,14350.85,14521.15,608.15,613.75,605.3,610.25,NaN,NaN
1611114300,14538.3,14666.45,14517.55,14644.7,613,614.6,607.8,611.35,NaN,NaN
1611200700,14730.95,14753.55,14517.25,14590.35,613.4,615.5,609.05,610.25,NaN,NaN
1611287100,14583.4,14619.9,14357.75,14371.9,607.8,607.8,595.35,605.25,NaN,NaN
1611546300,14477.8,14491.1,14218.6,14238.9,610.9,612.25,605.35,610.3,NaN,NaN
1611719100,14237.95,14237.95,13929.3,13967.5,609.4,609.4,592.5,598.5,NaN,NaN
1611805500,13810.4,13898.25,13713.25,13817.55,600.3,604.3,587.75,600.6,NaN,NaN
1611891900,13946.6,13966.85,13596.75,13634.6,598.85,603.95,593.75,596.4,NaN,NaN
1612151100,13758.6,14336.35,13661.75,14281.2,598.2,601.8,585,593.9,NaN,NaN
1612237500,14481.1,14731.7,14469.15,14647.85,594.9,596.45,588.15,590.85,NaN,NaN
1612323900,14754.9,14868.85,14574.15,14789.95,588.9,598.8,587.75,597.4,NaN,NaN
1612410300,14789.05,14913.7,14714.75,14895.65,597.55,600.9,594.55,596.55,NaN,NaN
1612496700,14952.6,15014.65,14864.75,14924.25,598.9,610.2,597.6,609.55,NaN,NaN
1612755900,15064.3,15159.9,15041.05,15115.8,609.05,620.9,609.05,620.15,NaN,NaN
1612842300,15164.15,15257.1,15064.3,15109.3,621.15,630.2,621.15,629.55,NaN,NaN
1612928700,15119.05,15168.25,14977.2,15106.5,630.95,640.35,630.95,637.35,NaN,NaN
1613015100,15073.25,15188.5,15065.4,15173.3,634,638.7,633.35,636.85,NaN,NaN
1613101500,15186.2,15243.5,15081,15163.3,636,643.35,631.4,641.15,NaN,NaN
1613360700,15270.3,15340.15,15243.4,15314.7,645.3,649.65,641.7,644.85,NaN,NaN
1613447100,15371.45,15431.75,15242.2,15313.45,647,648.4,641.05,646.8,NaN,NaN
1613533500,15279.9,15314.3,15170.75,15208.9,646.85,647.1,640.45,644.35,NaN,NaN
1613619900,15238.7,15250.75,15078.05,15118.95,650.2,658.75,650.2,657.4,NaN,NaN
1613706300,15074.8,15144.05,14898.2,14981.75,655.5,695.9,653.2,692.25,NaN,NaN
1613965500,14999.05,15010.1,14635.05,14675.7,697.05,708.9,685.5,698.7,NaN,NaN
1614051900,14782.25,14854.5,14651.85,14707.8,703.95,711.75,692.1,705.85,NaN,NaN
1614138300,14729.15,15008.8,14723.05,14982,706.45,727.7,697.4,723.85,NaN,NaN
1614224700,15079.85,15176.5,15065.35,15097.35,730,737,718.2,720.35,NaN,NaN
1614311100,14888.6,14919.45,14467.75,14529.15,716.1,720,701.9,702.95,NaN,NaN
1614570300,14702.5,14806.8,14638.55,14761.55,708.9,709.95,696.15,698.05,NaN,NaN
1614656700,14865.3,14959.1,14760.8,14919.1,695,718.8,689.3,716.75,NaN,NaN
1614743100,15064.4,15273.15,14995.8,15245.6,710.85,713.25,697.4,702.3,NaN,NaN
1614829500,15026.75,15202.35,14980.2,15080.75,702,702,663.3,672.85,NaN,NaN
1614915900,14977.95,15092.35,14862.1,14938.1,677,694.5,673.65,691.05,NaN,NaN
1615175100,15002.45,15111.15,14919.9,14956.2,684.5,697.2,678,696.05,NaN,NaN
1615261500,15049.9,15126.85,14925.45,15098.4,696.65,697.9,671.3,675.25,NaN,NaN
1615347900,15202.15,15218.45,15100.85,15174.8,676.4,678.8,667.4,671.1,NaN,NaN
1615520700,15321.15,15336.3,14953.6,15030.95,679.8,680.65,672.2,679.5,NaN,NaN
1615779900,15048.4,15048.4,14745.85,14929.5,681,681,675.25,678.65,NaN,NaN
1615866300,14996.1,15051.6,14890.65,14910.45,677,678.8,668.5,669.3,NaN,NaN
1615952700,14946.55,14956.55,14696.05,14721.3,669.85,676.6,669,676.1,NaN,NaN
1616039100,14855.5,14875.2,14478.6,14557.85,673,678.5,671.6,675.05,NaN,NaN
1616125500,14471.15,14788.25,14350.1,14744,672.6,676.45,659.4,675.2,NaN,NaN
1616384700,14736.3,14763.9,14597.85,14736.4,674,678.05,668.85,677.65,NaN,NaN
1616471100,14768.55,14878.6,14707,14814.75,669.2,674.45,665.05,665.6,NaN,NaN
1616557500,14712.45,14752.35,14535,14549.4,665.75,671.8,661.35,663.1,NaN,NaN
1616643900,14570.9,14575.6,14264.4,14324.9,665.7,667.1,657.85,662.2,NaN,NaN
1616730300,14506.3,14572.9,14414.25,14507.3,664.8,674.9,664.8,673.7,NaN,NaN
1617075900,14628.5,14876.3,14617.6,14845.1,669.25,672.45,664.65,665.5,NaN,NaN
1617162300,14811.85,14813.75,14670.25,14690.7,666.4,671.15,665.85,667.95,NaN,NaN
1617248700,14798.4,14883.2,14692.45,14867.35,667,669.9,663.35,669.4,NaN,NaN
1617594300,14837.7,14849.85,14459.5,14637.8,670,693.9,670,690.1,NaN,NaN
1617680700,14737,14779.1,14573.9,14683.5,693.9,693.9,682.15,688.7,NaN,NaN
1617767100,14716.45,14879.8,14649.85,14819.05,686.55,694.85,685.7,689.35,NaN,NaN
1617853500,14875.65,14984.15,14821.1,14873.8,691,696.9,691,695.6,NaN,NaN
1617939900,14882.65,14918.45,14785.65,14834.85,693.5,695.35,688.45,689.85,NaN,NaN
1618199100,14644.65,14652.5,14248.7,14310.8,686,688.65,681.75,686.8,NaN,NaN
1618285500,14364.9,14528.9,14274.9,14504.8,685.85,694.95,685.3,692.15,NaN,NaN
1618458300,14522.4,14597.55,14353.2,14581.45,702.55,719.7,702.2,719.15,NaN,NaN
1618544700,14599.6,14697.7,14559,14617.85,715.25,719.15,708.2,709.3,NaN,NaN
1618803900,14306.6,14382.3,14191.4,14359.45,714.15,731.2,714.15,722.45,NaN,NaN
1618890300,14526.7,14526.95,14207.3,14296.4,729,734.35,721.6,722.6,NaN,NaN
1619063100,14219.15,14424.75,14151.4,14406.15,725.35,727.5,722.3,724.3,NaN,NaN
1619149500,14326.35,14461.15,14273.3,14341.35,727.6,735.9,726.7,735.15,NaN,NaN
1619408700,14449.45,14557.5,14421.3,14485,741.5,756.05,741.5,755.55,NaN,NaN
1619495100,14493.8,14667.55,14484.85,14653.05,759.5,767.75,756.45,762.9,NaN,NaN
1619581500,14710.5,14890.25,14694.95,14864.55,755.7,763.8,749.25,761.6,NaN,NaN
1619667900,14979,15044.35,14814.45,14894.9,765.3,768.3,755.7,756.95,NaN,NaN
1619754300,14747.35,14855.45,14601.7,14631.1,756.55,764.1,751.8,754.1,NaN,NaN
1620013500,14481.05,14673.85,14416.25,14634.15,755.2,764.9,752.2,764.45,NaN,NaN
1620099900,14687.25,14723.4,14461.5,14496.5,765.05,765.05,758.65,762.65,NaN,NaN
1620186300,14604.15,14637.9,14506.6,14617.85,765,770,758.3,761.1,NaN,NaN
1620272700,14668.35,14743.9,14611.5,14724.8,762.25,771.35,762.25,770.65,NaN,NaN
1620359100,14816.85,14863.05,14765.5,14823.15,773,788,773,787.25,NaN,NaN
1620618300,14928.25,14966.9,14892.5,14942.35,787.7,812.6,781.75,787.25,NaN,NaN
1620704700,14789.7,14900,14771.4,14850.75,790,799.4,788,797.5,NaN,NaN
1620791100,14823.55,14824.05,14649.7,14696.5,798.1,802.4,786.4,790.65,NaN,NaN
1620963900,14749.4,14749.65,14591.9,14677.8,777.05,781.8,768.9,773.8,NaN,NaN
1621223100,14756.25,14938,14725.35,14923.15,778.65,785.35,772.85,783.65,NaN,NaN
1621309500,15067.2,15137.25,15043.7,15108.1,786.95,792.9,780.6,783.85,NaN,NaN
1621395900,15058.6,15133.4,15008.85,15030.15,778.9,778.9,754.5,760.5,NaN,NaN
1621482300,15042.6,15069.8,14884.9,14906.05,761,766.7,750.7,752.15,NaN,NaN
1621568700,14987.8,15190,14985.85,15175.3,749.7,751.7,736.75,740.55,NaN,NaN
1621827900,15211.35,15256.25,15145.45,15197.7,739,746.2,733.15,745.5,NaN,NaN
1621914300,15291.75,15293.85,15163.4,15208.45,756.7,757.9,743.15,745.25,NaN,NaN
1622000700,15257.05,15319.9,15194.95,15301.45,746.65,749.7,743.2,746.15,NaN,NaN
1622087100,15323.95,15384.55,15272.5,15337.85,747.9,770.5,745.55,769.95,NaN,NaN
1622173500,15421.2,15469.65,15394.75,15435.65,767.05,768.85,755.8,766.5,NaN,NaN
1622432700,15437.75,15606.35,15374,15582.8,768,773.65,764.05,768.85,NaN,NaN
1622519100,15629.65,15660.75,15528.3,15574.85,770.6,776,766.2,767.05,NaN,NaN
1622605500,15520.35,15597.45,15459.85,15576.2,768.7,771.3,757.25,759.15,NaN,NaN
1622691900,15655.55,15705.1,15611,15690.35,760.95,762.65,730.2,734.15,NaN,NaN
1622778300,15712.5,15733.6,15622.35,15670.25,738.7,744.95,730.45,743,NaN,NaN
1623037500,15725.1,15773.45,15678.1,15751.65,740.2,743.05,733.25,740.6,NaN,NaN
1623123900,15773.9,15778.8,15680,15740.1,738.9,748.4,733.05,746.1,NaN,NaN
1623210300,15766.3,15800.45,15566.9,15635.35,743.95,745.4,737.6,744.05,NaN,NaN
1623296700,15692.1,15751.25,15648.5,15737.75,741.9,742.3,731.85,738.1,NaN,NaN
1623383100,15796.45,15835.55,15749.8,15799.35,738.7,755.75,737.25,748.65,NaN,NaN
1623642300,15791.4,15823.05,15606.5,15811.85,749,749,742.7,745.85,NaN,NaN
1623728700,15866.95,15901.6,15842.4,15869.25,744.3,744.3,713.65,716.75,NaN,NaN
1623815100,15847.5,15880.85,15742.6,15767.55,719,725.65,712,722.1,NaN,NaN
1623901500,15648.3,15769.35,15616.75,15691.4,719.6,719.85,695.65,697.35,NaN,NaN
1623987900,15756.5,15761.5,15450.9,15683.35,702.7,703.3,691.5,693.1,NaN,NaN
1624247100,15525.85,15765.15,15505.65,15746.5,692.95,700.2,685.1,698.5,NaN,NaN
1624333500,15840.5,15895.75,15752.1,15772.75,702,712.75,697.35,711.4,NaN,NaN
1624419900,15862.8,15862.95,15673.95,15686.95,715,723.8,711,720.6,NaN,NaN
1624506300,15737.3,15821.4,15702.7,15790.45,724,726.95,717.25,725.85,NaN,NaN
1624592700,15839.35,15870.8,15772.3,15860.35,727,727,717.25,721.65,NaN,NaN
1624851900,15915.35,15915.65,15792.15,15814.7,720,723.7,716.5,720.05,NaN,NaN
1624938300,15807.5,15835.9,15724.05,15748.45,716.5,718.5,702.4,716.75,NaN,NaN
1625024700,15776.9,15839.1,15708.75,15721.5,719.8,729.5,717.15,721.5,NaN,NaN
1625111100,15755.05,15755.55,15667.05,15680,719.3,727.3,714.25,714.75,NaN,NaN
1625197500,15705.85,15738.35,15635.95,15722.2,717.35,723.7,717.35,722.15,NaN,NaN
1625456700,15793.4,15845.95,15762.05,15834.35,723.9,733.3,723.9,731,NaN,NaN
1625543100,15813.75,15914.2,15801,15818.25,733,741.85,716.8,720.15,NaN,NaN
1625629500,15819.6,15893.55,15779.7,15879.65,724.3,735.9,723,731.45,NaN,NaN
1625715900,15855.4,15885.75,15682.9,15727.9,729.5,729.7,717.5,720.6,NaN,NaN
1625802300,15688.25,15730.85,15632.75,15689.8,725,736.25,721.25,731.75,NaN,NaN
1626061500,15766.8,15789.2,15644.75,15692.6,728.3,729.5,722.8,728.8,NaN,NaN
1626147900,15794,15820.8,15744.6,15812.35,729.6,731.55,720.7,725.8,NaN,NaN
1626234300,15808.7,15877.35,15764.2,15853.95,724,727,720.25,721.3,NaN,NaN
1626320700,15872.15,15952.35,15855,15924.2,722.4,732.9,722.4,728.25,NaN,NaN
1626407100,15958.35,15962.25,15882.6,15923.4,731,733.75,728.6,730.9,NaN,NaN
1626666300,15754.5,15836.9,15707.5,15752.4,728,729,711.35,715.45,NaN,NaN
1626752700,15703.95,15728.45,15578.55,15632.1,720.5,723.4,714.25,721.75,NaN,NaN
1626925500,15736.6,15834.8,15726.4,15824.05,726.35,737.15,725.65,735.85,NaN,NaN
1627011900,15856.8,15899.8,15768.4,15856.05,740,762.4,739.3,760.65,NaN,NaN
1627271100,15849.3,15893.35,15797,15824.45,752.7,768.5,750.55,762.95,NaN,NaN
1627357500,15860.5,15881.55,15701,15746.45,762.55,765,751.4,758.55,NaN,NaN
1627443900,15761.55,15767.5,15513.45,15709.4,761.3,764.4,750.2,751,NaN,NaN
1627530300,15762.7,15817.35,15737.8,15778.45,753.35,759.8,751.1,757.55,NaN,NaN
1627616700,15800.6,15862.8,15744.85,15763.05,755.75,760.85,746.2,751.7,NaN,NaN
1627875900,15874.9,15892.9,15834.65,15885.15,754.7,757.7,741,741.75,NaN,NaN
1627962300,15951.55,16146.9,15914.35,16130.75,743.3,744.8,730.3,736.65,NaN,NaN
1628048700,16195.25,16290.2,16176.15,16258.8,738.05,739.65,727.05,729.35,NaN,NaN
1628135100,16288.95,16349.45,16210.3,16294.6,730.55,733,725.7,731.45,NaN,NaN
1628221500,16304.4,16336.75,16223.3,16238.2,732.7,741.2,730.7,732.5,NaN,NaN
1628480700,16281.35,16320.75,16179.05,16258.25,730.5,731.45,717.1,725.8,NaN,NaN
1628567100,16274.8,16359.25,16202.25,16280.1,729,737.25,725.2,734.2,NaN,NaN
1628653500,16327.3,16338.75,16162.55,16282.25,732.3,736,728.75,735.3,NaN,NaN
1628739900,16303.65,16375.5,16286.9,16364.4,736.05,740.75,728.05,730.25,NaN,NaN
1628826300,16385.699,16543.6,16376.3,16529.1,732.8,739.6,729.2,733.35,NaN,NaN
1629085500,16518.4,16589.4,16480.75,16563.051,731,731,722.35,726.35,NaN,NaN
1629171900,16545.25,16628.551,16495.4,16614.6,726.35,729.15,709.2,709.7,NaN,NaN
1629258300,16691.949,16701.85,16535.85,16568.85,711,715.5,692.1,694.25,NaN,NaN
1629431100,16382.5,16509.551,16376.05,16450.5,692.2,702.45,686.65,699.95,NaN,NaN
1629690300,16592.25,16592.5,16395.699,16496.449,704.4,711.6,700.2,709.6,NaN,NaN
1629776700,16561.4,16647.1,16495.301,16624.6,709.45,717.45,704.7,712.95,NaN,NaN
1629863100,16654,16712.45,16629.8,16677.5,715,721.25,714.95,720.5,NaN,NaN