time,open,high,low,close,"CRUDEOIL1!, MCX: Open","CRUDEOIL1!, MCX: High","CRUDEOIL1!, MCX: Low","CRUDEOIL1!, MCX: Close",Volume,Volume MA
1515383100,10591.7,10631.2,10588.55,10623.6,3900,3933,3892,3906,NaN,NaN
1515469500,10645.1,10659.15,10603.6,10637,3927,4010,3927,4003,NaN,NaN
1515555900,10652.05,10655.5,10592.7,10632.2,4016,4059,4016,4036,NaN,NaN
1515642300,10637.05,10664.6,10612.35,10651.2,4040,4123,4040,4100,NaN,NaN
1515728700,10682.55,10690.4,10597.1,10681.25,4083,4083,4007,4065,NaN,NaN
1515987900,10718.5,10782.65,10713.8,10741.55,4088,4122,4066,4116,NaN,NaN
1516074300,10761.5,10762.35,10687.85,10700.45,4107,4128,4060,4086,NaN,NaN
1516160700,10702.45,10803,10666.75,10788.55,4074,4097,4043,4085,NaN,NaN
1516247100,10873.4,10887.5,10782.4,10817,4100,4107,4052,4088,NaN,NaN
1516333500,10829.2,10906.85,10793.9,10894.7,4080,4080,4011,4037,NaN,NaN
1516592700,10883.2,10975.1,10881.4,10966.2,4063,4098,4033,4045,NaN,NaN
1516679100,10997.4,11092.9,10994.55,11083.7,4075,4132,4069,4110,NaN,NaN
1516765500,11069.35,11110.1,11046.15,11086,4107,4163,4100,4136,NaN,NaN
1516851900,11095.6,11095.6,11009.2,11069.65,4158,4229,4158,4190,NaN,NaN
1517197500,11079.35,11171.55,11075.95,11130.4,4210,4271,4142,4177,NaN,NaN
1517283900,11120.85,11121.1,11033.9,11049.65,4149,4153,4092,4106,NaN,NaN
1517370300,11018.8,11058.5,10979.3,11027.7,4090,4122,4063,4112,NaN,NaN
1517456700,11044.55,11117.35,10878.8,11016.9,4120,4212,4120,4195,NaN,NaN
1517543100,10938.2,10954.95,10736.1,10760.6,4200,4248,4141,4186,NaN,NaN
1517802300,10604.3,10702.75,10586.8,10666.55,4166,4197,4086,4103,NaN,NaN
1517888700,10295.15,10594.15,10276.3,10498.25,4094,4140,4065,4099,NaN,NaN
1517975100,10607.2,10614,10446.4,10476.7,4109,4109,3948,3959,NaN,NaN
1518061500,10518.5,10637.8,10479.55,10576.85,3968,3989,3909,3931,NaN,NaN
1518147900,10416.5,10480.2,10398.2,10454.95,3920,3920,3795,3807,NaN,NaN
1518407100,10518.2,10555.5,10485.4,10539.75,3817,3912,3817,3842,NaN,NaN
1518579900,10585.75,10590.55,10456.65,10500.9,3800,3850,3737,3823,NaN,NaN
1518666300,10537.9,10618.1,10511.05,10545.5,3850,3933,3818,3911,NaN,NaN
1518752700,10596.2,10612.9,10434.05,10452.3,3937,3972,3892,3941,NaN,NaN
1519011900,10488.9,10489.35,10302.75,10378.4,3995,4048,3995,4037,NaN,NaN
1519098300,10391,10429.35,10347.65,10360.4,4020,4060,4001,4034,NaN,NaN
1519184700,10426,10426.1,10349.6,10397.45,4019,4019,3961,3999,NaN,NaN
1519271100,10354.35,10397.55,10340.65,10382.7,3995,4105,3974,4086,NaN,NaN
1519357500,10408.1,10499.1,10396.65,10491.05,4109,4141,4044,4125,NaN,NaN
1519616700,10526.55,10592.95,10520.2,10582.6,4130,4172,4093,4155,NaN,NaN
1519703100,10615.2,10631.65,10537.25,10554.3,4149,4160,4093,4122,NaN,NaN
1519789500,10488.95,10535.5,10461.55,10492.85,4105,4149,4032,4093,NaN,NaN
1519875900,10479.95,10525.5,10447.15,10458.35,4065,4065,3944,3983,NaN,NaN
1520221500,10428.3,10428.7,10323.9,10358.85,4006,4088,3990,4075,NaN,NaN
1520307900,10420.5,10441.35,10215.9,10249.25,4080,4110,4041,4063,NaN,NaN
1520394300,10232.95,10243.35,10141.55,10154.2,4058,4070,3942,3960,NaN,NaN
1520480700,10216.25,10270.35,10146.4,10242.65,3975,3998,3920,3943,NaN,NaN
1520567100,10271.3,10296.7,10211.9,10226.85,3934,4041,3921,4017,NaN,NaN
1520826300,10301.6,10433.65,10295.45,10421.4,4036,4039,3945,3977,NaN,NaN
1520912700,10389.5,10478.6,10377.85,10426.85,3979,4014,3906,3919,NaN,NaN
1520999100,10393.05,10420.35,10336.3,10410.9,3935,3975,3902,3948,NaN,NaN
1521085500,10405.45,10420,10346.2,10360.15,3960,3998,3944,3984,NaN,NaN
1521171900,10345.15,10346.3,10180.25,10195.15,3982,4057,3968,4050,NaN,NaN
1521431100,10215.35,10224.55,10075.3,10094.25,4033,4053,3992,4039,NaN,NaN
1521517500,10051.55,10155.65,10049.1,10124.35,4079,4185,4073,4159,NaN,NaN
1521603900,10181.95,10227.3,10132.95,10155.25,4164,4259,4155,4251,NaN,NaN
1521690300,10167.5,10207.85,10105.4,10114.75,4245,4259,4194,4201,NaN,NaN
1521776700,9968.7998,10027.7,9951.9004,9998.0498,4220,4274,4195,4266,NaN,NaN
1522035900,9989.1504,10143.5,9958.5498,10130.65,4270,4279,4222,4247,NaN,NaN
1522122300,10188,10207.9,10139.65,10184.15,4261,4305,4226,4232,NaN,NaN
1522208700,10143.6,10158.35,10096.9,10113.7,4223,4238,4155,4185,NaN,NaN
1522640700,10151.65,10220.1,10127.75,10211.8,4246,4255,4104,4112,NaN,NaN
1522727100,10186.85,10255.35,10171.05,10245,4103,4144,4098,4127,NaN,NaN
1522813500,10274.6,10279.85,10111.3,10128.4,4119,4128,4043,4111,NaN,NaN
1522899900,10228.45,10331.8,10227.45,10325.15,4128,4162,4098,4115,NaN,NaN
1522986300,10322.75,10350.45,10290.85,10331.6,4101,4130,4015,4029,NaN,NaN
1523245500,10333.7,10397.7,10328.5,10379.35,4041,4128,4034,4116,NaN,NaN
1523331900,10412.9,10424.85,10381.5,10402.25,4133,4254,4133,4248,NaN,NaN
1523418300,10428.15,10428.15,10355.6,10417.15,4255,4396,4243,4354,NaN,NaN
1523504700,10410.65,10469.9,10395.25,10458.65,4354,4394,4308,4362,NaN,NaN
1523591100,10495.3,10519.9,10451.45,10480.6,4364,4419,4349,4401,NaN,NaN
1523850300,10398.3,10540.15,10396.35,10528.35,4385,4385,4326,4351,NaN,NaN
1523936700,10557.3,10560.45,10495.65,10548.7,4351,4378,4303,4348,NaN,NaN
1524023100,10578.9,10594.2,10509.7,10526.2,4365,4493,4365,4470,NaN,NaN
1524109500,10563.65,10572.2,10546.2,10565.3,4490,4578,4483,4495,NaN,NaN
1524195900,10560.35,10582.35,10527.45,10564.05,4529,4546,4486,4531,NaN,NaN
1524455100,10592.8,10638.35,10514.95,10584.7,4543,4582,4468,4565,NaN,NaN
1524541500,10578.1,10636.8,10569,10614.35,4579,4617,4511,4530,NaN,NaN
1524627900,10612.4,10612.6,10536.45,10570.55,4524,4575,4507,4563,NaN,NaN
1524714300,10586.5,10628.4,10559.65,10617.8,4576,4596,4534,4558,NaN,NaN
1524800700,10651.65,10719.8,10647.55,10692.3,4538,4563,4520,4547,NaN,NaN
1525059900,10705.75,10759,10704.6,10739.35,4516,4610,4472,4583,NaN,NaN
1525232700,10783.85,10784.65,10689.8,10718.05,4510,4530,4475,4512,NaN,NaN
1525319100,10720.15,10720.6,10647.45,10679.65,4516,4578,4492,4571,NaN,NaN
1525405500,10700.45,10700.45,10601.6,10618.25,4564,4678,4560,4668,NaN,NaN
1525664700,10653.15,10725.65,10635.65,10715.5,4680,4765,4680,4749,NaN,NaN
1525751100,10757.9,10758.55,10689.4,10717.8,4732,4732,4560,4623,NaN,NaN
1525837500,10693.35,10766.25,10689.85,10741.7,4655,4821,4655,4799,NaN,NaN
1525923900,10779.65,10785.55,10705,10716.55,4825,4842,4743,4757,NaN,NaN
1526010300,10741.95,10812.05,10724.45,10806.5,4786,4824,4766,4793,NaN,NaN
1526269500,10815.15,10834.85,10774.75,10806.6,4790,4815,4732,4794,NaN,NaN
1526355900,10812.6,10929.2,10781.4,10801.85,4796,4889,4782,4850,NaN,NaN
1526442300,10751.95,10790.45,10699.7,10741.1,4845,4845,4792,4820,NaN,NaN
1526528700,10775.6,10777.25,10664.5,10682.7,4840,4899,4822,4832,NaN,NaN
1526615100,10671.85,10674.95,10589.1,10596.4,4852,4880,4827,4855,NaN,NaN
1526874300,10616.7,10621.7,10505.8,10516.7,4889,4927,4852,4919,NaN,NaN
1526960700,10518.45,10558.6,10490.55,10536.7,4948,4977,4914,4929,NaN,NaN
1527047100,10521.1,10533.55,10417.8,10430.35,4919,4947,4885,4913,NaN,NaN
1527133500,10464.85,10535.15,10419.8,10513.85,4905,4915,4832,4859,NaN,NaN
1527219900,10533.05,10628.05,10524,10605.15,4831,4834,4581,4597,NaN,NaN
1527479100,10648.35,10709.8,10640.55,10688.65,4580,4580,4465,4508,NaN,NaN
1527565500,10689.4,10717.25,10616.1,10633.3,4527,4577,4485,4527,NaN,NaN
1527651900,10579,10648.7,10558.45,10614.35,4500,4628,4482,4614,NaN,NaN
1527738300,10670.1,10763.8,10620.4,10736.15,4609,4613,4500,4517,NaN,NaN
1527824700,10738.45,10764.75,10681.5,10696.2,4507,4532,4417,4428,NaN,NaN
1528083900,10765.95,10770.3,10618.35,10628.5,4409,4435,4340,4351,NaN,NaN
1528170300,10630.7,10633.15,10550.9,10593.15,4369,4399,4316,4392,NaN,NaN
1528256700,10603.45,10698.35,10587.5,10684.65,4402,4426,4305,4342,NaN,NaN
1528343100,10722.6,10818,10722.6,10768.35,4360,4453,4350,4443,NaN,NaN
1528429500,10736.4,10779.45,10709.05,10767.65,4452,4479,4407,4445,NaN,NaN
1528688700,10781.85,10850.55,10777.05,10786.95,4425,4478,4375,4472,NaN,NaN
1528775100,10816.15,10856.55,10789.4,10842.85,4475,4523,4444,4478,NaN,NaN
1528861500,10887.5,10893.25,10842.65,10856.7,4469,4518,4454,4506,NaN,NaN
1528947900,10832.9,10833.7,10773.55,10808.05,4502,4540,4487,4517,NaN,NaN
1529034300,10808.65,10834,10755.4,10817.7,4545,4575,4373,4435,NaN,NaN
1529293500,10830.2,10830.2,10787.35,10799.85,4401,4489,4334,4481,NaN,NaN
1529379900,10789.45,10789.45,10701.2,10710.45,4486,4486,4389,4419,NaN,NaN
1529466300,10734.65,10781.8,10724.05,10772.05,4445,4529,4430,4486,NaN,NaN
1529552700,10808.45,10809.6,10725.9,10741.1,4479,4504,4385,4496,NaN,NaN
1529639100,10742.7,10837,10710.45,10821.85,4506,4680,4488,4672,NaN,NaN
1529898300,10822.9,10831.05,10753.05,10762.45,4656,4735,4636,4658,NaN,NaN
1529984700,10742.7,10805.25,10732.55,10769.15,4667,4837,4627,4815,NaN,NaN
1530071100,10785.5,10785.5,10652.4,10671.4,4844,5046,4844,5028,NaN,NaN
1530157500,10660.8,10674.2,10557.7,10589.1,5020,5109,4981,5075,NaN,NaN
1530243900,10612.85,10723.05,10612.35,10714.3,5045,5105,5010,5086,NaN,NaN
1530503100,10732.35,10736.15,10604.65,10657.3,5036,5118,5019,5109,NaN,NaN
1530589500,10668.6,10713.3,10630.25,10699.9,5131,5173,4995,5080,NaN,NaN
1530675900,10715,10777.15,10677.75,10769.9,5118,5140,5047,5126,NaN,NaN
1530762300,10786.05,10786.05,10726.25,10749.75,5093,5158,5026,5039,NaN,NaN
1530848700,10744.15,10816.35,10735.05,10772.65,5012,5089,4971,5075,NaN,NaN
1531107900,10838.3,10860.35,10807.15,10852.9,5090,5098,5014,5049,NaN,NaN
1531194300,10902.75,10956.9,10876.65,10947.25,5079,5132,5060,5071,NaN,NaN
1531280700,10956.4,10976.65,10923,10948.3,5055,5084,4878,4900,NaN,NaN
1531367100,11006.95,11078.3,10999.65,11023.2,4875,4894,4737,4780,NaN,NaN
1531453500,11056.9,11071.35,10999.75,11018.9,4803,4907,4783,4884,NaN,NaN
1531712700,11018.95,11019.5,10926.25,10936.85,4858,4858,4631,4642,NaN,NaN
1531799100,10939.65,11018.5,10925.6,11008.05,4654,4682,4585,4669,NaN,NaN
1531885500,11060.2,11076.2,10956.3,10980.45,4629,4705,4592,4699,NaN,NaN
1531971900,10999.5,11006.5,10935.45,10957.1,4720,4830,4666,4799,NaN,NaN
1532058300,10963.5,11030.25,10946.2,11010.2,4719,4756,4666,4707,NaN,NaN
1532317500,11019.85,11093.4,11010.95,11084.75,4695,4790,4673,4690,NaN,NaN
1532403900,11109,11143.4,11092.5,11134.3,4678,4778,4667,4745,NaN,NaN
1532490300,11148.4,11157.15,11113.25,11132,4747,4798,4701,4778,NaN,NaN
1532576700,11132.95,11185.85,11125.7,11167.3,4780,4812,4741,4800,NaN,NaN
1532663100,11232.75,11283.4,11210.25,11278.35,4795,4796,4695,4714,NaN,NaN
1532922300,11296.65,11328.1,11261.45,11319.55,4709,4842,4709,4824,NaN,NaN
1533008700,11311.05,11366,11267.75,11356.5,4815,4815,4701,4734,NaN,NaN
1533095100,11359.8,11390.55,11313.55,11346.2,4710,4710,4610,4629,NaN,NaN
1533181500,11328.9,11328.9,11234.95,11244.7,4642,4764,4592,4744,NaN,NaN
1533267900,11297.8,11368,11294.55,11360.8,4710,4764,4653,4686,NaN,NaN
1533527100,11401.5,11427.65,11370.6,11387.1,4717,4812,4713,4767,NaN,NaN
1533613500,11423.15,11428.95,11359.7,11389.45,4758,4798,4737,4762,NaN,NaN
1533699900,11412.5,11459.95,11379.3,11450,4767,4767,4556,4570,NaN,NaN
1533786300,11493.25,11495.2,11454.1,11470.7,4585,4635,4566,4602,NaN,NaN
1533872700,11474.95,11478.75,11419.65,11429.5,4608,4679,4564,4674,NaN,NaN
1534131900,11369.6,11406.3,11340.3,11355.75,4680,4737,4612,4643,NaN,NaN
1534218300,11381.7,11452.45,11370.8,11435.1,4670,4783,4670,4712,NaN,NaN
1534391100,11397.15,11449.85,11366.25,11385.05,4670,4670,4525,4583,NaN,NaN
1534477500,11437.15,11486.45,11431.8,11470.75,4581,4657,4577,4598,NaN,NaN
1534736700,11502.1,11565.3,11499.65,11551.75,4571,4640,4571,4633,NaN,NaN
1534823100,11576.2,11581.75,11539.6,11570.9,4580,4664,4571,4617,NaN,NaN
1534995900,11620.7,11620.7,11546.7,11582.75,4762,4788,4734,4774,NaN,NaN
1535082300,11566.6,11604.6,11532,11557.1,4790,4857,4779,4804,NaN,NaN
1535341500,11605.85,11700.95,11595.6,11691.95,4818,4838,4797,4826,NaN,NaN
1535427900,11731.95,11760.2,11710.5,11738.5,4831,4867,4796,4809,NaN,NaN
1535514300,11744.95,11753.2,11678.85,11691.9,4833,4935,4827,4926,NaN,NaN
1535600700,11694.75,11698.8,11639.7,11676.8,4938,5013,4930,4999,NaN,NaN
1535687100,11675.85,11727.65,11640.1,11680.5,5009,5009,4945,4959,NaN,NaN
1535946300,11751.8,11751.8,11567.4,11582.35,4941,5018,4928,5012,NaN,NaN
1536032700,11598.75,11602.55,11496.85,11520.3,5011,5114,4988,5012,NaN,NaN
1536119100,11514.85,11542.65,11393.85,11476.95,4972,4989,4924,4934,NaN,NaN
1536205500,11514.15,11562.25,11436.05,11536.9,4948,4972,4828,4884,NaN,NaN
1536291900,11558.25,11603,11484.4,11589.1,4898,4898,4808,4883,NaN,NaN
1536551100,11570.25,11573,11427.3,11438.1,4922,4970,4894,4916,NaN,NaN
1536637500,11476.85,11479.4,11274,11287.5,4905,5054,4891,5044,NaN,NaN
1536723900,11340.1,11380.75,11250.2,11369.9,5050,5140,5020,5085,NaN,NaN
1536896700,11443.5,11523.25,11430.55,11515.2,4930,5025,4888,4950,NaN,NaN
1537155900,11464.95,11464.95,11366.9,11377.75,4987,5049,4965,4995,NaN,NaN
1537242300,11381.55,11411.45,11268.95,11278.9,4983,5118,4962,5055,NaN,NaN
1537328700,11326.65,11332.05,11210.9,11234.35,5066,5163,5063,5152,NaN,NaN
1537501500,11271.3,11346.8,10866.45,11143.1,5073,5195,5055,5146,NaN,NaN
1537760700,11164.4,11170.15,10943.6,10967.4,5150,5307,5150,5273,NaN,NaN
1537847100,10969.95,11080.6,10882.85,11067.45,5284,5305,5242,5271,NaN,NaN
1537933500,11145.55,11145.55,10993.05,11053.8,5258,5274,5198,5212,NaN,NaN
1538019900,11079.8,11089.45,10953.35,10977.55,5250,5283,5212,5239,NaN,NaN
1538106300,11008.1,11034.1,10850.3,10930.45,5251,5356,5221,5335,NaN,NaN
1538365500,10930.9,11035.65,10821.55,11008.3,5344,5512,5325,5501,NaN,NaN
1538538300,10982.7,10989.05,10843.75,10858.25,5537,5669,5457,5646,NaN,NaN
1538624700,10754.7,10754.7,10547.25,10599.25,5631,5644,5465,5487,NaN,NaN
1538711100,10514.1,10540.65,10261.9,10316.45,5495,5591,5469,5546,NaN,NaN
1538970300,10310.15,10398.35,10198.4,10348.05,5473,5513,5423,5494,NaN,NaN
1539056700,10390.3,10397.6,10279.35,10301.05,5527,5595,5488,5574,NaN,NaN
1539143100,10331.85,10482.35,10318.25,10460.1,5545,5576,5414,5454,NaN,NaN
1539229500,10169.8,10335.95,10138.6,10234.65,5401,5401,5250,5255,NaN,NaN
1539315900,10331.55,10492.45,10322.15,10472.5,5268,5318,5211,5243,NaN,NaN
1539575100,10524.2,10526.3,10410.15,10512.5,5290,5334,5232,5273,NaN,NaN
1539661500,10550.15,10604.9,10525.3,10584.75,5310,5318,5214,5282,NaN,NaN
1539747900,10688.7,10710.15,10436.45,10453.05,5287,5310,5118,5134,NaN,NaN
1539920700,10339.7,10380.1,10249.6,10303.55,5054,5124,5033,5087,NaN,NaN
1540179900,10405.85,10408.55,10224,10245.25,5110,5135,5054,5107,NaN,NaN
1540266300,10152.6,10222.1,10102.35,10146.8,5124,5128,4847,4887,NaN,NaN
1540352700,10278.15,10290.65,10126.7,10224.75,4889,4978,4853,4938,NaN,NaN
1540439100,10135.05,10166.6,10079.3,10124.9,4905,4968,4853,4947,NaN,NaN
1540525500,10122.35,10128.85,10004.55,10030,4902,4980,4868,4951,NaN,NaN
1540784700,10078.1,10275.3,10020.35,10250.85,4963,4979,4907,4956,NaN,NaN
1540871100,10239.4,10285.1,10175.35,10198.4,4965,4965,4819,4890,NaN,NaN
1540957500,10209.55,10396,10105.1,10386.6,4927,4959,4873,4892,NaN,NaN
1541043900,10441.7,10441.9,10341.9,10380.45,4860,4860,4630,4662,NaN,NaN
1541130300,10462.3,10606.95,10457.7,10553,4649,4665,4559,4609,NaN,NaN
1541389500,10558.75,10558.8,10477,10524,4606,4684,4567,4634,NaN,NaN
1541475900,10552,10600.25,10491.45,10530,4600,4624,4482,4504,NaN,NaN
1541562300,10614.45,10616.45,10582.3,10598.4,4525,4576,4525,4556,NaN,NaN
1541735100,10614.7,10619.55,10544.85,10585.2,4414,4423,4297,4362,NaN,NaN
1541994300,10607.8,10645.5,10464.05,10482.2,4424,4481,4400,4403,NaN,NaN
1542080700,10451.9,10596.25,10440.55,10582.5,4333,4333,4076,4103,NaN,NaN
1542167100,10634.9,10651.6,10532.7,10576.3,4030,4145,3968,4089,NaN,NaN
1542253500,10580.6,10646.5,10557.5,10616.7,4054,4119,4011,4070,NaN,NaN
1542339900,10644,10695.15,10631.15,10682.2,4079,4159,4014,4074,NaN,NaN
1542599100,10731.25,10774.7,10688.8,10763.4,4120,4153,3956,4070,NaN,NaN
1542685500,10740.1,10740.85,10640.85,10656.2,4083,4118,3854,3854,NaN,NaN
1542771900,10670.95,10671.3,10562.35,10600.05,3872,3987,3845,3949,NaN,NaN
1542858300,10612.65,10646.25,10512,10526.75,3892,3903,3810,3823,NaN,NaN
1543203900,10568.3,10637.8,10489.75,10628.6,3595,3712,3595,3678,NaN,NaN
1543290300,10621.45,10695.15,10596.35,10685.6,3668,3726,3582,3631,NaN,NaN
1543376700,10708.75,10757.8,10699.85,10728.85,3657,3724,3590,3632,NaN,NaN
1543463100,10808.7,10883.05,10782.35,10858.7,3568,3648,3464,3633,NaN,NaN
1543549500,10892.1,10922.45,10835.1,10876.75,3613,3633,3478,3576,NaN,NaN
1543808700,10930.7,10941.2,10845.35,10883.75,3606,3790,3606,3727,NaN,NaN
1543895100,10877.1,10890.95,10833.35,10869.5,3777,3867,3727,3768,NaN,NaN
1543981500,10820.45,10821.05,10747.95,10782.9,3765,3852,3692,3802,NaN,NaN
1544067900,10718.15,10722.65,10588.25,10601.15,3760,3793,3559,3619,NaN,NaN
1544154300,10644.8,10704.55,10599.35,10693.7,3630,3864,3586,3849,NaN,NaN
1544413500,10508.7,10558.85,10474.95,10488.45,3808,3808,3696,3766,NaN,NaN
1544499900,10350.05,10567.15,10333.85,10549.15,3737,3800,3656,3754,NaN,NaN
1544586300,10591,10752.2,10560.8,10737.6,3776,3815,3721,3749,NaN,NaN
1544672700,10810.75,10838.6,10749.5,10791.55,3713,3750,3616,3716,NaN,NaN
1544759100,10784.5,10815.75,10752.1,10805.45,3764,3799,3673,3690,NaN,NaN
1545018300,10853.2,10900.35,10844.85,10888.35,3730,3730,3576,3602,NaN,NaN
1545104700,10850.9,10915.4,10819.1,10908.7,3580,3580,3346,3375,NaN,NaN
1545191100,10930.55,10985.15,10928,10967.3,3340,3420,3275,3380,NaN,NaN
1545277500,10885.2,10962.55,10880.05,10951.7,3350,3350,3212,3245,NaN,NaN
1545363900,10944.25,10963.65,10738.65,10754,3256,3282,3186,3236,NaN,NaN
1545623100,10780.9,10782.3,10649.25,10663.5,3245,3259,3050,3077,NaN,NaN
1545795900,10635.45,10747.5,10534.55,10729.85,3015,3245,2993,3214,NaN,NaN
1545882300,10817.9,10834.2,10764.45,10779.8,3220,3274,3146,3183,NaN,NaN
1545968700,10820.95,10893.6,10817.15,10859.9,3221,3237,3124,3185,NaN,NaN
1546227900,10913.2,10923.55,10853.2,10862.55,3207,3257,3125,3170,NaN,NaN
1546314300,10881.7,10923.6,10807.1,10910.1,3208,3212,3152,3177,NaN,NaN
1546400700,10868.85,10895.35,10735.05,10792.5,3168,3360,3114,3328,NaN,NaN
1546487100,10796.8,10814.05,10661.25,10672.25,3277,3340,3202,3285,NaN,NaN
1546573500,10699.7,10741.05,10628.65,10727.35,3314,3439,3304,3348,NaN,NaN
1546832700,10804.85,10835.95,10750.15,10771.8,3381,3481,3374,3442,NaN,NaN
1546919100,10786.25,10818.45,10733.25,10802.15,3422,3513,3401,3474,NaN,NaN
1547005500,10862.4,10870.4,10749.4,10855.15,3525,3705,3525,3686,NaN,NaN
1547091900,10859.35,10859.35,10801.8,10821.6,3655,3719,3623,3678,NaN,NaN
1547178300,10834.75,10850.15,10739.4,10794.95,3693,3764,3614,3632,NaN,NaN
1547437500,10807,10808,10692.35,10737.6,3606,3670,3576,3628,NaN,NaN
1547523900,10777.55,10896.95,10777.55,10886.8,3624,3712,3607,3690,NaN,NaN
1547610300,10899.65,10928.15,10876.9,10890.3,3697,3745,3645,3686,NaN,NaN
1547696700,10920.85,10930.65,10844.65,10905.2,3708,3718,3631,3688,NaN,NaN
1547783100,10914.85,10928.2,10852.2,10906.95,3738,3834,3724,3817,NaN,NaN
1548042300,10919.35,10987.45,10885.75,10961.85,3875,3902,3838,3876,NaN,NaN
1548128700,10949.8,10949.8,10864.15,10922.75,3855,3858,3724,3749,NaN,NaN
1548215100,10931.05,10944.8,10811.95,10831.5,3770,3839,3708,3741,NaN,NaN
1548301500,10844.05,10866.6,10798.65,10849.8,3738,3805,3711,3791,NaN,NaN
1548387900,10859.75,10931.7,10756.45,10780.55,3822,3842,3776,3812,NaN,NaN
1548647100,10792.45,10804.45,10630.95,10661.55,3802,3806,3662,3682,NaN,NaN
1548733500,10653.7,10690.35,10583.65,10652.2,3716,3851,3700,3820,NaN,NaN
1548819900,10702.25,10710.2,10612.85,10651.8,3828,3923,3795,3906,NaN,NaN
1548906300,10690.55,10838.05,10678.55,10830.95,3891,3938,3848,3869,NaN,NaN
1548992700,10851.35,10983.45,10813.45,10893.65,3839,3989,3814,3963,NaN,NaN
1549251900,10876.75,10927.9,10814.15,10912.25,3959,4009,3833,3919,NaN,NaN
1549338300,10908.65,10956.7,10886.7,10934.35,3935,3970,3836,3845,NaN,NaN
1549424700,10965.1,11072.6,10962.7,11062.45,3846,3893,3796,3881,NaN,NaN
1549511100,11070.45,11118.1,11043.6,11069.4,3875,3879,3702,3727,NaN,NaN
1549597500,11023.5,11041.2,10925.45,10943.6,3738,3785,3714,3760,NaN,NaN
1549856700,10930.9,10930.9,10857.1,10888.8,3726,3754,3651,3719,NaN,NaN
1549943100,10879.7,10910.9,10823.8,10831.4,3764,3824,3729,3782,NaN,NaN
1550029500,10870.55,10891.65,10772.1,10793.65,3787,3874,3773,3843,NaN,NaN
1550115900,10786.1,10792.7,10718.75,10746.05,3832,3890,3781,3867,NaN,NaN
1550202300,10780.25,10785.75,10620.4,10724.4,3888,3979,3874,3951,NaN,NaN
1550461500,10738.65,10759.9,10628.4,10640.95,3944,4028,3944,4011,NaN,NaN
1550547900,10636.7,10722.85,10585.65,10604.35,3990,4019,3951,4003,NaN,NaN
1550634300,10655.45,10752.7,10646.4,10735.45,4059,4100,3985,4089,NaN,NaN
1550720700,10744.1,10808.85,10721.5,10789.85,4086,4110,4042,4061,NaN,NaN
1550807100,10782.7,10801.55,10758.4,10791.65,4067,4126,4057,4085,NaN,NaN
1551066300,10813.25,10887.1,10788.05,10880.1,4073,4093,3916,3932,NaN,NaN
1551152700,10775.3,10888.75,10729.3,10835.3,3938,3994,3927,3952,NaN,NaN
1551239100,10881.2,10939.7,10751.2,10806.65,3976,4098,3976,4089,NaN,NaN
1551325500,10865.7,10865.7,10784.85,10792.5,4068,4082,4012,4058,NaN,NaN
1551411900,10842.65,10877.9,10823.1,10863.5,4074,4117,3952,3973,NaN,NaN
1551757500,10864.85,10994.9,10817,10987.45,3995,4044,3966,4005,NaN,NaN
1551843900,11024.85,11062.3,10998.85,11053,3971,3977,3893,3938,NaN,NaN
1551930300,11077.95,11089.05,11027.1,11058.2,3954,3994,3935,3982,NaN,NaN
1552016700,11038.85,11049,11008.95,11035.4,3961,3961,3823,3886,NaN,NaN
1552275900,11068.75,11180.9,11059.85,11168.05,3900,3985,3900,3967,NaN,NaN
1552362300,11231.35,11320.4,11227,11301.2,3981,4014,3954,3970,NaN,NaN
1552448700,11326.2,11352.3,11276.6,11341.7,3982,4054,3974,4037,NaN,NaN
1552535100,11382.5,11383.45,11313.75,11343.25,4060,4085,4026,4061,NaN,NaN
1552621500,11376.85,11487,11370.8,11426.85,4069,4077,3992,4038,NaN,NaN
1552880700,11473.85,11530.15,11412.5,11462.2,4030,4064,3982,4058,NaN,NaN
1552967100,11500.3,11543.85,11451.25,11532.4,4062,4086,4021,4038,NaN,NaN
1553053500,11553.35,11556.1,11503.1,11521.05,4097,4159,4051,4119,NaN,NaN
1553226300,11549.2,11572.8,11434.55,11456.9,4131,4146,4053,4075,NaN,NaN
1553485500,11395.65,11395.65,11311.6,11354.25,4074,4105,4031,4095,NaN,NaN
1553571900,11375.2,11496.75,11352.45,11483.25,4100,4179,4089,4150,NaN,NaN
1553658300,11531.45,11546.2,11413,11445.05,4160,4172,4087,4119,NaN,NaN
1553744700,11463.65,11588.5,11452.45,11570,4112,4119,4051,4111,NaN,NaN
1553831100,11625.45,11630.35,11570.15,11623.9,4123,4215,4123,4185,NaN,NaN
1554090300,11665.2,11738.1,11644.75,11669.15,4193,4286,4193,4280,NaN,NaN
1554176700,11711.55,11729.35,11655.85,11713.2,4290,4325,4261,4321,NaN,NaN
1554263100,11735.3,11761,11629.15,11643.95,4333,4338,4268,4281,NaN,NaN
1554349500,11660.2,11662.55,11559.2,11598,4287,4348,4285,4334,NaN,NaN
1554435900,11638.4,11689.65,11609.5,11665.95,4315,4379,4287,4362,NaN,NaN
1554695100,11704.35,11710.3,11549.1,11604.5,4380,4492,4380,4481,NaN,NaN
1554781500,11612.05,11683.9,11569.7,11671.95,4496,4506,4421,4451,NaN,NaN
1554867900,11646.85,11680.05,11571.75,11584.3,4459,4482,4435,4474,NaN,NaN
1554954300,11592.55,11606.7,11550.55,11596.7,4462,4463,4377,4389,NaN,NaN
1555040700,11612.85,11657.35,11578.8,11643.45,4395,4476,4395,4451,NaN,NaN
1555299900,11667,11704.6,11648.25,11690.35,4409,4423,4377,4403,NaN,NaN
1555386300,11736.2,11810.95,11731.55,11787.15,4389,4439,4384,4431,NaN,NaN
1555559100,11856.15,11856.15,11738.5,11752.8,4425,4454,4404,4439,NaN,NaN
1555904700,11727.05,11727.05,11583.95,11594.45,4475,4613,4475,4593,NaN,NaN
1555991100,11612.95,11645.95,11564.8,11575.95,4599,4666,4590,4641,NaN,NaN
1556077500,11601.5,11740.85,11578.85,11726.15,4623,4692,4610,4629,NaN,NaN
1556163900,11735.7,11796.75,11624.3,11641.8,4616,4669,4616,4637,NaN,NaN
1556250300,11683.75,11762.9,11661.75,11754.65,4620,4620,4364,4409,NaN,NaN
1556595900,11748.75,11756.25,11655.9,11748.15,4420,4519,4420,4467,NaN,NaN
1556768700,11725.55,11789.3,11699.55,11724.75,4420,4426,4242,4277,NaN,NaN
1556855100,11722.6,11770.9,11699.35,11712.25,4294,4338,4253,4307,NaN,NaN
1557114300,11605.8,11632.55,11571.35,11598.25,4250,4362,4191,4346,NaN,NaN
1557200700,11651.5,11657.05,11484.45,11497.9,4339,4344,4232,4264,NaN,NaN
1557287100,11478.7,11479.1,11346.95,11359.45,4306,4350,4254,4334,NaN,NaN
1557373500,11322.4,11357.6,11255.05,11301.8,4315,4353,4283,4327,NaN,NaN
1557459900,11314.15,11345.8,11251.05,11278.9,4350,4362,4309,4326,NaN,NaN
1557719100,11258.7,11300.2,11125.6,11148.2,4326,4474,4287,4312,NaN,NaN
1557805500,11151.65,11294.75,11108.3,11222.05,4325,4377,4276,4352,NaN,NaN
1557891900,11271.7,11286.8,11136.95,11157,4346,4384,4286,4366,NaN,NaN
1557978300,11180.35,11281.55,11143.35,11257.1,4375,4452,4360,4420,NaN,NaN
1558064700,11261.9,11426.15,11259.85,11407.15,4431,4470,4398,4416,NaN,NaN
1558323900,11651.9,11845.2,11591.7,11828.25,4435,4455,4344,4360,NaN,NaN
1558410300,11863.65,11883.55,11682.8,11709.1,4430,4461,4390,4415,NaN,NaN
1558496700,11727.95,11784.8,11682.4,11737.9,4390,4393,4267,4276,NaN,NaN
1558583100,11901.3,12041.15,11614.5,11657.05,4278,4278,4008,4036,NaN,NaN
1558669500,11748,11859,11658.1,11844.1,4070,4112,4001,4071,NaN,NaN
1558928700,11855.5,11957.15,11812.4,11924.75,4092,4138,4052,4132,NaN,NaN
1559015100,11958.35,11958.55,11864.9,11928.75,4126,4155,4087,4143,NaN,NaN
1559101500,11905.8,11931.9,11836.8,11861.1,4123,4133,3986,4116,NaN,NaN
1559187900,11865.3,11968.55,11859.4,11945.9,4126,4167,3970,3989,NaN,NaN
1559274300,11999.8,12039.25,11829.45,11922.8,3973,3973,3758,3775,NaN,NaN
1559533500,11953.75,12103.05,11920.1,12088.55,3696,3788,3670,3715,NaN,NaN
1559619900,12052.65,12095.2,12005.85,12021.65,3690,3744,3642,3714,NaN,NaN
1559792700,12039.8,12039.8,11830.25,11843.75,3606,3627,3551,3582,NaN,NaN
1559879100,11865.2,11897.5,11769.5,11870.65,3597,3774,3597,3722,NaN,NaN
1560138300,11934.9,11975.05,11871.75,11922.7,3759,3797,3729,3754,NaN,NaN
1560224700,11959.85,12000.35,11904.35,11965.6,3727,3756,3696,3720,NaN,NaN
1560311100,11962.45,11962.45,11866.35,11906.2,3688,3688,3572,3596,NaN,NaN
1560397500,11873.9,11931.35,11817.05,11914.05,3575,3719,3536,3643,NaN,NaN
1560483900,11910.1,11911.85,11797.7,11823.3,3650,3698,3603,3675,NaN,NaN
1560743100,11844,11844.05,11657.75,11672.15,3677,3684,3624,3645,NaN,NaN
1560829500,11677.05,11727.2,11641.15,11691.5,3628,3778,3591,3732,NaN,NaN
1560915900,11744.45,11802.5,11625.1,11691.45,3755,3784,3713,3738,NaN,NaN
1561002300,11653.65,11843.5,11635.05,11831.75,3805,3997,3805,3977,NaN,NaN
1561088700,11827.6,11827.95,11705.1,11724.1,4005,4050,3960,4017,NaN,NaN
1561347900,11725.8,11754,11670.2,11699.65,4040,4062,3948,3993,NaN,NaN
1561434300,11681,11814.4,11651,11796.45,3991,4058,3972,4036,NaN,NaN
1561520700,11768.15,11871.85,11757.55,11847.55,4038,4164,4038,4129,NaN,NaN
1561607100,11860.85,11911.15,11821.05,11841.55,4114,4138,4062,4114,NaN,NaN
1561693500,11861.15,11871.7,11775.5,11788.85,4095,4137,4074,4095,NaN,NaN
1561952700,11839.9,11884.65,11830.8,11865.6,4123,4168,4028,4053,NaN,NaN
1562039100,11890.3,11917.45,11814.7,11910.3,4064,4106,3906,3947,NaN,NaN
1562125500,11932.15,11945.2,11887.05,11916.75,3908,3948,3867,3936,NaN,NaN
1562211900,11928.8,11969.25,11923.65,11946.75,3935,3935,3889,3897,NaN,NaN
1562298300,11964.75,11981.75,11797.9,11811.15,3888,3971,3856,3933,NaN,NaN
1562557500,11770.4,11771.9,11523.3,11558.6,3946,4008,3934,3978,NaN,NaN
1562643900,11531.6,11582.55,11461,11555.9,3969,3994,3936,3967,NaN,NaN
1562730300,11536.15,11593.7,11475.65,11498.9,4020,4121,4016,4116,NaN,NaN
1562816700,11561.45,11599,11519.5,11582.9,4125,4167,4120,4132,NaN,NaN
1562903100,11601.15,11639.55,11538.6,11552.5,4140,4165,4114,4138,NaN,NaN
1563162300,11614.75,11618.4,11532.3,11588.35,4116,4174,4072,4086,NaN,NaN
1563248700,11596.65,11670.05,11573.95,11662.6,4083,4128,3920,3947,NaN,NaN
1563335100,11670.75,11706.65,11651.15,11687.5,3967,4015,3893,3916,NaN,NaN
1563421500,11675.6,11677.15,11582.4,11596.9,3903,3951,3774,3815,NaN,NaN
1563507900,11627.95,11640.35,11399.3,11419.25,NaN,NaN,NaN,NaN,NaN,NaN
1563767100,11392.85,11398.15,11301.25,11346.2,3876,3943,3857,3894,NaN,NaN
1563853500,11372.25,11398.15,11302.8,11331.05,3885,3931,3852,3916,NaN,NaN
1563939900,11322.45,11359.75,11229.8,11271.3,3940,3990,3884,3908,NaN,NaN
1564026300,11290.4,11361.4,11239.35,11252.15,3884,3939,3870,3908,NaN,NaN
1564112700,11247.45,11307.6,11210.05,11284.3,3900,3906,3842,3869,NaN,NaN
1564371900,11307.5,11310.95,11152.4,11189.2,3877,3924,3846,3905,NaN,NaN
1564458300,11213.7,11267.45,11072.65,11085.4,3934,3998,3926,3987,NaN,NaN
1564544700,11034.05,11145.3,10999.4,11118,4000,4052,4000,4032,NaN,NaN
1564631100,11060.2,11076.75,10881,10980,4018,4018,3752,3790,NaN,NaN
1564717500,10930.3,11080.15,10848.95,10997.35,3810,3916,3805,3891,NaN,NaN
1564976700,10895.8,10895.8,10782.6,10862.6,3870,3959,3847,3903,NaN,NaN
1565063100,10815.4,11018.55,10813.8,10948.25,3918,3926,3850,3858,NaN,NaN
1565149500,10958.1,10975.65,10835.9,10855.5,3848,3848,3603,3641,NaN,NaN
1565235900,10899.2,11058.05,10842.95,11032.45,3666,3752,3666,3696,NaN,NaN
1565322300,11087.9,11181.45,11062.8,11109.65,3705,3902,3696,3892,NaN,NaN
1565667900,11139.4,11145.9,10901.6,10925.85,3903,4073,3872,4037,NaN,NaN
1565754300,11003.25,11078.15,10935.6,11029.4,4006,4029,3861,3914,NaN,NaN
1565927100,11043.65,11068.65,10924.3,11047.8,3923,3964,3864,3896,NaN,NaN
1566186300,11094.8,11146.9,11037.85,11053.9,3926,4006,3915,3997,NaN,NaN
1566272700,11063.9,11076.3,10985.3,11017,4030,4075,3966,4021,NaN,NaN
1566359100,11018.15,11034.2,10906.65,10918.7,4036,4093,3991,4015,NaN,NaN
1566445500,10905.3,10908.25,10718.3,10741.35,3995,4066,3950,4016,NaN,NaN
1566531900,10699.6,10862.55,10637.15,10829.35,4015,4015,3832,3863,NaN,NaN
1566791100,11000.3,11070.3,10756.55,11057.85,3842,3988,3842,3868,NaN,NaN
1566877500,11106.55,11141.75,11049.5,11105.35,3876,3927,3851,3910,NaN,NaN
1566963900,11101.3,11129.65,10987.65,11046.1,3938,4094,3938,4019,NaN,NaN
1567050300,10996.05,11021.1,10922.4,10948.3,4010,4087,4000,4042,NaN,NaN
1567136700,10987.8,11042.6,10874.8,11023.25,4067,4074,3921,3952,NaN,NaN
1567482300,10960.95,10967.5,10772.7,10797.9,3958,3979,3827,3883,NaN,NaN
1567568700,10790.4,10858.75,10746.35,10844.65,3899,4083,3882,4075,NaN,NaN
1567655100,10860.95,10920.1,10816,10847.9,4068,4153,4016,4092,NaN,NaN
1567741500,10883.8,10957.05,10867.45,10946.2,4073,4082,3933,4054,NaN,NaN
1568000700,10936.7,11028.85,10889.8,11003.05,4072,4173,4057,4163,NaN,NaN
1568173500,11028.5,11054.8,11011.65,11035.7,4165,4185,3981,4007,NaN,NaN
1568259900,11058.3,11081.75,10964.95,10982.8,4019,4024,3826,3899,NaN,NaN
1568346300,10986.8,11084.45,10945.75,11075.9,3903,3958,3871,3915,NaN,NaN
1568605500,10994.85,11052.7,10968.2,11003.5,3948,4555,3948,4520,NaN,NaN
1568691900,11000.1,11000.1,10796.5,10817.6,4463,4503,4186,4245,NaN,NaN
1568778300,10872.8,10885.15,10804.85,10840.65,4214,4238,4099,4138,NaN,NaN
1568864700,10845.2,10845.2,10670.25,10704.8,4099,4237,4099,4144,NaN,NaN
1568951100,10746.8,11381.9,10691,11274.2,4205,4227,4154,4178,NaN,NaN
1569210300,11542.7,11694.85,11471.35,11600.2,4180,4194,4084,4151,NaN,NaN
1569296700,11590.7,11655.05,11539.2,11588.2,4152,4158,4067,4083,NaN,NaN
1569383100,11564.85,11564.95,11416.1,11440.2,4080,4080,3960,4001,NaN,NaN
1569469500,11469.85,11610.85,11466.35,11571.2,4026,4047,3942,3974,NaN,NaN
1569555900,11556.35,11593.6,11499.75,11512.4,3999,4015,3869,3934,NaN,NaN
1569815100,11491.15,11508.25,11390.8,11474.45,3960,3969,3872,3880,NaN,NaN
1569901500,11515.4,11554.2,11247.9,11359.9,3889,3919,3798,3812,NaN,NaN
1570074300,11322.25,11370.4,11257.35,11314,3780,3780,3622,3728,NaN,NaN
1570160700,11388.45,11400.3,11158.35,11174.75,3746,3796,3697,3735,NaN,NaN
1570419900,11196.2,11233.85,11112.65,11126.4,3746,3845,3745,3784,NaN,NaN
1570592700,11152.95,11321.6,11090.15,11313.3,3736,3827,3727,3765,NaN,NaN
1570679100,11280.5,11293.35,11208.55,11234.55,3743,3804,3715,3785,NaN,NaN
1570765500,11257.7,11362.9,11189.4,11305.05,3807,3902,3807,3869,NaN,NaN
1571024700,11335.9,11420.45,11290.05,11341.15,3898,3898,3767,3815,NaN,NaN
1571111100,11360.85,11462.35,11342.1,11428.3,3804,3853,3748,3824,NaN,NaN
1571197500,11464.95,11481.05,11411.1,11464,3810,3838,3759,3818,NaN,NaN
1571283900,11466.3,11599.1,11439.65,11586.35,3804,3817,3743,3805,NaN,NaN
1571370300,11580.3,11684.7,11553.15,11661.85,3822,3890,3800,3808,NaN,NaN
1571715900,11657.15,11714.35,11573.65,11588.35,3811,3896,3785,3852,NaN,NaN
1571802300,11596.2,11651.6,11554.4,11604.1,3846,3962,3813,3948,NaN,NaN
1571888700,11661.65,11679.6,11534.65,11582.6,3940,4015,3934,4008,NaN,NaN
1571975100,11646.15,11646.9,11490.75,11583.9,3993,4045,3928,4020,NaN,NaN
1572179400,11662.25,11672.4,11604.6,11627.15,NaN,NaN,NaN,NaN,NaN,NaN
1572320700,11643.95,11809.4,11627.35,11786.85,3947,3968,3875,3960,NaN,NaN
1572407100,11883.9,11883.95,11784.45,11844.1,3945,3957,3870,3880,NaN,NaN
1572493500,11890.45,11945,11855.1,11877.45,3904,3940,3822,3853,NaN,NaN
1572579900,11886.6,11918.3,11843.35,11890.6,3861,3948,3843,3938,NaN,NaN
1572839100,11928.9,11989.15,11905.35,11941.3,3947,4064,3946,4050,NaN,NaN
1572925500,11974.6,11978.95,11861.9,11917.2,4035,4072,3982,4043,NaN,NaN
1573011900,11911.5,12002.9,11850.25,11966.05,4034,4104,3987,4005,NaN,NaN
1573098300,12021.1,12021.4,11946.85,12012.05,4007,4114,3995,4093,NaN,NaN
1573184700,11987.15,12034.15,11888.75,11908.15,4071,4087,3980,4076,NaN,NaN
1573443900,11879.2,11932.65,11853.95,11913.45,4062,4099,4018,4078,NaN,NaN
1573616700,11908.3,11946.8,11823.2,11840.45,4080,4146,4045,4139,NaN,NaN
1573703100,11858.75,11895.65,11802.65,11872.1,4128,4158,4091,4101,NaN,NaN
1573789500,11904.2,11973.65,11879.25,11895.45,4097,4149,4050,4134,NaN,NaN
1574048700,11915.15,11946.2,11867.6,11884.5,4133,4162,4068,4077,NaN,NaN
1574135100,11919.45,11958.85,11881.75,11940.1,4095,4104,3974,3982,NaN,NaN
1574221500,12004.75,12038.6,11966.05,11999.1,3998,4127,3953,4098,NaN,NaN
1574307900,12025.65,12028.2,11956.9,11968.4,4098,4199,4069,4191,NaN,NaN
1574394300,11967.3,11968.1,11883.5,11914.4,4183,4222,4133,4169,NaN,NaN
1574653500,11922.45,12084.5,11919.75,12073.75,4164,4173,4109,4144,NaN,NaN
1574739900,12110.2,12132.45,12006.35,12037.7,4151,4190,4135,4163,NaN,NaN
1574826300,12068.5,12114.9,12055.15,12100.7,4173,4192,4104,4127,NaN,NaN
1574912700,12132.1,12158.8,12099.95,12151.15,4132,4192,4125,4178,NaN,NaN
1574999100,12146.2,12147.4,12017.4,12056.05,4173,4180,3958,3980,NaN,NaN
1575258300,12137.05,12137.15,12023.7,12048.2,4000,4067,3990,4008,NaN,NaN
1575344700,12067.65,12068.6,11956.4,11994.2,4025,4047,3973,4039,NaN,NaN
1575431100,11969.95,12054.7,11935.3,12043.2,4048,4195,4041,4184,NaN,NaN
1575517500,12071.25,12081.2,11998.75,12018.4,4167,4215,4140,4161,NaN,NaN
1575603900,12047.35,12057.05,11888.85,11921.5,4159,4267,4114,4206,NaN,NaN
1575863100,11939.1,11981.95,11888.05,11937.5,4198,4209,4138,4197,NaN,NaN
1575949500,11950.5,11953.2,11844.7,11856.8,4191,4214,4152,4195,NaN,NaN
1576035900,11867.35,11923.2,11832.3,11910.15,4175,4192,4115,4156,NaN,NaN
1576122300,11944.3,12005.5,11934,11971.8,4161,4223,4152,4200,NaN,NaN
1576208700,12026.4,12098.85,12023.6,12086.7,4196,4273,4194,4241,NaN,NaN
1576467900,12131.35,12134.65,12046.3,12053.95,4236,4279,4230,4272,NaN,NaN
1576554300,12082.45,12182.75,12070.35,12165,4263,4337,4256,4329,NaN,NaN
1576640700,12197,12237.7,12163.45,12221.65,4317,4374,4285,4344,NaN,NaN
1576727100,12223.4,12268.35,12191.15,12259.7,4324,4372,4313,4360,NaN,NaN
1576813500,12266.45,12293.9,12252.75,12271.8,4360,4364,4276,4294,NaN,NaN
1577072700,12235.45,12287.15,12213.25,12262.75,4290,4332,4284,4325,NaN,NaN
1577159100,12269.25,12283.7,12202.1,12214.55,4326,4366,4312,4356,NaN,NaN
1577331900,12211.85,12221.55,12118.85,12126.55,4370,4414,4353,4403,NaN,NaN
1577418300,12172.9,12258.45,12157.9,12245.8,4394,4430,4379,4416,NaN,NaN
1577677500,12274.9,12286.45,12213.8,12255.85,4433,4450,4363,4401,NaN,NaN
1577763900,12247.1,12247.1,12151.8,12168.45,4404,4427,4325,4386,NaN,NaN
1577850300,12202.15,12222.2,12165.3,12182.5,4374,4389,4366,4380,NaN,NaN
1577936700,12198.55,12289.9,12195.25,12282.2,4376,4388,4332,4343,NaN,NaN
1578023100,12261.1,12265.6,12191.35,12226.65,4360,4603,4360,4499,NaN,NaN
1578282300,12170.6,12179.1,11974.2,11993.05,4525,4670,4518,4538,NaN,NaN
1578368700,12079.1,12152.15,12005.35,12052.95,4511,4538,4466,4494,NaN,NaN
1578455100,11939.1,12044.95,11929.6,12025.35,4519,4590,4243,4260,NaN,NaN
1578541500,12153.15,12224.05,12132.55,12215.9,4250,4302,4178,4237,NaN,NaN
1578627900,12271,12311.2,12213.2,12256.8,4240,4247,4172,4202,NaN,NaN
1578887100,12296.7,12337.75,12285.8,12329.55,4203,4203,4103,4132,NaN,NaN
1578973500,12333.1,12374.25,12308.7,12362.3,4111,4159,4092,4138,NaN,NaN
1579059900,12349.4,12355.15,12278.75,12343.3,4126,4131,4059,4100,NaN,NaN
1579146300,12347.1,12389.05,12315.8,12355.5,4119,4175,4081,4165,NaN,NaN
1579232700,12328.4,12385.45,12321.4,12352.35,4160,4197,4138,4146,NaN,NaN
1579491900,12430.5,12430.5,12216.9,12224.55,4165,4222,4165,4182,NaN,NaN
1579578300,12195.3,12230.05,12162.3,12169.85,4171,4194,4117,4186,NaN,NaN
1579664700,12218.35,12225.05,12087.9,12106.9,4171,4171,4031,4048,NaN,NaN
1579751100,12123.75,12189,12094.1,12180.35,4045,4045,3917,3931,NaN,NaN
1579837500,12174.55,12272.15,12149.65,12248.25,3951,3995,3850,3873,NaN,NaN
1580096700,12197.1,12216.6,12107,12119,3844,3844,3735,3783,NaN,NaN
1580183100,12148.1,12163.55,12024.5,12055.8,3783,3849,3763,3808,NaN,NaN
1580269500,12114.9,12169.6,12103.8,12129.5,3822,3882,3777,3806,NaN,NaN
1580355900,12147.75,12150.3,12010.6,12035.8,3799,3799,3712,3723,NaN,NaN
1580442300,12100.4,12103.55,11945.85,11962.1,3739,3817,3667,3683,NaN,NaN
1580528700,11939,12017.35,11633.3,11661.85,NaN,NaN,NaN,NaN,NaN,NaN
1580701500,11627.45,11749.85,11614.5,11707.9,3690,3724,3572,3626,NaN,NaN
1580787900,11786.25,11986.15,11783.4,11979.65,3606,3680,3572,3584,NaN,NaN
1580874300,12005.85,12098.15,11953.35,12089.15,3590,3700,3551,3680,NaN,NaN
1580960700,12120,12160.6,12084.65,12137.95,3689,3719,3583,3630,NaN,NaN
1581047100,12151.15,12154.7,12073.95,12098.35,3650,3673,3588,3617,NaN,NaN
1581306300,12102.35,12103.55,11990.75,12031.5,3615,3615,3531,3541,NaN,NaN
1581392700,12108.4,12172.3,12099,12107.9,3555,3614,3555,3580,NaN,NaN
1581479100,12151,12231.75,12144.3,12201.2,3580,3694,3580,3662,NaN,NaN
1581565500,12219.55,12225.65,12139.8,12174.65,3675,3703,3614,3675,NaN,NaN
1581651900,12190.15,12246.7,12091.2,12113.45,3685,3744,3667,3707,NaN,NaN
1581911100,12131.8,12159.6,12037,12045.8,3714,3743,3707,3736,NaN,NaN
1581997500,12028.25,12030.75,11908.05,11992.5,3721,3721,3634,3698,NaN,NaN
1582083900,12090.6,12134.7,12042.1,12125.9,3710,3819,3710,3813,NaN,NaN
1582170300,12119,12152,12071.45,12080.85,3860,3949,3843,3904,NaN,NaN
1582515900,12012.55,12012.55,11813.4,11829.4,3827,3827,3651,3662,NaN,NaN
1582602300,11877.5,11883.05,11779.9,11797.9,3699,3751,3626,3644,NaN,NaN
1582688700,11738.55,11783.25,11639.6,11678.5,3645,3645,3526,3546,NaN,NaN
1582775100,11661.25,11663.85,11536.7,11633.3,3530,3530,3306,3395,NaN,NaN
1582861500,11382,11384.8,11175.05,11201.75,3322,3353,3206,3263,NaN,NaN
1583120700,11387.35,11433,11036.25,11132.75,3326,3458,3284,3431,NaN,NaN
1583207100,11217.55,11342.25,11152.55,11303.3,3449,3577,3433,3457,NaN,NaN
1583293500,11351.35,11356.6,11082.15,11251,3478,3577,3455,3507,NaN,NaN
1583379900,11306.05,11389.5,11244.6,11269,3502,3518,3412,3431,NaN,NaN
1583466300,10942.65,11035.1,10827.4,10989.45,3424,3424,3139,3159,NaN,NaN
1583725500,10742.05,10751.55,10294.45,10451.45,3130,3130,2151,2458,NaN,NaN
1583898300,10334.3,10545.1,10334,10458.4,2563,2649,2446,2483,NaN,NaN
1583984700,10039.95,10040.75,9508,9590.1504,2440,2440,2260,2328,NaN,NaN
1584071100,9107.5996,10159.4,8555.1504,9955.2002,2342,2511,2316,2396,NaN,NaN
1584330300,9587.7998,9602.2002,9165.0996,9197.4004,2334,2343,2123,2161,NaN,NaN
1584416700,9285.4004,9403.7998,8915.5996,8967.0498,2213,2253,2068,2095,NaN,NaN
1584503100,9088.4502,9127.5498,8407.0498,8468.7998,2016,2036,1583,1619,NaN,NaN
1584589500,8063.2998,8575.4502,7832.5498,8263.4502,1682,1904,1612,1867,NaN,NaN
1584675900,8284.4502,8883,8178.2002,8745.4502,2059,2182,1823,1938,NaN,NaN
1584935100,7945.7002,8159.25,7583.6001,7610.25,1905,1905,1741,1814,NaN,NaN
1585021500,7848.2998,8036.9502,7511.1001,7801.0498,1886,1982,1855,1873,NaN,NaN
1585107900,7735.1499,8376.75,7714.75,8317.8496,1908,1984,1841,1959,NaN,NaN
1585194300,8451,8749.0498,8304.9004,8641.4502,1922,1928,1776,1787,NaN,NaN
1585280700,8949.0996,9038.9004,8522.9004,8660.25,1795,1823,1683,1699,NaN,NaN
1585539900,8385.9502,8576,8244,8281.0996,1632,1800,1594,1616,NaN,NaN
1585626300,8529.3496,8678.2998,8358,8597.75,1654,1694,1638,1680,NaN,NaN
1585712700,8584.0996,8588.0996,8198.3496,8253.7998,1658,1658,1550,1621,NaN,NaN
1585885500,8356.5498,8356.5498,8055.7998,8083.7998,1660,2104,1660,2048,NaN,NaN
1586231100,8446.2998,8819.4004,8360.9502,8792.2002,2060,2098,2034,2064,NaN,NaN
1586317500,8688.9004,9131.7002,8653.9004,8748.75,2043,2043,1871,1894,NaN,NaN
1586403900,8973.0498,9128.3496,8904.5498,9111.9004,1969,2117,1952,2080,NaN,NaN
1586749500,9103.9502,9112.0498,8912.4004,8993.8496,1997,1997,1735,1780,NaN,NaN
1586922300,9196.4004,9261.2002,8874.0996,8925.2998,1750,1750,1500,1529,NaN,NaN
1587008700,8851.25,9053.75,8821.9004,8992.7998,1545,1584,1535,1561,NaN,NaN
1587095100,9323.4502,9324,9091.3496,9266.75,1588,1590,1381,1436,NaN,NaN
1587354300,9390.2002,9390.8496,9230.7998,9261.8496,1385,1385,963,995,NaN,NaN
1587440700,9016.9502,9044.4004,8909.4004,8981.4502,1727,1727,1221,1324,NaN,NaN
1587527100,9026.75,9209.75,8946.25,9187.2998,1272,1272,848,937,NaN,NaN
1587613500,9232.3496,9343.5996,9170.1504,9313.9004,960,1424,960,1289,NaN,NaN
1587699900,9163.9004,9296.9004,9141.2998,9154.4004,1340,1405,1218,1350,NaN,NaN
1587959100,9259.7002,9377.0996,9250.3496,9282.2998,1296,1296,941,1066,NaN,NaN
1588045500,9389.7998,9404.4004,9260,9380.9004,1024,1064,795,1005,NaN,NaN
1588131900,9408.5996,9599.8496,9392.3496,9553.3496,1045,1276,1030,1183,NaN,NaN
1588218300,9753.5,9889.0498,9731.5,9859.9004,1230,1423,1230,1315,NaN,NaN
1588563900,9533.5,9533.5,9266.9502,9293.5,1458,1572,1386,1555,NaN,NaN
1588650300,9429.4004,9450.9004,9190.75,9205.5996,1600,1924,1600,1869,NaN,NaN
1588736700,9226.7998,9346.9004,9116.5,9270.9004,1891,1964,1745,1801,NaN,NaN
1588823100,9234.0498,9277.8496,9175.9004,9199.0498,1849,2043,1785,1834,NaN,NaN
1588909500,9376.9502,9382.6504,9238.2002,9251.5,1827,1906,1776,1837,NaN,NaN
1589168700,9348.1504,9439.9004,9219.9502,9239.2002,1845,1947,1805,1845,NaN,NaN
1589255100,9168.8496,9240.8496,9043.9502,9196.5498,1854,1978,1848,1948,NaN,NaN
1589341500,9584.2002,9584.5,9351.0996,9383.5498,1918,1995,1889,1911,NaN,NaN
1589427900,9213.9502,9281.0996,9119.75,9142.75,1922,2068,1919,2054,NaN,NaN
1589514300,9182.4004,9182.4004,9050,9136.8496,2085,2268,2085,2246,NaN,NaN
1589773500,9158.2998,9158.2998,8806.75,8823.25,2335,2528,2302,2401,NaN,NaN
1589859900,8961.7002,9030.3496,8855.2998,8879.0996,2372,2476,2372,2402,NaN,NaN
1589946300,8889.1504,9093.7998,8875.3496,9066.5498,2439,2563,2417,2520,NaN,NaN
1590032700,9079.4502,9178.5498,9056.0996,9106.25,2573,2638,2527,2563,NaN,NaN
1590119100,9067.9004,9149.5996,8968.5498,9039.25,2480,2533,2375,2523,NaN,NaN
1590464700,9099.75,9161.6504,8996.6504,9029.0498,2599,2635,2529,2574,NaN,NaN
1590551100,9082.2002,9334,9004.25,9314.9502,2576,2606,2451,2512,NaN,NaN
1590637500,9364.9502,9511.25,9336.5,9490.0996,2412,2595,2380,2582,NaN,NaN
1590723900,9422.2002,9598.8496,9376.9004,9580.2998,2523,2580,2450,2564,NaN,NaN
1590983100,9726.8496,9931.5996,9706.9502,9826.1504,2666,2700,2595,2669,NaN,NaN
1591069500,9880.8496,9995.5996,9824.0498,9979.0996,2689,2759,2678,2746,NaN,NaN
1591155900,10108.3,10176.2,10035.55,10061.55,2764,2878,2716,2780,NaN,NaN
1591242300,10054.25,10123.85,9944.25,10029.1,2758,2830,2726,2817,NaN,NaN
1591328700,10093.8,10177.8,10040.75,10142.15,2825,2997,2820,2990,NaN,NaN
1591587900,10326.75,10328.5,10120.25,10167.45,3020,3046,2871,2882,NaN,NaN
1591674300,10181.15,10291.15,10021.45,10046.65,2913,2928,2805,2888,NaN,NaN
1591760700,10072.6,10148.75,10036.85,10116.15,2890,2981,2827,2964,NaN,NaN
1591847100,10094.1,10112.05,9885.0498,9902,2908,2934,2702,2782,NaN,NaN
1591933500,9544.9502,9996.0498,9544.3496,9972.9004,2671,2811,2652,2738,NaN,NaN
1592192700,9919.3496,9943.3496,9726.3496,9813.7002,2690,2801,2616,2785,NaN,NaN
1592279100,10014.8,10046.15,9728.5,9914,2806,2977,2789,2930,NaN,NaN
1592365500,9876.7002,10003.6,9833.7998,9881.1504,2858,2954,2839,2907,NaN,NaN
1592451900,9863.25,10111.2,9845.0498,10091.65,2858,2968,2846,2956,NaN,NaN
1592538300,10119,10272.4,10072.65,10244.4,2981,3089,2927,3023,NaN,NaN
1592797500,10318.75,10393.65,10277.6,10311.2,3045,3081,2992,3064,NaN,NaN
1592883900,10347.95,10484.7,10301.75,10471,3094,3153,3050,3066,NaN,NaN
1592970300,10529.25,10553.15,10281.95,10305.3,3043,3077,2857,2893,NaN,NaN
1593056700,10235.55,10361.8,10194.5,10288.9,2855,2964,2808,2947,NaN,NaN
1593143100,10378.9,10409.85,10311.25,10383,2957,2983,2869,2906,NaN,NaN
1593402300,10311.95,10337.95,10223.6,10312.4,2878,3018,2838,3000,NaN,NaN
1593488700,10382.6,10401.05,10267.35,10302.1,2989,3033,2937,3015,NaN,NaN
1593575100,10323.8,10447.05,10299.6,10430.05,3010,3072,2957,3003,NaN,NaN
1593661500,10493.05,10598.2,10485.55,10551.7,3018,3051,2967,3024,NaN,NaN
1593747900,10614.95,10631.3,10562.65,10607.35,3019,3066,2980,3034,NaN,NaN
1594007100,10723.85,10811.4,10695.1,10763.65,3027,3074,3001,3043,NaN,NaN
1594093500,10802.85,10813.8,10689.7,10799.65,3022,3073,2994,3063,NaN,NaN
1594179900,10818.65,10847.85,10676.55,10705.75,3040,3085,3029,3073,NaN,NaN
1594266300,10755.55,10836.85,10733,10813.45,3062,3074,2951,2986,NaN,NaN
1594352700,10764.1,10819.4,10713,10768.05,2956,3066,2902,3043,NaN,NaN
1594611900,10851.85,10894.05,10756.05,10802.7,3029,3062,2984,3055,NaN,NaN
1594698300,10750.85,10755.65,10562.9,10607.35,2949,3056,2944,3035,NaN,NaN
1594784700,10701,10827.45,10577.75,10618.2,3050,3097,3014,3094,NaN,NaN
1594871100,10706.2,10755.3,10595.2,10739.95,3075,3090,3053,3065,NaN,NaN
1594957500,10752,10933.45,10749.65,10901.7,3064,3067,3001,3053,NaN,NaN
1595216700,10999.45,11037.9,10953,11022.2,3027,3072,2981,3060,NaN,NaN
1595303100,11126.1,11179.55,11113.25,11162.25,3070,3182,3060,3124,NaN,NaN
1595389500,11231.2,11238.1,11056.55,11132.6,3116,3143,3056,3135,NaN,NaN
1595475900,11135,11239.8,11103.15,11215.45,3140,3175,3107,3116,NaN,NaN
1595562300,11149.95,11225.4,11090.3,11194.15,3155,3155,3047,3072,NaN,NaN
1595821500,11225,11225,11087.85,11131.8,3078,3127,3036,3117,NaN,NaN
1595907900,11154.1,11317.75,11151.4,11300.55,3116,3125,3052,3077,NaN,NaN
1595994300,11276.9,11341.4,11149.75,11202.85,3082,3132,3068,3092,NaN,NaN
1596080700,11254.3,11299.95,11084.95,11102.15,3099,3100,2908,2992,NaN,NaN
1596167100,11139.5,11150.4,11026.65,11073.45,3004,3041,2978,3023,NaN,NaN
1596426300,11057.55,11058.05,10882.25,10891.6,3002,3112,2976,3103,NaN,NaN
1596512700,10946.65,11112.25,10908.1,11095.25,3060,3163,3016,3151,NaN,NaN
1596599100,11155.75,11225.65,11064.05,11101.65,3134,3263,3115,3161,NaN,NaN
1596685500,11185.7,11256.8,11127.3,11200.15,3155,3201,3122,3152,NaN,NaN
1596771900,11186.65,11231.9,11142.05,11214.05,3151,3165,3084,3095,NaN,NaN
1597031100,11270.25,11337.3,11238,11270.15,3129,3172,3106,3161,NaN,NaN
1597117500,11322.25,11373.6,11299.15,11322.5,3163,3204,3116,3131,NaN,NaN
1597203900,11289,11322,11242.65,11308.4,3124,3193,3117,3178,NaN,NaN
1597290300,11334.85,11359.3,11269.95,11300.45,3193,3207,3151,3159,NaN,NaN
1597376700,11353.3,11366.25,11111.45,11178.4,3163,3174,3116,3131,NaN,NaN
1597635900,11248.9,11267.1,11144.5,11247.1,3181,3206,3108,3194,NaN,NaN
1597722300,11259.8,11401.7,11253.15,11385.35,3190,3215,3138,3193,NaN,NaN
1597808700,11452.15,11460.35,11394.1,11408.4,3190,3227,3166,3202,NaN,NaN
1597895100,11317.45,11361.45,11289.8,11312.2,3223,3227,3138,3211,NaN,NaN
1597981500,11409.65,11418.5,11362.2,11371.6,3220,3229,3116,3155,NaN,NaN
1598240700,11412,11497.25,11410.65,11466.45,3175,3198,3147,3166,NaN,NaN
1598327100,11513.1,11525.9,11423.35,11472.25,3165,3237,3158,3226,NaN,NaN
1598413500,11512.85,11561.75,11461.85,11549.6,3225,3255,3204,3235,NaN,NaN
1598499900,11609.3,11617.35,11540.6,11559.25,3215,3234,3137,3172,NaN,NaN
1598586300,11602.95,11686.05,11589.4,11647.6,3182,3188,3135,3149,NaN,NaN
1598845500,11777.55,11794.25,11325.85,11387.5,3165,3213,3138,3145,NaN,NaN
1598931900,11464.3,11553.55,11366.9,11470.25,3159,3177,3131,3145,NaN,NaN
1599018300,11478.55,11554.75,11430.4,11535,3155,3165,3033,3059,NaN,NaN
1599104700,11566.2,11584.95,11507.65,11527.45,3060,3060,2963,3044,NaN,NaN
1599191100,11354.4,11452.05,11303.65,11333.85,3016,3069,2887,2903,NaN,NaN
1599450300,11359.6,11381.15,11251.7,11355.05,2894,2919,2855,2899,NaN,NaN
1599536700,11378.55,11437.25,11290.45,11317.35,2866,2880,2672,2705,NaN,NaN
1599623100,11218.6,11298.15,11185.15,11278,2698,2824,2675,2804,NaN,NaN
1599709500,11363.3,11464.05,11327.4,11449.25,2779,2798,2728,2765,NaN,NaN
1599795900,11447.8,11493.5,11419.9,11464.45,2722,2779,2702,2743,NaN,NaN
1600055100,11540.15,11568.9,11383.55,11440.05,2769,2769,2705,2748,NaN,NaN
1600141500,11487.2,11535.95,11442.25,11521.8,2738,2844,2727,2828,NaN,NaN
1600227900,11538.45,11618.1,11516.75,11604.55,2845,2959,2845,2940,NaN,NaN
1600314300,11539.4,11587.2,11498.5,11516.1,2920,3034,2904,3024,NaN,NaN
1600400700,11584.1,11584.1,11446.1,11504.95,3035,3042,2966,2993,NaN,NaN
1600659900,11503.8,11535.25,11218.5,11250.55,3022,3029,2835,2857,NaN,NaN
1600746300,11301.75,11302.2,11084.65,11153.65,2921,2966,2886,2920,NaN,NaN
1600832700,11258.75,11259.55,11024.4,11131.85,2956,3004,2894,2947,NaN,NaN
1600919100,11011,11015.3,10790.2,10805.55,2918,2979,2905,2973,NaN,NaN
1601005500,10910.4,11072.6,10854.85,11050.25,2992,3004,2934,2969,NaN,NaN
1601264700,11140.85,11239.35,11099.85,11227.55,2952,3009,2932,2989,NaN,NaN
1601351100,11288.6,11305.4,11181,11222.4,2975,2995,2837,2877,NaN,NaN
1601437500,11244.45,11295.4,11184.55,11247.55,2875,2948,2855,2934,NaN,NaN
1601523900,11364.45,11428.6,11347.05,11416.95,2952,2973,2758,2837,NaN,NaN
1601869500,11487.8,11578.05,11452.3,11503.35,2790,2907,2760,2899,NaN,NaN
1601955900,11603.45,11680.3,11564.3,11662.4,2889,2999,2873,2972,NaN,NaN
1602042300,11679.25,11763.05,11629.35,11738.85,2935,2965,2881,2916,NaN,NaN
1602128700,11835.4,11905.7,11791.15,11834.6,2932,3032,2925,3025,NaN,NaN
1602215100,11852.05,11938.6,11805.2,11914.2,3007,3032,2947,2960,NaN,NaN
1602474300,11973.55,12022.05,11867.2,11930.95,2951,2951,2865,2889,NaN,NaN
1602560700,11934.65,11988.2,11888.9,11934.5,2894,2979,2886,2958,NaN,NaN
1602647100,11917.4,11997.2,11822.15,11971.05,2938,3017,2918,3004,NaN,NaN
1602733500,12023.45,12025.45,11661.3,11680.35,3011,3016,2881,2994,NaN,NaN
1602819900,11727.4,11789.75,11667.85,11762.45,2968,3025,2938,2995,NaN,NaN
1603079100,11879.2,11898.25,11820.4,11873.05,2988,3029,2966,2998,NaN,NaN
1603165500,11861,11949.25,11837.25,11896.8,3010,3055,2981,3045,NaN,NaN
1603251900,11958.55,12018.65,11775.75,11937.65,3053,3058,2932,2950,NaN,NaN
1603338300,11890,11939.55,11823.45,11896.45,2925,3026,2925,2998,NaN,NaN
1603424700,11957.9,11974.55,11908.75,11930.35,3006,3019,2926,2939,NaN,NaN
1603683900,11937.4,11942.85,11711.7,11767.75,2896,2902,2836,2846,NaN,NaN
1603770300,11807.1,11899.05,11723,11889.4,2869,2943,2843,2934,NaN,NaN
1603856700,11922.6,11929.4,11684.85,11729.6,2887,2887,2743,2772,NaN,NaN
1603943100,11633.3,11744.15,11606.45,11670.8,2776,2794,2606,2698,NaN,NaN
1604029500,11678.45,11748.95,11535.45,11642.4,2691,2729,2630,2642,NaN,NaN
1604288700,11697.35,11725.65,11557.4,11669.15,2573,2745,2540,2731,NaN,NaN
1604375100,11734.45,11836.2,11723.3,11813.5,2748,2858,2721,2820,NaN,NaN
1604461500,11783.35,11929.65,11756.4,11908.5,2850,2913,2793,2897,NaN,NaN
1604547900,12062.4,12131.1,12027.6,12120.3,2878,2916,2838,2871,NaN,NaN
1604634300,12156.65,12280.4,12131.85,12263.55,2825,2860,2744,2766,NaN,NaN
1604893500,12399.4,12474.05,12367.35,12461.05,2796,3048,2796,3001,NaN,NaN
1604979900,12556.4,12643.9,12475.25,12631.1,2955,3076,2931,3058,NaN,NaN
1605066300,12680.6,12769.75,12571.1,12749.15,3116,3204,3090,3124,NaN,NaN
1605152700,12702.15,12741.15,12624.85,12690.8,3117,3150,3064,3123,NaN,NaN
1605239100,12659.7,12735.95,12607.7,12719.95,3048,3049,2994,3007,NaN,NaN
1605357000,12823.35,12828.7,12749.45,12780.25,2963,3012,2963,2992,NaN,NaN
1605584700,12932.5,12934.05,12797.1,12874.2,3094,3108,3023,3049,NaN,NaN
1605671100,12860.1,12948.85,12819.35,12938.25,3072,3148,3064,3124,NaN,NaN
1605757500,12839.5,12963,12745.75,12771.7,3098,3109,3046,3078,NaN,NaN
1605843900,12813.4,12892.45,12730.25,12859.05,3129,3149,3097,3129,NaN,NaN
1606103100,12960.3,12968.85,12825.7,12926.45,3150,3219,3150,3195,NaN,NaN
1606189500,13002.6,13079.1,12978,13055.15,3227,3355,3209,3333,NaN,NaN
1606275900,13130,13145.85,12833.65,12858.4,3369,3415,3337,3400,NaN,NaN
1606362300,12906.45,13018,12790.4,12987,3404,3404,3306,3324,NaN,NaN
1606448700,13012.05,13035.3,12914.3,12968.95,3328,3391,3299,3364,NaN,NaN
1606794300,13062.2,13128.4,12962.8,13109.05,3327,3369,3252,3287,NaN,NaN
1606880700,13121.4,13128.5,12983.55,13113.75,3251,3391,3244,3359,NaN,NaN
1606967100,13215.3,13216.6,13107.9,13133.9,3350,3394,3305,3385,NaN,NaN
1607053500,13177.4,13280.05,13152.85,13258.55,3430,3449,3374,3407,NaN,NaN
1607312700,13264.85,13366.65,13241.95,13355.75,3399,3436,3358,3426,NaN,NaN
1607399100,13393.85,13435.45,13311.05,13392.95,3368,3389,3331,3371,NaN,NaN
1607485500,13458.1,13548.9,13449.6,13529.1,3350,3407,3318,3377,NaN,NaN
1607571900,13488.5,13503.55,13399.3,13478.3,3377,3522,3360,3477,NaN,NaN
1607658300,13512.3,13579.35,13402.85,13513.85,3455,3480,3421,3439,NaN,NaN
1607917500,13571.45,13597.5,13472.45,13558.15,3445,3491,3368,3435,NaN,NaN
1608003900,13547.2,13589.65,13447.05,13567.85,3450,3513,3430,3490,NaN,NaN
1608090300,13663.1,13692.35,13606.45,13682.7,3497,3530,3474,3520,NaN,NaN
1608176700,13713.55,13773.25,13673.55,13740.7,3555,3572,3520,3547,NaN,NaN
1608263100,13764.4,13772.85,13658.6,13760.55,3556,3616,3529,3596,NaN,NaN
1608522300,13741.9,13777.5,13131.45,13328.4,3535,3554,3432,3529,NaN,NaN
1608608700,13373.65,13492.05,13192.9,13466.3,3540,3552,3455,3484,NaN,NaN
1608695100,13473.5,13619.45,13432.2,13601.1,3449,3590,3419,3566,NaN,NaN
1608781500,13672.15,13771.75,13626.9,13749.25,3569,3590,3506,3554,NaN,NaN
1609127100,13815.15,13885.3,13811.55,13873.2,3548,3608,3528,3540,NaN,NaN
1609213500,13910.35,13967.6,13859.9,13932.6,3525,3557,3502,3527,NaN,NaN
1609299900,13980.9,13997,13864.95,13981.95,3548,3566,3493,3518,NaN,NaN
1609386300,13970,14024.85,13936.45,13981.75,3534,3546,3498,3524,NaN,NaN
1609472700,13996.1,14049.85,13991.35,14018.5,3533,3559,3511,3527,NaN,NaN
1609731900,14104.35,14147.95,13953.75,14132.9,3583,3643,3457,3494,NaN,NaN
1609818300,14075.15,14215.6,14048.15,14199.5,3504,3675,3466,3664,NaN,NaN
1609904700,14240.95,14244.15,14039.9,14146.25,3673,3727,3626,3721,NaN,NaN
1609991100,14253.75,14256.25,14123.1,14137.35,3733,3755,3706,3738,NaN,NaN
1610077500,14258.4,14367.3,14221.65,14347.25,3749,3808,3738,3802,NaN,NaN
1610336700,14474.05,14498.2,14383.1,14484.75,3810,3856,3791,3847,NaN,NaN
1610423100,14473.8,14590.65,14432.85,14563.45,3839,3903,3832,3886,NaN,NaN
1610509500,14639.8,14653.35,14435.7,14564.85,3902,3976,3850,3871,NaN,NaN
1610595900,14550.05,14617.8,14471.5,14595.6,3868,3909,3823,3899,NaN,NaN
1610682300,14594.35,14617.45,14357.85,14433.7,3911,3918,3794,3825,NaN,NaN
1610941500,14453.3,14459.15,14222.8,14281.3,3819,3852,3801,3813,NaN,NaN
1611027900,14371.65,14546.05,14350.85,14521.15,3823,3890,3817,3872,NaN,NaN
1611114300,14538.3,14666.45,14517.55,14644.7,3919,3942,3889,3910,NaN,NaN
1611200700,14730.95,14753.55,14517.25,14590.35,3885,3907,3862,3894,NaN,NaN
1611287100,14583.4,14619.9,14357.75,14371.9,3859,3865,3769,3835,NaN,NaN
1611546300,14477.8,14491.1,14218.6,14238.9,3822,3869,3793,3839,NaN,NaN
1611719100,14237.95,14237.95,13929.3,13967.5,3858,3904,3802,3893,NaN,NaN
1611805500,13810.4,13898.25,13713.25,13817.55,3854,3919,3818,3827,NaN,NaN
1611891900,13946.6,13966.85,13596.75,13634.6,3828,3888,3801,3820,NaN,NaN
1612151100,13758.6,14336.35,13661.75,14281.2,3847,3920,3825,3905,NaN,NaN
1612237500,14481.1,14731.7,14469.15,14647.85,3958,4042,3944,4005,NaN,NaN
1612323900,14754.9,14868.85,14574.15,14789.95,4013,4112,4010,4070,NaN,NaN
1612410300,14789.05,14913.7,14714.75,14895.65,4096,4119,4041,4110,NaN,NaN
1612496700,14952.6,15014.65,14864.75,14924.25,4136,4180,4126,4141,NaN,NaN
1612755900,15064.3,15159.9,15041.05,15115.8,4160,4245,4160,4231,NaN,NaN
1612842300,15164.15,15257.1,15064.3,15109.3,4247,4278,4180,4257,NaN,NaN
1612928700,15119.05,15168.25,14977.2,15106.5,4245,4293,4233,4285,NaN,NaN
1613015100,15073.25,15188.5,15065.4,15173.3,4255,4272,4233,4241,NaN,NaN
1613101500,15186.2,15243.5,15081,15163.3,4231,4347,4183,4325,NaN,NaN
1613360700,15270.3,15340.15,15243.4,15314.7,4405,4424,4356,4369,NaN,NaN
1613447100,15371.45,15431.75,15242.2,15313.45,4371,4389,4328,4364,NaN,NaN
1613533500,15279.9,15314.3,15170.75,15208.9,4387,4459,4332,4414,NaN,NaN
1613619900,15238.7,15250.75,15078.05,15118.95,4490,4500,4388,4410,NaN,NaN
1613706300,15074.8,15144.05,14898.2,14981.75,4257,4384,4257,4298,NaN,NaN
1613965500,14999.05,15010.1,14635.05,14675.7,4346,4457,4325,4435,NaN,NaN
1614051900,14782.25,14854.5,14651.85,14707.8,4460,4566,4417,4475,NaN,NaN
1614138300,14729.15,15008.8,14723.05,14982,4436,4603,4427,4568,NaN,NaN
1614224700,15079.85,15176.5,15065.35,15097.35,4595,4654,4565,4622,NaN,NaN
1614311100,14888.6,14919.45,14467.75,14529.15,4636,4674,4586,4604,NaN,NaN
1614570300,14702.5,14806.8,14638.55,14761.55,4623,4625,4418,4451,NaN,NaN
1614656700,14865.3,14959.1,14760.8,14919.1,4440,4507,4393,4468,NaN,NaN
1614743100,15064.4,15273.15,14995.8,15245.6,4417,4535,4368,4525,NaN,NaN
1614829500,15026.75,15202.35,14980.2,15080.75,4504,4739,4417,4707,NaN,NaN
1614915900,14977.95,15092.35,14862.1,14938.1,4715,4862,4694,4844,NaN,NaN
1615175100,15002.45,15111.15,14919.9,14956.2,4920,4967,4751,4769,NaN,NaN
1615261500,15049.9,15126.85,14925.45,15098.4,4796,4823,4667,4680,NaN,NaN
1615347900,15202.15,15218.45,15100.85,15174.8,4660,4739,4612,4645,NaN,NaN
1615520700,15321.15,15336.3,14953.6,15030.95,4778,4825,4765,4797,NaN,NaN
1615779900,15048.4,15048.4,14745.85,14929.5,4820,4826,4660,4745,NaN,NaN
1615866300,14996.1,15051.6,14890.65,14910.45,4705,4750,4634,4704,NaN,NaN
1615952700,14946.55,14956.55,14696.05,14721.3,4708,4748,4622,4664,NaN,NaN
1616039100,14855.5,14875.2,14478.6,14557.85,4644,4700,4410,4434,NaN,NaN
1616125500,14471.15,14788.25,14350.1,14744,4377,4474,4273,4435,NaN,NaN
1616384700,14736.3,14763.9,14597.85,14736.4,4450,4516,4396,4477,NaN,NaN
1616471100,14768.55,14878.6,14707,14814.75,4447,4447,4209,4233,NaN,NaN
1616557500,14712.45,14752.35,14535,14549.4,4230,4480,4213,4447,NaN,NaN
1616643900,14570.9,14575.6,14264.4,14324.9,4405,4418,4201,4255,NaN,NaN
1616730300,14506.3,14572.9,14414.25,14507.3,4284,4472,4284,4456,NaN,NaN
1617075900,14628.5,14876.3,14617.6,14845.1,4516,4534,4421,4455,NaN,NaN
1617162300,14811.85,14813.75,14670.25,14690.7,4471,4503,4337,4384,NaN,NaN
1617248700,14798.4,14883.2,14692.45,14867.35,4368,4528,4332,4514,NaN,NaN
1617594300,14837.7,14849.85,14459.5,14637.8,4503,4503,4244,4281,NaN,NaN
1617680700,14737,14779.1,14573.9,14683.5,4319,4478,4300,4367,NaN,NaN
1617767100,14716.45,14879.8,14649.85,14819.05,4372,4469,4332,4444,NaN,NaN
1617853500,14875.65,14984.15,14821.1,14873.8,4440,4475,4394,4438,NaN,NaN
1617939900,14882.65,14918.45,14785.65,14834.85,4451,4476,4420,4434,NaN,NaN
1618199100,14644.65,14652.5,14248.7,14310.8,4442,4562,4403,4478,NaN,NaN
1618285500,14364.9,14528.9,14274.9,14504.8,4497,4569,4497,4528,NaN,NaN
1618458300,14522.4,14597.55,14353.2,14581.45,4743,4772,4692,4742,NaN,NaN
1618544700,14599.6,14697.7,14559,14617.85,4750,4764,4680,4721,NaN,NaN
1618803900,14306.6,14382.3,14191.4,14359.45,4696,4763,4689,4748,NaN,NaN
1618890300,14526.7,14526.95,14207.3,14296.4,4774,4824,4653,4726,NaN,NaN
1619063100,14219.15,14424.75,14151.4,14406.15,4630,4654,4561,4625,NaN,NaN
1619149500,14326.35,14461.15,14273.3,14341.35,4645,4694,4605,4652,NaN,NaN
1619408700,14449.45,14557.5,14421.3,14485,4658,4664,4557,4658,NaN,NaN
1619495100,14493.8,14667.55,14484.85,14653.05,4665,4697,4648,4676,NaN,NaN
1619581500,14710.5,14890.25,14694.95,14864.55,4685,4816,4682,4778,NaN,NaN
1619667900,14979,15044.35,14814.45,14894.9,4774,4863,4747,4817,NaN,NaN
1619754300,14747.35,14855.45,14601.7,14631.1,4796,4806,4683,4723,NaN,NaN
1620013500,14481.05,14673.85,14416.25,14634.15,4733,4796,4685,4783,NaN,NaN
1620099900,14687.25,14723.4,14461.5,14496.5,4788,4880,4766,4842,NaN,NaN
1620186300,14604.15,14637.9,14506.6,14617.85,4885,4938,4804,4826,NaN,NaN
1620272700,14668.35,14743.9,14611.5,14724.8,4846,4875,4762,4790,NaN,NaN
1620359100,14816.85,14863.05,14765.5,14823.15,4796,4811,4697,4763,NaN,NaN
1620618300,14928.25,14966.9,14892.5,14942.35,4784,4818,4706,4778,NaN,NaN
1620704700,14789.7,14900,14771.4,14850.75,4755,4809,4688,4800,NaN,NaN
1620791100,14823.55,14824.05,14649.7,14696.5,4788,4893,4776,4884,NaN,NaN
1620963900,14749.4,14749.65,14591.9,14677.8,4668,4791,4652,4786,NaN,NaN
1621223100,14756.25,14938,14725.35,14923.15,4799,4871,4757,4859,NaN,NaN
1621309500,15067.2,15137.25,15043.7,15108.1,4862,4892,4686,4774,NaN,NaN
1621395900,15058.6,15133.4,15008.85,15030.15,4702,4743,4517,4632,NaN,NaN
1621482300,15042.6,15069.8,14884.9,14906.05,4662,4699,4531,4550,NaN,NaN
1621568700,14987.8,15190,14985.85,15175.3,4552,4690,4519,4659,NaN,NaN
1621827900,15211.35,15256.25,15145.45,15197.7,4692,4829,4673,4825,NaN,NaN
1621914300,15291.75,15293.85,15163.4,15208.45,4832,4857,4777,4833,NaN,NaN
1622000700,15257.05,15319.9,15194.95,15301.45,4817,4845,4767,4823,NaN,NaN
1622087100,15323.95,15384.55,15272.5,15337.85,4800,4856,4763,4851,NaN,NaN
1622173500,15421.2,15469.65,15394.75,15435.65,4868,4905,4842,4855,NaN,NaN
1622432700,15437.75,15606.35,15374,15582.8,4849,4902,4840,4870,NaN,NaN
1622519100,15629.65,15660.75,15528.3,15574.85,4900,5023,4900,4943,NaN,NaN
1622605500,15520.35,15597.45,15459.85,15576.2,4955,5040,4955,5026,NaN,NaN
1622691900,15655.55,15705.1,15611,15690.35,5061,5079,4983,5011,NaN,NaN
1622778300,15712.5,15733.6,15622.35,15670.25,5018,5080,5008,5071,NaN,NaN
1623037500,15725.1,15773.45,15678.1,15751.65,5050,5084,5016,5048,NaN,NaN
1623123900,15773.9,15778.8,15680,15740.1,5006,5099,4992,5089,NaN,NaN
1623210300,15766.3,15800.45,15566.9,15635.35,5112,5150,5069,5090,NaN,NaN
1623296700,15692.1,15751.25,15648.5,15737.75,5067,5160,5020,5120,NaN,NaN
1623383100,15796.45,15835.55,15749.8,15799.35,5104,5216,5098,5202,NaN,NaN
1623642300,15791.4,15823.05,15606.5,15811.85,5217,5254,5180,5191,NaN,NaN
1623728700,15866.95,15901.6,15842.4,15869.25,5190,5292,5188,5280,NaN,NaN
1623815100,15847.5,15880.85,15742.6,15767.55,5300,5347,5269,5277,NaN,NaN
1623901500,15648.3,15769.35,15616.75,15691.4,5268,5353,5185,5242,NaN,NaN
1623987900,15756.5,15761.5,15450.9,15683.35,5245,5347,5191,5301,NaN,NaN
1624247100,15525.85,15765.15,15505.65,15746.5,5352,5486,5275,5468,NaN,NaN
1624333500,15840.5,15895.75,15752.1,15772.75,5438,5472,5393,5418,NaN,NaN
1624419900,15862.8,15862.95,15673.95,15686.95,5432,5511,5432,5440,NaN,NaN
1624506300,15737.3,15821.4,15702.7,15790.45,5408,5472,5372,5437,NaN,NaN
1624592700,15839.35,15870.8,15772.3,15860.35,5454,5513,5413,5503,NaN,NaN
1624851900,15915.35,15915.65,15792.15,15814.7,5502,5517,5402,5414,NaN,NaN
1624938300,15807.5,15835.9,15724.05,15748.45,5400,5491,5353,5427,NaN,NaN
1625024700,15776.9,15839.1,15708.75,15721.5,5448,5518,5428,5492,NaN,NaN
1625111100,15755.05,15755.55,15667.05,15680,5485,5678,5473,5607,NaN,NaN
1625197500,15705.85,15738.35,15635.95,15722.2,5622,5645,5557,5597,NaN,NaN
1625456700,15793.4,15845.95,15762.05,15834.35,5595,5695,5580,5687,NaN,NaN
1625543100,15813.75,15914.2,15801,15818.25,5702,5733,5461,5497,NaN,NaN
1625629500,15819.6,15893.55,15779.7,15879.65,5482,5594,5323,5392,NaN,NaN
1625715900,15855.4,15885.75,15682.9,15727.9,5388,5450,5293,5423,NaN,NaN
1625802300,15688.25,15730.85,15632.75,15689.8,5460,5575,5449,5554,NaN,NaN
1626061500,15766.8,15789.2,15644.75,15692.6,5561,5564,5462,5498,NaN,NaN
1626147900,15794,15820.8,15744.6,15812.35,5532,5630,5505,5609,NaN,NaN
1626234300,15808.7,15877.35,15764.2,15853.95,5600,5620,5385,5451,NaN,NaN
1626320700,15872.15,15952.35,15855,15924.2,5414,5437,5331,5381,NaN,NaN
1626407100,15958.35,15962.25,15882.6,15923.4,5350,5394,5256,5376,NaN,NaN
1626666300,15754.5,15836.9,15707.5,15752.4,5317,5344,4930,4964,NaN,NaN
1626752700,15703.95,15728.45,15578.55,15632.1,5006,5055,4878,5012,NaN,NaN
1626925500,15736.6,15834.8,15726.4,15824.05,5245,5360,5217,5343,NaN,NaN
1627011900,15856.8,15899.8,15768.4,15856.05,5349,5377,5327,5369,NaN,NaN
1627271100,15849.3,15893.35,15797,15824.45,5343,5390,5268,5356,NaN,NaN
1627357500,15860.5,15881.55,15701,15746.45,5374,5392,5308,5334,NaN,NaN
1627443900,15761.55,15767.5,15513.45,15709.4,5359,5415,5344,5403,NaN,NaN
1627530300,15762.7,15817.35,15737.8,15778.45,5410,5464,5394,5447,NaN,NaN
1627616700,15800.6,15862.8,15744.85,15763.05,5445,5524,5430,5517,NaN,NaN
1627875900,15874.9,15892.9,15834.65,15885.15,5494,5494,5254,5298,NaN,NaN
1627962300,15951.55,16146.9,15914.35,16130.75,5308,5350,5145,5238,NaN,NaN
1628048700,16195.25,16290.2,16176.15,16258.8,5235,5260,5044,5082,NaN,NaN
1628135100,16288.95,16349.45,16210.3,16294.6,5087,5147,5026,5122,NaN,NaN
1628221500,16304.4,16336.75,16223.3,16238.2,5130,5211,5041,5096,NaN,NaN
1628480700,16281.35,16320.75,16179.05,16258.25,5030,5030,4846,4954,NaN,NaN
1628567100,16274.8,16359.25,16202.25,16280.1,4985,5139,4980,5112,NaN,NaN
1628653500,16327.3,16338.75,16162.55,16282.25,5081,5158,4966,5146,NaN,NaN
1628739900,16303.65,16375.5,16286.9,16364.4,5150,5173,5092,5138,NaN,NaN
1628826300,16385.699,16543.6,16376.3,16529.1,5107,5143,5063,5081,NaN,NaN
1629085500,16518.4,16589.4,16480.75,16563.051,5018,5052,4880,5006,NaN,NaN
1629171900,16545.25,16628.551,16495.4,16614.6,5005,5034,4928,4956,NaN,NaN
1629258300,16691.949,16701.85,16535.85,16568.85,4955,5013,4847,4872,NaN,NaN
1629431100,16382.5,16509.551,16376.05,16450.5,4766,4777,4634,4640,NaN,NaN
1629690300,16592.25,16592.5,16395.699,16496.449,4698,4907,4698,4887,NaN,NaN
1629776700,16561.4,16647.1,16495.301,16624.6,4893,5030,4880,5021,NaN,NaN
1629863100,16654,16712.45,16629.8,16673.05,4997,5032,4986,5015,NaN,NaN
