time,open,high,low,close,"GOLDBEES, NSE: Open","GOLDBEES, NSE: High","GOLDBEES, NSE: Low","GOLDBEES, NSE: Close",Volume,Volume MA
1515383100,10591.7,10631.2,10588.55,10623.6,26.5095,26.5095,26.361001,26.4705,NaN,NaN
1515469500,10645.1,10659.15,10603.6,10637,26.43,26.5995,26.43,26.538999,NaN,NaN
1515555900,10652.05,10655.5,10592.7,10632.2,26.7,26.7,26.441499,26.5195,NaN,NaN
1515642300,10637.05,10664.6,10612.35,10651.2,26.552,26.655,26.552,26.618,NaN,NaN
1515728700,10682.55,10690.4,10597.1,10681.25,26.63,26.81,26.63,26.7825,NaN,NaN
1515987900,10718.5,10782.65,10713.8,10741.55,26.838,26.9825,26.735,26.948999,NaN,NaN
1516074300,10761.5,10762.35,10687.85,10700.45,26.9,27.14,26.9,27.051499,NaN,NaN
1516160700,10702.45,10803,10666.75,10788.55,27.2,27.2,26.963999,27.0145,NaN,NaN
1516247100,10873.4,10887.5,10782.4,10817,26.948501,26.95,26.8,26.828999,NaN,NaN
1516333500,10829.2,10906.85,10793.9,10894.7,26.8,26.978,26.7505,26.947,NaN,NaN
1516592700,10883.2,10975.1,10881.4,10966.2,26.95,27,26.8805,26.901001,NaN,NaN
1516679100,10997.4,11092.9,10994.55,11083.7,26.953999,27.02,26.94,26.9955,NaN,NaN
1516765500,11069.35,11110.1,11046.15,11086,27.25,27.25,26.96,27.133999,NaN,NaN
1516851900,11095.6,11095.6,11009.2,11069.65,27.21,27.4505,27.21,27.333,NaN,NaN
1517197500,11079.35,11171.55,11075.95,11130.4,27.181499,27.228501,27.067,27.1455,NaN,NaN
1517283900,11120.85,11121.1,11033.9,11049.65,27,27.2,26.953501,27.1475,NaN,NaN
1517370300,11018.8,11058.5,10979.3,11027.7,27.2,27.2,27.045,27.088999,NaN,NaN
1517456700,11044.55,11117.35,10878.8,11016.9,27.088999,27.2295,26.9725,27.1425,NaN,NaN
1517543100,10938.2,10954.95,10736.1,10760.6,27.251001,27.493999,27.25,27.355,NaN,NaN
1517802300,10604.3,10702.75,10586.8,10666.55,27.238999,27.248501,27.09,27.1845,NaN,NaN
1517888700,10295.15,10594.15,10276.3,10498.25,27.3105,27.495,27.27,27.3655,NaN,NaN
1517975100,10607.2,10614,10446.4,10476.7,27.2895,27.2895,27.061499,27.1005,NaN,NaN
1518061500,10518.5,10637.8,10479.55,10576.85,26.998501,26.998501,26.76,26.783501,NaN,NaN
1518147900,10416.5,10480.2,10398.2,10454.95,26.95,27.0375,26.905,26.941499,NaN,NaN
1518407100,10518.2,10555.5,10485.4,10539.75,27,27.1145,26.981499,27,NaN,NaN
1518579900,10585.75,10590.55,10456.65,10500.9,27.2,27.238,27.061499,27.131001,NaN,NaN
1518666300,10537.9,10618.1,10511.05,10545.5,27.35,27.498999,27.33,27.4725,NaN,NaN
1518752700,10596.2,10612.9,10434.05,10452.3,27.47,27.66,27.42,27.633999,NaN,NaN
1519011900,10488.9,10489.35,10302.75,10378.4,27.598999,27.6095,27.452,27.568501,NaN,NaN
1519098300,10391,10429.35,10347.65,10360.4,27.56,27.56,27.4,27.503,NaN,NaN
1519184700,10426,10426.1,10349.6,10397.45,27.4,27.4,27.272,27.3145,NaN,NaN
1519271100,10354.35,10397.55,10340.65,10382.7,27.318501,27.32,27.2325,27.2925,NaN,NaN
1519357500,10408.1,10499.1,10396.65,10491.05,27.335,27.398,27.2955,27.315,NaN,NaN
1519616700,10526.55,10592.95,10520.2,10582.6,27.346499,27.4795,27.32,27.461499,NaN,NaN
1519703100,10615.2,10631.65,10537.25,10554.3,27.4495,27.4575,27.34,27.433501,NaN,NaN
1519789500,10488.95,10535.5,10461.55,10492.85,27.5,27.5,27.193,27.3025,NaN,NaN
1519875900,10479.95,10525.5,10447.15,10458.35,27.278,27.3,27.15,27.185,NaN,NaN
1520221500,10428.3,10428.7,10323.9,10358.85,27.3,27.458999,27.261001,27.4,NaN,NaN
1520307900,10420.5,10441.35,10215.9,10249.25,27.255,27.3695,27.2525,27.298999,NaN,NaN
1520394300,10232.95,10243.35,10141.55,10154.2,27.41,27.528501,27.371499,27.4405,NaN,NaN
1520480700,10216.25,10270.35,10146.4,10242.65,27.421001,27.421001,27.308,27.3475,NaN,NaN
1520567100,10271.3,10296.7,10211.9,10226.85,27.278501,27.29,27.166499,27.252,NaN,NaN
1520826300,10301.6,10433.65,10295.45,10421.4,27.24,27.2895,27.181499,27.2025,NaN,NaN
1520912700,10389.5,10478.6,10377.85,10426.85,27.207,27.238999,27.14,27.156001,NaN,NaN
1520999100,10393.05,10420.35,10336.3,10410.9,27.25,27.386499,27.201001,27.2595,NaN,NaN
1521085500,10405.45,10420,10346.2,10360.15,27.2745,27.348,27.163999,27.203501,NaN,NaN
1521171900,10345.15,10346.3,10180.25,10195.15,27.2205,27.2205,27.083501,27.165,NaN,NaN
1521431100,10215.35,10224.55,10075.3,10094.25,27.128999,27.128999,26.9625,27.0355,NaN,NaN
1521517500,10051.55,10155.65,10049.1,10124.35,27.0355,27.2195,27.0355,27.158,NaN,NaN
1521603900,10181.95,10227.3,10132.95,10155.25,27.25,27.25,27.085,27.173999,NaN,NaN
1521690300,10167.5,10207.85,10105.4,10114.75,27.281001,27.418,27.281001,27.351001,NaN,NaN
1521776700,9968.7998,10027.7,9951.9004,9998.0498,27.456499,27.6155,27.456499,27.525,NaN,NaN
1522035900,9989.1504,10143.5,9958.5498,10130.65,27.558,27.65,27.4895,27.543999,NaN,NaN
1522122300,10188,10207.9,10139.65,10184.15,27.556499,27.638,27.521001,27.5905,NaN,NaN
1522208700,10143.6,10158.35,10096.9,10113.7,27.75,27.75,27.427,27.458,NaN,NaN
1522640700,10151.65,10220.1,10127.75,10211.8,27.435,27.468999,27.2555,27.4525,NaN,NaN
1522727100,10186.85,10255.35,10171.05,10245,27.62,27.645,27.506499,27.5145,NaN,NaN
1522813500,10274.6,10279.85,10111.3,10128.4,27.4795,27.8195,27.44,27.722,NaN,NaN
1522899900,10228.45,10331.8,10227.45,10325.15,27.7,27.7,27.32,27.331499,NaN,NaN
1522986300,10322.75,10350.45,10290.85,10331.6,27.448,27.45,27.19,27.231499,NaN,NaN
1523245500,10333.7,10397.7,10328.5,10379.35,27.2355,27.428,27.23,27.3755,NaN,NaN
1523331900,10412.9,10424.85,10381.5,10402.25,27.401499,27.56,27.352,27.528,NaN,NaN
1523418300,10428.15,10428.15,10355.6,10417.15,27.8,27.8,27.562,27.7655,NaN,NaN
1523504700,10410.65,10469.9,10395.25,10458.65,27.8555,28.2995,27.825,27.858999,NaN,NaN
1523591100,10495.3,10519.9,10451.45,10480.6,27.825,27.825,27.573999,27.7005,NaN,NaN
1523850300,10398.3,10540.15,10396.35,10528.35,27.748,28.018999,27.7,27.9775,NaN,NaN
1523936700,10557.3,10560.45,10495.65,10548.7,27.95,28.1,27.95,28.016001,NaN,NaN
1524023100,10578.9,10594.2,10509.7,10526.2,28.15,28.2,28.016001,28.178999,NaN,NaN
1524109500,10563.65,10572.2,10546.2,10565.3,28.25,28.25,28.042,28.106001,NaN,NaN
1524195900,10560.35,10582.35,10527.45,10564.05,28.188,28.188,28.0105,28.047,NaN,NaN
1524455100,10592.8,10638.35,10514.95,10584.7,28.04,28.046499,27.943999,28.013,NaN,NaN
1524541500,10578.1,10636.8,10569,10614.35,27.95,27.9905,27.8455,27.907,NaN,NaN
1524627900,10612.4,10612.6,10536.45,10570.55,27.907,28.0675,27.907,28.0295,NaN,NaN
1524714300,10586.5,10628.4,10559.65,10617.8,28.0055,28.07,27.9305,27.9555,NaN,NaN
1524800700,10651.65,10719.8,10647.55,10692.3,27.8255,27.918999,27.782,27.901001,NaN,NaN
1525059900,10705.75,10759,10704.6,10739.35,27.913,27.913,27.69,27.748999,NaN,NaN
1525232700,10783.85,10784.65,10689.8,10718.05,28,28,27.6575,27.7045,NaN,NaN
1525319100,10720.15,10720.6,10647.45,10679.65,27.698,27.6995,27.6,27.6675,NaN,NaN
1525405500,10700.45,10700.45,10601.6,10618.25,27.748,27.808501,27.6805,27.7495,NaN,NaN
1525664700,10653.15,10725.65,10635.65,10715.5,27.81,27.998999,27.7505,27.912,NaN,NaN
1525751100,10757.9,10758.55,10689.4,10717.8,27.91,27.9695,27.756001,27.788501,NaN,NaN
1525837500,10693.35,10766.25,10689.85,10741.7,27.921001,27.948999,27.8355,27.845,NaN,NaN
1525923900,10779.65,10785.55,10705,10716.55,27.92,28.25,27.92,28.136001,NaN,NaN
1526010300,10741.95,10812.05,10724.45,10806.5,28.5,28.8,28.021001,28.1695,NaN,NaN
1526269500,10815.15,10834.85,10774.75,10806.6,28.168999,28.196499,28.0205,28.173,NaN,NaN
1526355900,10812.6,10929.2,10781.4,10801.85,28.151001,28.151001,27.981001,28.0705,NaN,NaN
1526442300,10751.95,10790.45,10699.7,10741.1,27.842,27.867,27.64,27.668999,NaN,NaN
1526528700,10775.6,10777.25,10664.5,10682.7,27.67,27.67,27.5505,27.561001,NaN,NaN
1526615100,10671.85,10674.95,10589.1,10596.4,27.75,27.7995,27.65,27.703999,NaN,NaN
1526874300,10616.7,10621.7,10505.8,10516.7,27.715,27.848,27.573501,27.612,NaN,NaN
1526960700,10518.45,10558.6,10490.55,10536.7,27.6555,27.81,27.633,27.773999,NaN,NaN
1527047100,10521.1,10533.55,10417.8,10430.35,27.82,27.97,27.76,27.883,NaN,NaN
1527133500,10464.85,10535.15,10419.8,10513.85,27.883,27.968501,27.791499,27.908,NaN,NaN
1527219900,10533.05,10628.05,10524,10605.15,27.9,28.05,27.762,27.808999,NaN,NaN
1527479100,10648.35,10709.8,10640.55,10688.65,27.74,27.74,27.5605,27.621001,NaN,NaN
1527565500,10689.4,10717.25,10616.1,10633.3,27.74,28,27.62,27.9095,NaN,NaN
1527651900,10579,10648.7,10558.45,10614.35,27.761001,27.8995,27.681001,27.743501,NaN,NaN
1527738300,10670.1,10763.8,10620.4,10736.15,27.8,27.847,27.7205,27.782,NaN,NaN
1527824700,10738.45,10764.75,10681.5,10696.2,27.8,27.8,27.6,27.6455,NaN,NaN
1528083900,10765.95,10770.3,10618.35,10628.5,27.548501,27.55,27.4225,27.5275,NaN,NaN
1528170300,10630.7,10633.15,10550.9,10593.15,27.518999,27.518999,27.3895,27.428501,NaN,NaN
1528256700,10603.45,10698.35,10587.5,10684.65,27.5,27.548999,27.42,27.437,NaN,NaN
1528343100,10722.6,10818,10722.6,10768.35,27.46,27.576001,27.451001,27.541001,NaN,NaN
1528429500,10736.4,10779.45,10709.05,10767.65,27.56,27.76,27.56,27.7195,NaN,NaN
1528688700,10781.85,10850.55,10777.05,10786.95,27.73,27.75,27.55,27.57,NaN,NaN
1528775100,10816.15,10856.55,10789.4,10842.85,27.555,27.61,27.48,27.5375,NaN,NaN
1528861500,10887.5,10893.25,10842.65,10856.7,27.53,27.598999,27.5,27.583,NaN,NaN
1528947900,10832.9,10833.7,10773.55,10808.05,27.6,27.77,27.553,27.726001,NaN,NaN
1529034300,10808.65,10834,10755.4,10817.7,27.73,27.8345,27.655,27.7495,NaN,NaN
1529293500,10830.2,10830.2,10787.35,10799.85,27.548501,27.5995,27.341001,27.452,NaN,NaN
1529379900,10789.45,10789.45,10701.2,10710.45,27.548501,27.5795,27.461499,27.5505,NaN,NaN
1529466300,10734.65,10781.8,10724.05,10772.05,27.446001,27.48,27.3625,27.4025,NaN,NaN
1529552700,10808.45,10809.6,10725.9,10741.1,27.303,27.338,27.208999,27.225,NaN,NaN
1529639100,10742.7,10837,10710.45,10821.85,27.23,27.278999,27.162,27.23,NaN,NaN
1529898300,10822.9,10831.05,10753.05,10762.45,27.281001,27.37,27.22,27.338999,NaN,NaN
1529984700,10742.7,10805.25,10732.55,10769.15,27.33,27.33,27.15,27.155,NaN,NaN
1530071100,10785.5,10785.5,10652.4,10671.4,27.151001,27.398501,27.123,27.3145,NaN,NaN
1530157500,10660.8,10674.2,10557.7,10589.1,27.345,27.3695,27.221001,27.258,NaN,NaN
1530243900,10612.85,10723.05,10612.35,10714.3,27.225,27.225,27.08,27.1305,NaN,NaN
1530503100,10732.35,10736.15,10604.65,10657.3,27.1305,27.172,27.11,27.1445,NaN,NaN
1530589500,10668.6,10713.3,10630.25,10699.9,27.08,27.9795,27.08,27.201001,NaN,NaN
1530675900,10715,10777.15,10677.75,10769.9,27.31,27.39,27.22,27.252,NaN,NaN
1530762300,10786.05,10786.05,10726.25,10749.75,27.35,27.38,27.18,27.256001,NaN,NaN
1530848700,10744.15,10816.35,10735.05,10772.65,27.35,27.398501,27.2425,27.326499,NaN,NaN
1531107900,10838.3,10860.35,10807.15,10852.9,27.34,27.38,27.271001,27.356499,NaN,NaN
1531194300,10902.75,10956.9,10876.65,10947.25,27.355,27.3895,27.201499,27.237,NaN,NaN
1531280700,10956.4,10976.65,10923,10948.3,27.35,27.35,27.143501,27.212,NaN,NaN
1531367100,11006.95,11078.3,10999.65,11023.2,27.1,27.1295,26.92,26.9575,NaN,NaN
1531453500,11056.9,11071.35,10999.75,11018.9,26.9995,26.9995,26.851001,26.863501,NaN,NaN
1531712700,11018.95,11019.5,10926.25,10936.85,26.825,27.0375,26.825,27.001499,NaN,NaN
1531799100,10939.65,11018.5,10925.6,11008.05,26.938501,26.938501,26.843,26.866001,NaN,NaN
1531885500,11060.2,11076.2,10956.3,10980.45,26.7,26.825,26.516001,26.5225,NaN,NaN
1531971900,10999.5,11006.5,10935.45,10957.1,26.6,26.6895,26.511001,26.6025,NaN,NaN
1532058300,10963.5,11030.25,10946.2,11010.2,26.65,26.72,26.601499,26.642,NaN,NaN
1532317500,11019.85,11093.4,11010.95,11084.75,26.656499,26.948,26.656499,26.828,NaN,NaN
1532403900,11109,11143.4,11092.5,11134.3,26.7995,26.9,26.693,26.731499,NaN,NaN
1532490300,11148.4,11157.15,11113.25,11132,26.7,26.848,26.6505,26.751001,NaN,NaN
1532576700,11132.95,11185.85,11125.7,11167.3,26.89,26.89,26.653999,26.666001,NaN,NaN
1532663100,11232.75,11283.4,11210.25,11278.35,26.6,26.728999,26.5,26.5405,NaN,NaN
1532922300,11296.65,11328.1,11261.45,11319.55,26.5405,26.623999,26.505,26.603501,NaN,NaN
1533008700,11311.05,11366,11267.75,11356.5,26.603999,26.65,26.4805,26.503999,NaN,NaN
1533095100,11359.8,11390.55,11313.55,11346.2,26.7,26.7,26.45,26.521001,NaN,NaN
1533181500,11328.9,11328.9,11234.95,11244.7,26.485,26.4945,26.383,26.448501,NaN,NaN
1533267900,11297.8,11368,11294.55,11360.8,26.455,26.455,26.3,26.341001,NaN,NaN
1533527100,11401.5,11427.65,11370.6,11387.1,26.355,26.4495,26.3005,26.3595,NaN,NaN
1533613500,11423.15,11428.95,11359.7,11389.45,26.35,26.42,26.3405,26.3845,NaN,NaN
1533699900,11412.5,11459.95,11379.3,11450,26.5,26.5,26.3055,26.3445,NaN,NaN
1533786300,11493.25,11495.2,11454.1,11470.7,26.3445,26.398,26.302,26.331499,NaN,NaN
1533872700,11474.95,11478.75,11419.65,11429.5,26.3,26.45,26.3,26.373,NaN,NaN
1534131900,11369.6,11406.3,11340.3,11355.75,26.501499,26.72,26.452,26.563999,NaN,NaN
1534218300,11381.7,11452.45,11370.8,11435.1,26.45,26.488999,26.3505,26.44,NaN,NaN
1534391100,11397.15,11449.85,11366.25,11385.05,26.303,26.4,26.173,26.288999,NaN,NaN
1534477500,11437.15,11486.45,11431.8,11470.75,26.2495,26.258501,26.111001,26.211499,NaN,NaN
1534736700,11502.1,11565.3,11499.65,11551.75,26.25,26.2995,26.19,26.216499,NaN,NaN
1534823100,11576.2,11581.75,11539.6,11570.9,26.2525,26.3995,26.252,26.3825,NaN,NaN
1534995900,11620.7,11620.7,11546.7,11582.75,26.391499,26.478999,26.326499,26.351001,NaN,NaN
1535082300,11566.6,11604.6,11532,11557.1,26.5,26.5,26.31,26.42,NaN,NaN
1535341500,11605.85,11700.95,11595.6,11691.95,26.501001,26.73,26.501001,26.688501,NaN,NaN
1535427900,11731.95,11760.2,11710.5,11738.5,26.7125,26.96,26.7,26.9405,NaN,NaN
1535514300,11744.95,11753.2,11678.85,11691.9,27.2,27.2,26.751499,26.903501,NaN,NaN
1535600700,11694.75,11698.8,11639.7,11676.8,26.951499,27.0495,26.8995,26.983999,NaN,NaN
1535687100,11675.85,11727.65,11640.1,11680.5,26.981499,27.197,26.98,27.0475,NaN,NaN
1535946300,11751.8,11751.8,11567.4,11582.35,27,27,26.656001,26.8825,NaN,NaN
1536032700,11598.75,11602.55,11496.85,11520.3,26.95,27.07,26.813,26.933999,NaN,NaN
1536119100,11514.85,11542.65,11393.85,11476.95,27.09,27.12,26.851499,26.988501,NaN,NaN
1536205500,11514.15,11562.25,11436.05,11536.9,26.995,27.268999,26.995,27.2445,NaN,NaN
1536291900,11558.25,11603,11484.4,11589.1,27.278501,27.278501,27.0605,27.091499,NaN,NaN
1536551100,11570.25,11573,11427.3,11438.1,27.0995,27.3,27.002,27.183,NaN,NaN
1536637500,11476.85,11479.4,11274,11287.5,27.151499,27.35,27.126499,27.2975,NaN,NaN
1536723900,11340.1,11380.75,11250.2,11369.9,27.35,27.396499,27.251001,27.281001,NaN,NaN
1536896700,11443.5,11523.25,11430.55,11515.2,27.28,27.318501,27.1505,27.1855,NaN,NaN
1537155900,11464.95,11464.95,11366.9,11377.75,27.18,27.41,27.18,27.316499,NaN,NaN
1537242300,11381.55,11411.45,11268.95,11278.9,27.36,27.488999,27.3305,27.463999,NaN,NaN
1537328700,11326.65,11332.05,11210.9,11234.35,27.463999,27.54,27.352,27.498501,NaN,NaN
1537501500,11271.3,11346.8,10866.45,11143.1,27.6,27.6,27.2875,27.398,NaN,NaN
1537760700,11164.4,11170.15,10943.6,10967.4,27.3995,27.3995,27.17,27.343999,NaN,NaN
1537847100,10969.95,11080.6,10882.85,11067.45,27.4,27.488999,27.3105,27.348,NaN,NaN
1537933500,11145.55,11145.55,10993.05,11053.8,27.5,27.5,27.256499,27.296499,NaN,NaN
1538019900,11079.8,11089.45,10953.35,10977.55,27.21,27.317,27.18,27.248501,NaN,NaN
1538106300,11008.1,11034.1,10850.3,10930.45,27.1,27.106001,26.927,27.028,NaN,NaN
1538365500,10930.9,11035.65,10821.55,11008.3,26.95,27.2475,26.95,27.167,NaN,NaN
1538538300,10982.7,10989.05,10843.75,10858.25,27.5005,28.21,27.4505,27.993501,NaN,NaN
1538624700,10754.7,10754.7,10547.25,10599.25,28.1495,28.2,27.756499,27.7875,NaN,NaN
1538711100,10514.1,10540.65,10261.9,10316.45,27.888999,27.928999,27.632,27.881499,NaN,NaN
1538970300,10310.15,10398.35,10198.4,10348.05,27.84,27.8495,27.703501,27.736001,NaN,NaN
1539056700,10390.3,10397.6,10279.35,10301.05,27.736001,27.736001,27.515,27.661499,NaN,NaN
1539143100,10331.85,10482.35,10318.25,10460.1,27.8,27.8,27.612,27.7245,NaN,NaN
1539229500,10169.8,10335.95,10138.6,10234.65,27.8005,28.043999,27.761001,27.968,NaN,NaN
1539315900,10331.55,10492.45,10322.15,10472.5,28.151499,28.2,28.0705,28.142,NaN,NaN
1539575100,10524.2,10526.3,10410.15,10512.5,28.2,28.543501,28.1505,28.501499,NaN,NaN
1539661500,10550.15,10604.9,10525.3,10584.75,28.4005,28.49,24.101001,28.2945,NaN,NaN
1539747900,10688.7,10710.15,10436.45,10453.05,28.4,28.4495,28.03,28.352,NaN,NaN
1539920700,10339.7,10380.1,10249.6,10303.55,28.4,28.8,28.311499,28.5655,NaN,NaN
1540179900,10405.85,10408.55,10224,10245.25,28.55,28.883999,28.266499,28.358,NaN,NaN
1540266300,10152.6,10222.1,10102.35,10146.8,28.36,28.588999,28.3075,28.491499,NaN,NaN
1540352700,10278.15,10290.65,10126.7,10224.75,28.75,28.75,28.306499,28.3505,NaN,NaN
1540439100,10135.05,10166.6,10079.3,10124.9,28.451499,28.58,28.35,28.368999,NaN,NaN
1540525500,10122.35,10128.85,10004.55,10030,28.411499,28.55,28.3505,28.502,NaN,NaN
1540784700,10078.1,10275.3,10020.35,10250.85,28.473,28.5,28.2505,28.3505,NaN,NaN
1540871100,10239.4,10285.1,10175.35,10198.4,28.4,28.4,28.2,28.241001,NaN,NaN
1540957500,10209.55,10396,10105.1,10386.6,28.49,28.53,28.2005,28.3705,NaN,NaN
1541043900,10441.7,10441.9,10341.9,10380.45,28.398501,28.45,28.306499,28.431499,NaN,NaN
1541130300,10462.3,10606.95,10457.7,10553,28.451499,28.451499,28.156499,28.205,NaN,NaN
1541389500,10558.75,10558.8,10477,10524,28.288,28.45,28.2505,28.44,NaN,NaN
1541475900,10552,10600.25,10491.45,10530,28.438501,28.498999,28.231001,28.3175,NaN,NaN
1541562300,10614.45,10616.45,10582.3,10598.4,28.5,28.5,28.2,28.303,NaN,NaN
1541735100,10614.7,10619.55,10544.85,10585.2,28.2,28.275,27.9655,28.0075,NaN,NaN
1541994300,10607.8,10645.5,10464.05,10482.2,28.0075,28.0075,27.671499,27.703999,NaN,NaN
1542080700,10451.9,10596.25,10440.55,10582.5,27.65,27.77,27.561499,27.69,NaN,NaN
1542167100,10634.9,10651.6,10532.7,10576.3,27.5995,27.738999,27.531499,27.7,NaN,NaN
1542253500,10580.6,10646.5,10557.5,10616.7,27.8,27.848999,27.5725,27.615,NaN,NaN
1542339900,10644,10695.15,10631.15,10682.2,27.626001,27.6795,27.5,27.511499,NaN,NaN
1542599100,10731.25,10774.7,10688.8,10763.4,27.571001,27.7975,27.5,27.533,NaN,NaN
1542685500,10740.1,10740.85,10640.85,10656.2,27.46,27.6,27.41,27.531001,NaN,NaN
1542771900,10670.95,10671.3,10562.35,10600.05,27.63,27.63,27.301001,27.513501,NaN,NaN
1542858300,10612.65,10646.25,10512,10526.75,27.51,27.545,27.41,27.502,NaN,NaN
1543203900,10568.3,10637.8,10489.75,10628.6,27.3505,27.448999,27.1875,27.293,NaN,NaN
1543290300,10621.45,10695.15,10596.35,10685.6,27.301499,27.3895,27.201001,27.248,NaN,NaN
1543376700,10708.75,10757.8,10699.85,10728.85,27.35,27.35,27,27.0105,NaN,NaN
1543463100,10808.7,10883.05,10782.35,10858.7,27.0595,27.148501,27.015,27.111001,NaN,NaN
1543549500,10892.1,10922.45,10835.1,10876.75,27.1095,27.11,26.95,26.9855,NaN,NaN
1543808700,10930.7,10941.2,10845.35,10883.75,27.001499,27.3095,26.97,27.263501,NaN,NaN
1543895100,10877.1,10890.95,10833.35,10869.5,27.3525,27.628999,27.3525,27.5455,NaN,NaN
1543981500,10820.45,10821.05,10747.95,10782.9,27.7,27.7,27.3505,27.3875,NaN,NaN
1544067900,10718.15,10722.65,10588.25,10601.15,27.5005,27.77,27.5005,27.632,NaN,NaN
1544154300,10644.8,10704.55,10599.35,10693.7,27.648999,27.748999,27.463501,27.526499,NaN,NaN
1544413500,10508.7,10558.85,10474.95,10488.45,27.81,28.145,27.81,28.101001,NaN,NaN
1544499900,10350.05,10567.15,10333.85,10549.15,28.285,28.53,28.16,28.182,NaN,NaN
1544586300,10591,10752.2,10560.8,10737.6,28.3,28.3005,28.02,28.0455,NaN,NaN
1544672700,10810.75,10838.6,10749.5,10791.55,28.01,28.1745,27.885,27.933,NaN,NaN
1544759100,10784.5,10815.75,10752.1,10805.45,27.9545,27.9675,27.808501,27.866001,NaN,NaN
1545018300,10853.2,10900.35,10844.85,10888.35,27.9,27.94,27.768999,27.822,NaN,NaN
1545104700,10850.9,10915.4,10819.1,10908.7,27.865,28,27.681499,27.717,NaN,NaN
1545191100,10930.55,10985.15,10928,10967.3,27.8,27.8,27.47,27.573501,NaN,NaN
1545277500,10885.2,10962.55,10880.05,10951.7,27.57,27.6475,27.5005,27.5845,NaN,NaN
1545363900,10944.25,10963.65,10738.65,10754,27.64,27.85,27.613501,27.7325,NaN,NaN
1545623100,10780.9,10782.3,10649.25,10663.5,27.751001,27.928,27.7505,27.877,NaN,NaN
1545795900,10635.45,10747.5,10534.55,10729.85,28,28.992,27.656001,27.9855,NaN,NaN
1545882300,10817.9,10834.2,10764.45,10779.8,28,28.1,27.916001,28.0455,NaN,NaN
1545968700,10820.95,10893.6,10817.15,10859.9,28.025,28.178999,28.0125,28.1495,NaN,NaN
1546227900,10913.2,10923.55,10853.2,10862.55,27.951499,28.25,27.951499,28.0205,NaN,NaN
1546314300,10881.7,10923.6,10807.1,10910.1,28.02,28.2995,27.921001,28.178,NaN,NaN
1546400700,10868.85,10895.35,10735.05,10792.5,28.25,28.305,28.066001,28.288501,NaN,NaN
1546487100,10796.8,10814.05,10661.25,10672.25,28.311499,28.4995,28.3105,28.4705,NaN,NaN
1546573500,10699.7,10741.05,10628.65,10727.35,28.4495,28.588999,28.26,28.298,NaN,NaN
1546832700,10804.85,10835.95,10750.15,10771.8,28.1055,28.277,27.91,28.2245,NaN,NaN
1546919100,10786.25,10818.45,10733.25,10802.15,28.2195,28.303501,28.143999,28.163999,NaN,NaN
1547005500,10862.4,10870.4,10749.4,10855.15,28.175,28.388,28.161001,28.336001,NaN,NaN
1547091900,10859.35,10859.35,10801.8,10821.6,28.501001,28.618999,28.475,28.578999,NaN,NaN
1547178300,10834.75,10850.15,10739.4,10794.95,28.5645,28.5645,28.425,28.533999,NaN,NaN
1547437500,10807,10808,10692.35,10737.6,28.5305,28.622,28.5005,28.61,NaN,NaN
1547523900,10777.55,10896.95,10777.55,10886.8,28.61,28.66,28.531001,28.621001,NaN,NaN
1547610300,10899.65,10928.15,10876.9,10890.3,28.7,28.758,28.602,28.713501,NaN,NaN
1547696700,10920.85,10930.65,10844.65,10905.2,28.72,28.8675,28.72,28.813,NaN,NaN
1547783100,10914.85,10928.2,10852.2,10906.95,28.813,28.8595,28.6355,28.648,NaN,NaN
1548042300,10919.35,10987.45,10885.75,10961.85,28.2,28.695,28.2,28.5825,NaN,NaN
1548128700,10949.8,10949.8,10864.15,10922.75,28.59,28.743999,28.521001,28.727,NaN,NaN
1548215100,10931.05,10944.8,10811.95,10831.5,29,29,28.651499,28.731499,NaN,NaN
1548301500,10844.05,10866.6,10798.65,10849.8,28.7,28.7,28.563,28.586499,NaN,NaN
1548387900,10859.75,10931.7,10756.45,10780.55,28.678,28.7325,28.5575,28.6695,NaN,NaN
1548647100,10792.45,10804.45,10630.95,10661.55,28.8595,29.02,28.802,28.9825,NaN,NaN
1548733500,10653.7,10690.35,10583.65,10652.2,29.021001,29.2,29,29.167,NaN,NaN
1548819900,10702.25,10710.2,10612.85,10651.8,29.265,29.448,29.166001,29.236001,NaN,NaN
1548906300,10690.55,10838.05,10678.55,10830.95,29.251499,29.39,29.251499,29.348501,NaN,NaN
1548992700,10851.35,10983.45,10813.45,10893.65,29.301499,29.51,29.2005,29.4675,NaN,NaN
1549251900,10876.75,10927.9,10814.15,10912.25,29.565,29.6395,29.436001,29.4655,NaN,NaN
1549338300,10908.65,10956.7,10886.7,10934.35,29.48,29.598501,29.48,29.505,NaN,NaN
1549424700,10965.1,11072.6,10962.7,11062.45,29.5,29.74,29.433999,29.64,NaN,NaN
1549511100,11070.45,11118.1,11043.6,11069.4,29.55,29.55,29.256001,29.293999,NaN,NaN
1549597500,11023.5,11041.2,10925.45,10943.6,29.29,29.3975,29.166001,29.213999,NaN,NaN
1549856700,10930.9,10930.9,10857.1,10888.8,29.27,29.43,29.1525,29.301001,NaN,NaN
1549943100,10879.7,10910.9,10823.8,10831.4,29.3,29.3,29.175,29.2055,NaN,NaN
1550029500,10870.55,10891.65,10772.1,10793.65,29.185,29.195,29.051499,29.148501,NaN,NaN
1550115900,10786.1,10792.7,10718.75,10746.05,29.125,29.228,29.091499,29.2055,NaN,NaN
1550202300,10780.25,10785.75,10620.4,10724.4,29.255,29.515,29.255,29.467,NaN,NaN
1550461500,10738.65,10759.9,10628.4,10640.95,29.632,29.796499,29.6125,29.695,NaN,NaN
1550547900,10636.7,10722.85,10585.65,10604.35,29.721001,29.798999,29.6525,29.771499,NaN,NaN
1550634300,10655.45,10752.7,10646.4,10735.45,30,30.015,29.853501,29.9205,NaN,NaN
1550720700,10744.1,10808.85,10721.5,10789.85,29.8195,29.848,29.5105,29.686001,NaN,NaN
1550807100,10782.7,10801.55,10758.4,10791.65,29.548999,29.618999,29.4705,29.505,NaN,NaN
1551066300,10813.25,10887.1,10788.05,10880.1,29.581499,29.686001,29.53,29.568999,NaN,NaN
1551152700,10775.3,10888.75,10729.3,10835.3,29.6205,29.75,29.5025,29.536499,NaN,NaN
1551239100,10881.2,10939.7,10751.2,10806.65,29.7,29.75,29.511499,29.596001,NaN,NaN
1551325500,10865.7,10865.7,10784.85,10792.5,29.55,29.55,29.361001,29.5025,NaN,NaN
1551411900,10842.65,10877.9,10823.1,10863.5,28.912,29.248501,28.322,29.073999,NaN,NaN
1551757500,10864.85,10994.9,10817,10987.45,29.25,29.25,28.4025,28.4755,NaN,NaN
1551843900,11024.85,11062.3,10998.85,11053,28.75,28.75,28.47,28.521001,NaN,NaN
1551930300,11077.95,11089.05,11027.1,11058.2,28.41,28.448999,28.262,28.3245,NaN,NaN
1552016700,11038.85,11049,11008.95,11035.4,28.341499,28.548,28.3195,28.468501,NaN,NaN
1552275900,11068.75,11180.9,11059.85,11168.05,28.5205,28.577,28.45,28.502,NaN,NaN
1552362300,11231.35,11320.4,11227,11301.2,28.5,28.6,28.292,28.358501,NaN,NaN
1552448700,11326.2,11352.3,11276.6,11341.7,28.5,28.6495,28.46,28.5955,NaN,NaN
1552535100,11382.5,11383.45,11313.75,11343.25,28.5505,28.58,28.301001,28.3595,NaN,NaN
1552621500,11376.85,11487,11370.8,11426.85,28.35,28.437,28.183,28.348999,NaN,NaN
1552880700,11473.85,11530.15,11412.5,11462.2,28.21,28.2395,28.0625,28.1145,NaN,NaN
1552967100,11500.3,11543.85,11451.25,11532.4,28.16,28.38,28.16,28.3455,NaN,NaN
1553053500,11553.35,11556.1,11503.1,11521.05,28.351499,28.42,28.1025,28.133,NaN,NaN
1553226300,11549.2,11572.8,11434.55,11456.9,28.198501,28.416499,28.143999,28.391001,NaN,NaN
1553485500,11395.65,11395.65,11311.6,11354.25,28.55,28.578999,28.3,28.393501,NaN,NaN
1553571900,11375.2,11496.75,11352.45,11483.25,28.401499,28.528501,27.88,28.346001,NaN,NaN
1553658300,11531.45,11546.2,11413,11445.05,28.5,28.5,28.323999,28.382,NaN,NaN
1553744700,11463.65,11588.5,11452.45,11570,28.338501,28.38,28.18,28.251499,NaN,NaN
1553831100,11625.45,11630.35,11570.15,11623.9,28,28.147,27.97,28.08,NaN,NaN
1554090300,11665.2,11738.1,11644.75,11669.15,28.15,28.22,28.07,28.0925,NaN,NaN
1554176700,11711.55,11729.35,11655.85,11713.2,28.155,28.155,27.92,27.996001,NaN,NaN
1554263100,11735.3,11761,11629.15,11643.95,28.25,28.25,27.855,27.883,NaN,NaN
1554349500,11660.2,11662.55,11559.2,11598,27.946001,28.12,27.908999,28.0395,NaN,NaN
1554435900,11638.4,11689.65,11609.5,11665.95,27.9605,28.0875,27.901499,28.035,NaN,NaN
1554695100,11704.35,11710.3,11549.1,11604.5,28.2025,28.347,28.171499,28.2975,NaN,NaN
1554781500,11612.05,11683.9,11569.7,11671.95,28.331499,28.49,28.2105,28.255,NaN,NaN
1554867900,11646.85,11680.05,11571.75,11584.3,28.4,28.4,28.19,28.278999,NaN,NaN
1554954300,11592.55,11606.7,11550.55,11596.7,28.298501,28.3495,28.1505,28.216499,NaN,NaN
1555040700,11612.85,11657.35,11578.8,11643.45,28.0995,28.198999,28.0005,28.173999,NaN,NaN
1555299900,11667,11704.6,11648.25,11690.35,28.048501,28.145,27.981001,28.0195,NaN,NaN
1555386300,11736.2,11810.95,11731.55,11787.15,28.15,28.15,27.985,28.0395,NaN,NaN
1555559100,11856.15,11856.15,11738.5,11752.8,28.25,28.25,27.798501,27.9305,NaN,NaN
1555904700,11727.05,11727.05,11583.95,11594.45,27.945,28.15,27.945,28.0005,NaN,NaN
1555991100,11612.95,11645.95,11564.8,11575.95,28,28,27.8805,27.966499,NaN,NaN
1556077500,11601.5,11740.85,11578.85,11726.15,28.1,28.1,27.893,27.957,NaN,NaN
1556163900,11735.7,11796.75,11624.3,11641.8,28.1745,28.235,28.0005,28.1945,NaN,NaN
1556250300,11683.75,11762.9,11661.75,11754.65,28.161499,28.2795,28.11,28.156499,NaN,NaN
1556595900,11748.75,11756.25,11655.9,11748.15,28.101499,28.198,28.076001,28.1525,NaN,NaN
1556768700,11725.55,11789.3,11699.55,11724.75,28.1,28.1,27.76,27.811499,NaN,NaN
1556855100,11722.6,11770.9,11699.35,11712.25,27.845,27.866499,27.741001,27.781001,NaN,NaN
1557114300,11605.8,11632.55,11571.35,11598.25,28.1,28.1,27.961001,28.0075,NaN,NaN
1557200700,11651.5,11657.05,11484.45,11497.9,28.1125,28.2,27.9475,28.03,NaN,NaN
1557287100,11478.7,11479.1,11346.95,11359.45,28.248999,28.248999,28,28.063,NaN,NaN
1557373500,11322.4,11357.6,11255.05,11301.8,28.001001,28.18,28.001001,28.115,NaN,NaN
1557459900,11314.15,11345.8,11251.05,11278.9,28.15,28.228999,28.0805,28.1095,NaN,NaN
1557719100,11258.7,11300.2,11125.6,11148.2,28.121001,28.3095,28.12,28.261499,NaN,NaN
1557805500,11151.65,11294.75,11108.3,11222.05,28.551001,28.66,28.47,28.553999,NaN,NaN
1557891900,11271.7,11286.8,11136.95,11157,28.535,28.668999,28.421001,28.571001,NaN,NaN
1557978300,11180.35,11281.55,11143.35,11257.1,28.5,28.578999,28.326001,28.3675,NaN,NaN
1558064700,11261.9,11426.15,11259.85,11407.15,28.301001,28.348501,28.223999,28.2645,NaN,NaN
1558323900,11651.9,11845.2,11591.7,11828.25,27.855,28.098999,27.855,27.895,NaN,NaN
1558410300,11863.65,11883.55,11682.8,11709.1,27.91,27.987,27.87,27.9245,NaN,NaN
1558496700,11727.95,11784.8,11682.4,11737.9,27.965,27.965,27.845,27.895,NaN,NaN
1558583100,11901.3,12041.15,11614.5,11657.05,27.811001,28.15,27.75,28.015,NaN,NaN
1558669500,11748,11859,11658.1,11844.1,28.101499,28.148999,27.956001,27.9925,NaN,NaN
1558928700,11855.5,11957.15,11812.4,11924.75,28,28.24,27.98,28.096001,NaN,NaN
1559015100,11958.35,11958.55,11864.9,11928.75,28.098501,28.15,28.0605,28.101001,NaN,NaN
1559101500,11905.8,11931.9,11836.8,11861.1,28.25,28.34,28.06,28.202,NaN,NaN
1559187900,11865.3,11968.55,11859.4,11945.9,28.0555,28.138999,28,28.04,NaN,NaN
1559274300,11999.8,12039.25,11829.45,11922.8,28.1795,28.41,28.1795,28.382,NaN,NaN
1559533500,11953.75,12103.05,11920.1,12088.55,28.502,28.6975,28.502,28.5345,NaN,NaN
1559619900,12052.65,12095.2,12005.85,12021.65,28.698999,28.813999,28.582,28.6445,NaN,NaN
1559792700,12039.8,12039.8,11830.25,11843.75,28.8005,29.08,28.771001,28.951499,NaN,NaN
1559879100,11865.2,11897.5,11769.5,11870.65,28.948501,28.988,28.806001,28.906499,NaN,NaN
1560138300,11934.9,11975.05,11871.75,11922.7,28.8295,28.99,28.77,28.7955,NaN,NaN
1560224700,11959.85,12000.35,11904.35,11965.6,28.756499,28.828999,28.5605,28.6005,NaN,NaN
1560311100,11962.45,11962.45,11866.35,11906.2,28.7505,28.9155,28.7,28.783,NaN,NaN
1560397500,11873.9,11931.35,11817.05,11914.05,28.708,28.88,28.7005,28.826001,NaN,NaN
1560483900,11910.1,11911.85,11797.7,11823.3,28.952,29.35,28.902,29.242,NaN,NaN
1560743100,11844,11844.05,11657.75,11672.15,29.188999,29.188999,28.901001,28.9375,NaN,NaN
1560829500,11677.05,11727.2,11641.15,11691.5,28.991499,29.17,28.973501,29.0475,NaN,NaN
1560915900,11744.45,11802.5,11625.1,11691.45,29.0445,29.108,28.915,29.017,NaN,NaN
1561002300,11653.65,11843.5,11635.05,11831.75,29.503,29.795,29.3525,29.758999,NaN,NaN
1561088700,11827.6,11827.95,11705.1,11724.1,30.021001,30.485,29.7,29.765,NaN,NaN
1561347900,11725.8,11754,11670.2,11699.65,30.148,30.2,29.95,30.007,NaN,NaN
1561434300,11681,11814.4,11651,11796.45,30.322,30.6,30.271499,30.417,NaN,NaN
1561520700,11768.15,11871.85,11757.55,11847.55,30.325,30.325,29.801001,29.8475,NaN,NaN
1561607100,11860.85,11911.15,11821.05,11841.55,29.6995,30.048,29.6995,29.783501,NaN,NaN
1561693500,11861.15,11871.7,11775.5,11788.85,29.952,30.1275,29.812,29.9795,NaN,NaN
1561952700,11839.9,11884.65,11830.8,11865.6,29.698501,29.735,29.4995,29.586001,NaN,NaN
1562039100,11890.3,11917.45,11814.7,11910.3,29.6445,29.6845,29.466001,29.628,NaN,NaN
1562125500,11932.15,11945.2,11887.05,11916.75,30.0005,30.2445,30.0005,30.1505,NaN,NaN
1562211900,11928.8,11969.25,11923.65,11946.75,30.138,30.138,29.902,29.945,NaN,NaN
1562298300,11964.75,11981.75,11797.9,11811.15,30.0445,30.48,29.9825,30.246001,NaN,NaN
1562557500,11770.4,11771.9,11523.3,11558.6,30.02,30.37,30.02,30.293501,NaN,NaN
1562643900,11531.6,11582.55,11461,11555.9,30.248,30.3,30,30.022,NaN,NaN
1562730300,11536.15,11593.7,11475.65,11498.9,30.2005,30.2005,30.06,30.162,NaN,NaN
1562816700,11561.45,11599,11519.5,11582.9,30.415,30.658999,30.415,30.5875,NaN,NaN
1562903100,11601.15,11639.55,11538.6,11552.5,30.416499,30.478999,30.3005,30.328,NaN,NaN
1563162300,11614.75,11618.4,11532.3,11588.35,30.398,30.5795,30.351001,30.515,NaN,NaN
1563248700,11596.65,11670.05,11573.95,11662.6,30.582,30.5945,30.443501,30.546499,NaN,NaN
1563335100,11670.75,11706.65,11651.15,11687.5,30.501001,30.546001,30.411499,30.486499,NaN,NaN
1563421500,11675.6,11677.15,11582.4,11596.9,30.702,31.031001,30.701499,30.9625,NaN,NaN
1563507900,11627.95,11640.35,11399.3,11419.25,31.305,31.638999,31.065,31.183501,NaN,NaN
1563767100,11392.85,11398.15,11301.25,11346.2,31.052,31.15,30.848999,30.8645,NaN,NaN
1563853500,11372.25,11398.15,11302.8,11331.05,30.87,31.2,30.726001,30.783501,NaN,NaN
1563939900,11322.45,11359.75,11229.8,11271.3,30.903999,31,30.795,30.826001,NaN,NaN
1564026300,11290.4,11361.4,11239.35,11252.15,30.848501,30.906499,30.767,30.8355,NaN,NaN
1564112700,11247.45,11307.6,11210.05,11284.3,30.7945,30.7945,30.653501,30.6845,NaN,NaN
1564371900,11307.5,11310.95,11152.4,11189.2,30.748,30.748,30.61,30.668999,NaN,NaN
1564458300,11213.7,11267.45,11072.65,11085.4,30.698,30.838,30.641001,30.7895,NaN,NaN
1564544700,11034.05,11145.3,10999.4,11118,30.735,30.743501,30.6,30.656499,NaN,NaN
1564631100,11060.2,11076.75,10881,10980,30.598,30.62,30.4,30.4555,NaN,NaN
1564717500,10930.3,11080.15,10848.95,10997.35,30.902,31.3205,30.851001,31.27,NaN,NaN
1564976700,10895.8,10895.8,10782.6,10862.6,31.9995,32.398999,31.81,31.971001,NaN,NaN
1565063100,10815.4,11018.55,10813.8,10948.25,31.5895,32.398501,31.5895,32.171001,NaN,NaN
1565149500,10958.1,10975.65,10835.9,10855.5,32.5005,32.813501,32.5005,32.651001,NaN,NaN
1565235900,10899.2,11058.05,10842.95,11032.45,32.751499,32.998501,32.506001,32.6045,NaN,NaN
1565322300,11087.9,11181.45,11062.8,11109.65,32.898501,32.898501,32.6005,32.7255,NaN,NaN
1565667900,11139.4,11145.9,10901.6,10925.85,32.9005,33.348999,32.9005,33.3055,NaN,NaN
1565754300,11003.25,11078.15,10935.6,11029.4,33.5,33.5,32.511001,32.777,NaN,NaN
1565927100,11043.65,11068.65,10924.3,11047.8,32.952,33.2005,32.833,32.903,NaN,NaN
1566186300,11094.8,11146.9,11037.85,11053.9,32.998,33,32.825,32.943,NaN,NaN
1566272700,11063.9,11076.3,10985.3,11017,33.09,33.2195,32.81,33.1855,NaN,NaN
1566359100,11018.15,11034.2,10906.65,10918.7,33.3,33.3,32.92,32.9495,NaN,NaN
1566445500,10905.3,10908.25,10718.3,10741.35,33.0875,33.2495,33,33.1995,NaN,NaN
1566531900,10699.6,10862.55,10637.15,10829.35,33.151499,33.2995,33.052,33.091499,NaN,NaN
1566791100,11000.3,11070.3,10756.55,11057.85,33.651001,34.208999,33.1,33.9605,NaN,NaN
1566877500,11106.55,11141.75,11049.5,11105.35,33.948,34.138999,33.701499,33.948999,NaN,NaN
1566963900,11101.3,11129.65,10987.65,11046.1,34.15,34.2475,33.923501,34.211499,NaN,NaN
1567050300,10996.05,11021.1,10922.4,10948.3,34.301499,34.468999,34.18,34.2225,NaN,NaN
1567136700,10987.8,11042.6,10874.8,11023.25,34.74,34.74,33.75,33.7995,NaN,NaN
1567482300,10960.95,10967.5,10772.7,10797.9,34.428,34.49,33.885,34.452,NaN,NaN
1567568700,10790.4,10858.75,10746.35,10844.65,35,35,34.51,34.576499,NaN,NaN
1567655100,10860.95,10920.1,10816,10847.9,34.651499,34.788,34.498999,34.513999,NaN,NaN
1567741500,10883.8,10957.05,10867.45,10946.2,34.098999,34.098999,33.5,33.5245,NaN,NaN
1568000700,10936.7,11028.85,10889.8,11003.05,33.25,33.9,33.25,33.687,NaN,NaN
1568173500,11028.5,11054.8,11011.65,11035.7,33.85,33.85,33.266001,33.331499,NaN,NaN
1568259900,11058.3,11081.75,10964.95,10982.8,33.2495,33.255,32.963,33.148,NaN,NaN
1568346300,10986.8,11084.45,10945.75,11075.9,33.098501,33.17,32.86,33.123501,NaN,NaN
1568605500,10994.85,11052.7,10968.2,11003.5,33.197,33.643999,33.155,33.25,NaN,NaN
1568691900,11000.1,11000.1,10796.5,10817.6,33.43,33.47,33.25,33.363999,NaN,NaN
1568778300,10872.8,10885.15,10804.85,10840.65,33.202,33.348,33.0775,33.1195,NaN,NaN
1568864700,10845.2,10845.2,10670.25,10704.8,32.9975,32.998,32.71,32.798,NaN,NaN
1568951100,10746.8,11381.9,10691,11274.2,32.751499,32.888501,32.6,32.818,NaN,NaN
1569210300,11542.7,11694.85,11471.35,11600.2,33,33.14,32.846499,33.0825,NaN,NaN
1569296700,11590.7,11655.05,11539.2,11588.2,33.031001,33.147,33.023999,33.086499,NaN,NaN
1569383100,11564.85,11564.95,11416.1,11440.2,33.25,33.42,32.9995,33.345,NaN,NaN
1569469500,11469.85,11610.85,11466.35,11571.2,33.19,33.19,32.835,32.986499,NaN,NaN
1569555900,11556.35,11593.6,11499.75,11512.4,33.0255,33.19,32.98,33.021499,NaN,NaN
1569815100,11491.15,11508.25,11390.8,11474.45,33.0195,33.0495,32.8155,32.9725,NaN,NaN
1569901500,11515.4,11554.2,11247.9,11359.9,32.95,32.95,32.2505,32.6405,NaN,NaN
1570074300,11322.25,11370.4,11257.35,11314,33.0605,33.4805,33.0605,33.353999,NaN,NaN
1570160700,11388.45,11400.3,11158.35,11174.75,33.398,33.68,33.301001,33.6405,NaN,NaN
1570419900,11196.2,11233.85,11112.65,11126.4,33.635,33.775,33.506001,33.603501,NaN,NaN
1570592700,11152.95,11321.6,11090.15,11313.3,33.85,33.938999,33.566001,33.7225,NaN,NaN
1570679100,11280.5,11293.35,11208.55,11234.55,33.89,33.943,33.78,33.828,NaN,NaN
1570765500,11257.7,11362.9,11189.4,11305.05,33.561001,33.767,33.415,33.661499,NaN,NaN
1571024700,11335.9,11420.45,11290.05,11341.15,33.498,33.82,33.321499,33.746499,NaN,NaN
1571111100,11360.85,11462.35,11342.1,11428.3,33.898501,33.968999,33.711001,33.925,NaN,NaN
1571197500,11464.95,11481.05,11411.1,11464,34.15,34.15,33.6705,33.7345,NaN,NaN
1571283900,11466.3,11599.1,11439.65,11586.35,33.95,33.95,33.701001,33.7875,NaN,NaN
1571370300,11580.3,11684.7,11553.15,11661.85,33.94,33.94,33.75,33.763,NaN,NaN
1571715900,11657.15,11714.35,11573.65,11588.35,33.883,33.883,33.571499,33.665,NaN,NaN
1571802300,11596.2,11651.6,11554.4,11604.1,33.75,33.887,33.705,33.793,NaN,NaN
1571888700,11661.65,11679.6,11534.65,11582.6,33.848501,33.898,33.661499,33.701499,NaN,NaN
1571975100,11646.15,11646.9,11490.75,11583.9,33.862,34.8,33.7495,34.133999,NaN,NaN
1572179400,11662.25,11672.4,11604.6,11627.15,NaN,NaN,NaN,NaN,NaN,NaN
1572320700,11643.95,11809.4,11627.35,11786.85,34.14,34.14,33.5905,33.7105,NaN,NaN
1572407100,11883.9,11883.95,11784.45,11844.1,33.8,33.8,33.56,33.66,NaN,NaN
1572493500,11890.45,11945,11855.1,11877.45,33.702,34.15,32.5,34.0655,NaN,NaN
1572579900,11886.6,11918.3,11843.35,11890.6,34,34.29,34,34.18,NaN,NaN
1572839100,11928.9,11989.15,11905.35,11941.3,34.17,34.27,34.026001,34.187,NaN,NaN
1572925500,11974.6,11978.95,11861.9,11917.2,34.17,34.2195,34.081001,34.091499,NaN,NaN
1573011900,11911.5,12002.9,11850.25,11966.05,34.043501,34.043501,33.7325,33.862,NaN,NaN
1573098300,12021.1,12021.4,11946.85,12012.05,33.95,35.55,33.751499,33.787,NaN,NaN
1573184700,11987.15,12034.15,11888.75,11908.15,33.5055,33.713999,33.4755,33.5045,NaN,NaN
1573443900,11879.2,11932.65,11853.95,11913.45,32.843999,33.648999,32.843501,33.553,NaN,NaN
1573616700,11908.3,11946.8,11823.2,11840.45,33.95,33.95,33.5055,33.8255,NaN,NaN
1573703100,11858.75,11895.65,11802.65,11872.1,33.898,33.9,33.716001,33.841499,NaN,NaN
1573789500,11904.2,11973.65,11879.25,11895.45,33.6005,33.838999,33.5,33.538501,NaN,NaN
1574048700,11915.15,11946.2,11867.6,11884.5,33.5295,33.5975,33.4,33.43,NaN,NaN
1574135100,11919.45,11958.85,11881.75,11940.1,33.61,33.9495,33.6095,33.708501,NaN,NaN
1574221500,12004.75,12038.6,11966.05,11999.1,33.895,33.898501,33.7,33.853,NaN,NaN
1574307900,12025.65,12028.2,11956.9,11968.4,33.95,33.95,33.671499,33.703,NaN,NaN
1574394300,11967.3,11968.1,11883.5,11914.4,33.6,33.748,33.526001,33.707,NaN,NaN
1574653500,11922.45,12084.5,11919.75,12073.75,33.6005,33.6025,33.35,33.388501,NaN,NaN
1574739900,12110.2,12132.45,12006.35,12037.7,33.347,33.3595,33.255,33.321499,NaN,NaN
1574826300,12068.5,12114.9,12055.15,12100.7,33.4945,33.4945,33.191499,33.287,NaN,NaN
1574912700,12132.1,12158.8,12099.95,12151.15,33.2975,33.37,33.2155,33.336499,NaN,NaN
1574999100,12146.2,12147.4,12017.4,12056.05,33.37,33.4895,33.352,33.413501,NaN,NaN
1575258300,12137.05,12137.15,12023.7,12048.2,33.5195,33.5195,33.381001,33.408501,NaN,NaN
1575344700,12067.65,12068.6,11956.4,11994.2,33.496001,33.5425,33.4545,33.4845,NaN,NaN
1575431100,11969.95,12054.7,11935.3,12043.2,33.75,34.148999,33.48,33.756499,NaN,NaN
1575517500,12071.25,12081.2,11998.75,12018.4,33.711499,33.875,33.623,33.6655,NaN,NaN
1575603900,12047.35,12057.05,11888.85,11921.5,33.66,33.698999,33.571499,33.622,NaN,NaN
1575863100,11939.1,11981.95,11888.05,11937.5,33.5355,33.5355,33.201499,33.2355,NaN,NaN
1575949500,11950.5,11953.2,11844.7,11856.8,33.228999,33.238999,33.151001,33.206499,NaN,NaN
1576035900,11867.35,11923.2,11832.3,11910.15,33.402,33.402,33.17,33.272,NaN,NaN
1576122300,11944.3,12005.5,11934,11971.8,33.313501,33.413501,33.25,33.2875,NaN,NaN
1576208700,12026.4,12098.85,12023.6,12086.7,33.1875,33.2995,33.12,33.2205,NaN,NaN
1576467900,12131.35,12134.65,12046.3,12053.95,33.478999,33.4895,33.272,33.443,NaN,NaN
1576554300,12082.45,12182.75,12070.35,12165,33.443,33.548,33.3305,33.503,NaN,NaN
1576640700,12197,12237.7,12163.45,12221.65,33.701001,33.701001,33.511001,33.596001,NaN,NaN
1576727100,12223.4,12268.35,12191.15,12259.7,30.200001,36.299999,30.1,33.549999,NaN,NaN
1576813500,12266.45,12293.9,12252.75,12271.8,33.799999,33.900002,33.549999,33.650002,NaN,NaN
1577072700,12235.45,12287.15,12213.25,12262.75,33.700001,33.700001,33.549999,33.650002,NaN,NaN
1577159100,12269.25,12283.7,12202.1,12214.55,33.75,33.849998,33.650002,33.75,NaN,NaN
1577331900,12211.85,12221.55,12118.85,12126.55,34.049999,34.349998,33.799999,34,NaN,NaN
1577418300,12172.9,12258.45,12157.9,12245.8,34.099998,34.349998,34.049999,34.150002,NaN,NaN
1577677500,12274.9,12286.45,12213.8,12255.85,34.349998,34.400002,34.099998,34.299999,NaN,NaN
1577763900,12247.1,12247.1,12151.8,12168.45,34.400002,34.5,34.299999,34.450001,NaN,NaN
1577850300,12202.15,12222.2,12165.3,12182.5,34.799999,34.799999,34.25,34.349998,NaN,NaN
1577936700,12198.55,12289.9,12195.25,12282.2,34.450001,34.5,34.349998,34.349998,NaN,NaN
1578023100,12261.1,12265.6,12191.35,12226.65,34.549999,35.799999,34.549999,35.400002,NaN,NaN
1578282300,12170.6,12179.1,11974.2,11993.05,35.400002,36.75,35.400002,36.150002,NaN,NaN
1578368700,12079.1,12152.15,12005.35,12052.95,35.900002,35.900002,35.349998,35.5,NaN,NaN
1578455100,11939.1,12044.95,11929.6,12025.35,36.150002,36.900002,35.950001,36.099998,NaN,NaN
1578541500,12153.15,12224.05,12132.55,12215.9,35.950001,35.950001,34.849998,35.049999,NaN,NaN
1578627900,12271,12311.2,12213.2,12256.8,35.099998,35.25,34.75,34.950001,NaN,NaN
1578887100,12296.7,12337.75,12285.8,12329.55,35.200001,35.25,34.75,34.75,NaN,NaN
1578973500,12333.1,12374.25,12308.7,12362.3,34.150002,34.849998,34,34.75,NaN,NaN
1579059900,12349.4,12355.15,12278.75,12343.3,35,35.099998,34.900002,35.049999,NaN,NaN
1579146300,12347.1,12389.05,12315.8,12355.5,35.799999,35.799999,34.900002,35,NaN,NaN
1579232700,12328.4,12385.45,12321.4,12352.35,35,35.650002,34.900002,34.950001,NaN,NaN
1579491900,12430.5,12430.5,12216.9,12224.55,35,35.290001,35,35.23,NaN,NaN
1579578300,12195.3,12230.05,12162.3,12169.85,35.5,35.549999,35.060001,35.130001,NaN,NaN
1579664700,12218.35,12225.05,12087.9,12106.9,35.299999,35.310001,34.950001,35.290001,NaN,NaN
1579751100,12123.75,12189,12094.1,12180.35,35.34,35.43,35.060001,35.209999,NaN,NaN
1579837500,12174.55,12272.15,12149.65,12248.25,35.299999,35.5,35.299999,35.400002,NaN,NaN
1580096700,12197.1,12216.6,12107,12119,35.700001,35.889999,35.599998,35.849998,NaN,NaN
1580183100,12148.1,12163.55,12024.5,12055.8,35.830002,35.93,35.66,35.720001,NaN,NaN
1580269500,12114.9,12169.6,12103.8,12129.5,36,36,35,35.610001,NaN,NaN
1580355900,12147.75,12150.3,12010.6,12035.8,35.849998,36.040001,35.77,35.93,NaN,NaN
1580442300,12100.4,12103.55,11945.85,11962.1,36,36,35.799999,35.869999,NaN,NaN
1580528700,11939,12017.35,11633.3,11661.85,36.450001,36.450001,36.049999,36.209999,NaN,NaN
1580701500,11627.45,11749.85,11614.5,11707.9,36.799999,36.799999,35.880001,35.91,NaN,NaN
1580787900,11786.25,11986.15,11783.4,11979.65,35.799999,35.84,35.52,35.580002,NaN,NaN
1580874300,12005.85,12098.15,11953.35,12089.15,36,36,35.18,35.310001,NaN,NaN
1580960700,12120,12160.6,12084.65,12137.95,35.5,35.68,35.330002,35.580002,NaN,NaN
1581047100,12151.15,12154.7,12073.95,12098.35,35.919998,35.919998,35.57,35.700001,NaN,NaN
1581306300,12102.35,12103.55,11990.75,12031.5,35.84,37.400002,35.75,35.950001,NaN,NaN
1581392700,12108.4,12172.3,12099,12107.9,35.790001,35.869999,35.700001,35.82,NaN,NaN
1581479100,12151,12231.75,12144.3,12201.2,35.84,35.849998,35.720001,35.759998,NaN,NaN
1581565500,12219.55,12225.65,12139.8,12174.65,35.950001,36.02,35.82,35.950001,NaN,NaN
1581651900,12190.15,12246.7,12091.2,12113.45,35.25,35.970001,35.25,35.849998,NaN,NaN
1581911100,12131.8,12159.6,12037,12045.8,36.25,37.299999,35.869999,35.93,NaN,NaN
1581997500,12028.25,12030.75,11908.05,11992.5,36.139999,36.18,36.049999,36.139999,NaN,NaN
1582083900,12090.6,12134.7,12042.1,12125.9,36.900002,36.900002,36.200001,36.709999,NaN,NaN
1582170300,12119,12152,12071.45,12080.85,36.75,37,36.650002,36.82,NaN,NaN
1582515900,12012.55,12012.55,11813.4,11829.4,37.810001,39,37.799999,38.580002,NaN,NaN
1582602300,11877.5,11883.05,11779.9,11797.9,38.599998,38.599998,37.220001,37.439999,NaN,NaN
1582688700,11738.55,11783.25,11639.6,11678.5,37.490002,37.650002,37.200001,37.52,NaN,NaN
1582775100,11661.25,11663.85,11536.7,11633.3,37.400002,37.990002,37.209999,37.380001,NaN,NaN
1582861500,11382,11384.8,11175.05,11201.75,37.810001,37.889999,37.119999,37.369999,NaN,NaN
1583120700,11387.35,11433,11036.25,11132.75,36.939999,37.110001,36.310001,37.029999,NaN,NaN
1583207100,11217.55,11342.25,11152.55,11303.3,37.450001,37.450001,36.849998,37.119999,NaN,NaN
1583293500,11351.35,11356.6,11082.15,11251,38,38.599998,37.91,38.099998,NaN,NaN
1583379900,11306.05,11389.5,11244.6,11269,38.099998,38.290001,37.93,38.040001,NaN,NaN
1583466300,10942.65,11035.1,10827.4,10989.45,38.75,39.240002,38.419998,39.049999,NaN,NaN
1583725500,10742.05,10751.55,10294.45,10451.45,41.799999,43.700001,38.369999,38.459999,NaN,NaN
1583898300,10334.3,10545.1,10334,10458.4,38.009998,38.799999,38.009998,38.18,NaN,NaN
1583984700,10039.95,10040.75,9508,9590.1504,38.09,38.09,37.560001,37.959999,NaN,NaN
1584071100,9107.5996,10159.4,8555.1504,9955.2002,37.299999,37.299999,34.5,36.619999,NaN,NaN
1584330300,9587.7998,9602.2002,9165.0996,9197.4004,37.349998,37.349998,35.549999,35.669998,NaN,NaN
1584416700,9285.4004,9403.7998,8915.5996,8967.0498,35.189999,35.189999,34.639999,34.830002,NaN,NaN
1584503100,9088.4502,9127.5498,8407.0498,8468.7998,36.049999,36.380001,35.130001,35.439999,NaN,NaN
1584589500,8063.2998,8575.4502,7832.5498,8263.4502,35.400002,35.700001,34.459999,35.209999,NaN,NaN
1584675900,8284.4502,8883,8178.2002,8745.4502,35.209999,36.349998,35.110001,36.110001,NaN,NaN
1584935100,7945.7002,8159.25,7583.6001,7610.25,36.209999,40.900002,34.799999,35.02,NaN,NaN
1585021500,7848.2998,8036.9502,7511.1001,7801.0498,36.02,37.200001,35.950001,36.389999,NaN,NaN
1585107900,7735.1499,8376.75,7714.75,8317.8496,36.939999,37.639999,36.110001,36.990002,NaN,NaN
1585194300,8451,8749.0498,8304.9004,8641.4502,36.900002,37.389999,36.32,36.720001,NaN,NaN
1585280700,8949.0996,9038.9004,8522.9004,8660.25,36.310001,38.299999,36.110001,38.169998,NaN,NaN
1585539900,8385.9502,8576,8244,8281.0996,38.400002,40,38,39.740002,NaN,NaN
1585626300,8529.3496,8678.2998,8358,8597.75,39.740002,40.5,38,38.209999,NaN,NaN
1585712700,8584.0996,8588.0996,8198.3496,8253.7998,38.209999,38.490002,37.32,38.240002,NaN,NaN
1585885500,8356.5498,8356.5498,8055.7998,8083.7998,38.349998,39.400002,38.349998,38.790001,NaN,NaN
1586231100,8446.2998,8819.4004,8360.9502,8792.2002,39.610001,40.139999,39.509998,39.669998,NaN,NaN
1586317500,8688.9004,9131.7002,8653.9004,8748.75,39.669998,39.900002,39.209999,39.790001,NaN,NaN
1586403900,8973.0498,9128.3496,8904.5498,9111.9004,39.889999,41.150002,39.66,40.790001,NaN,NaN
1586749500,9103.9502,9112.0498,8912.4004,8993.8496,41.240002,43.09,40.91,42.490002,NaN,NaN
1586922300,9196.4004,9261.2002,8874.0996,8925.2998,44,44.450001,41.799999,42.669998,NaN,NaN
1587008700,8851.25,9053.75,8821.9004,8992.7998,42.82,43.43,42.099998,43.259998,NaN,NaN
1587095100,9323.4502,9324,9091.3496,9266.75,43.119999,43.240002,42.209999,42.470001,NaN,NaN
1587354300,9390.2002,9390.8496,9230.7998,9261.8496,45.049999,45.049999,41.25,41.549999,NaN,NaN
1587440700,9016.9502,9044.4004,8909.4004,8981.4502,41.810001,42.689999,41.610001,42.049999,NaN,NaN
1587527100,9026.75,9209.75,8946.25,9187.2998,41.799999,42.990002,41.639999,42.610001,NaN,NaN
1587613500,9232.3496,9343.5996,9170.1504,9313.9004,42.790001,43.099998,42.310001,42.610001,NaN,NaN
1587699900,9163.9004,9296.9004,9141.2998,9154.4004,42.700001,42.790001,42.110001,42.689999,NaN,NaN
1587959100,9259.7002,9377.0996,9250.3496,9282.2998,43.09,43.09,42.25,42.560001,NaN,NaN
1588045500,9389.7998,9404.4004,9260,9380.9004,42.450001,42.75,42.02,42.68,NaN,NaN
1588131900,9408.5996,9599.8496,9392.3496,9553.3496,42.650002,42.779999,42.200001,42.369999,NaN,NaN
1588218300,9753.5,9889.0498,9731.5,9859.9004,42.5,42.759998,42.16,42.57,NaN,NaN
1588563900,9533.5,9533.5,9266.9502,9293.5,42.57,43.939999,42.209999,42.73,NaN,NaN
1588650300,9429.4004,9450.9004,9190.75,9205.5996,42.700001,42.700001,41.389999,41.540001,NaN,NaN
1588736700,9226.7998,9346.9004,9116.5,9270.9004,41.75,42.16,41.25,41.360001,NaN,NaN
1588823100,9234.0498,9277.8496,9175.9004,9199.0498,41.889999,41.93,40.939999,41.060001,NaN,NaN
1588909500,9376.9502,9382.6504,9238.2002,9251.5,41.84,41.880001,41.16,41.509998,NaN,NaN
1589168700,9348.1504,9439.9004,9219.9502,9239.2002,41.580002,41.990002,39.599998,41.169998,NaN,NaN
1589255100,9168.8496,9240.8496,9043.9502,9196.5498,41.439999,41.450001,41.150002,41.240002,NaN,NaN
1589341500,9584.2002,9584.5,9351.0996,9383.5498,41.189999,41.27,40.810001,40.970001,NaN,NaN
1589427900,9213.9502,9281.0996,9119.75,9142.75,41.16,41.77,41.16,41.490002,NaN,NaN
1589514300,9182.4004,9182.4004,9050,9136.8496,41.82,42.189999,41.709999,41.799999,NaN,NaN
1589773500,9158.2998,9158.2998,8806.75,8823.25,42.900002,42.950001,42.209999,42.540001,NaN,NaN
1589859900,8961.7002,9030.3496,8855.2998,8879.0996,42.150002,42.450001,41.25,41.369999,NaN,NaN
1589946300,8889.1504,9093.7998,8875.3496,9066.5498,42,42.119999,41.610001,41.880001,NaN,NaN
1590032700,9079.4502,9178.5498,9056.0996,9106.25,41.810001,41.889999,41.310001,41.43,NaN,NaN
1590119100,9067.9004,9149.5996,8968.5498,9039.25,41.48,41.860001,41.16,41.650002,NaN,NaN
1590464700,9099.75,9161.6504,8996.6504,9029.0498,41.790001,41.970001,41.150002,41.200001,NaN,NaN
1590551100,9082.2002,9334,9004.25,9314.9502,42,42,40.549999,40.650002,NaN,NaN
1590637500,9364.9502,9511.25,9336.5,9490.0996,41.5,41.5,40.5,41.189999,NaN,NaN
1590723900,9422.2002,9598.8496,9376.9004,9580.2998,41.200001,41.200001,40.779999,40.990002,NaN,NaN
1590983100,9726.8496,9931.5996,9706.9502,9826.1504,41.369999,41.490002,40.810001,41.209999,NaN,NaN
1591069500,9880.8496,9995.5996,9824.0498,9979.0996,41.16,41.549999,41.009998,41.18,NaN,NaN
1591155900,10108.3,10176.2,10035.55,10061.55,40.990002,41.139999,40.650002,40.880001,NaN,NaN
1591242300,10054.25,10123.85,9944.25,10029.1,40.720001,40.84,40.509998,40.810001,NaN,NaN
1591328700,10093.8,10177.8,10040.75,10142.15,41.189999,41.23,40.709999,41.189999,NaN,NaN
1591587900,10326.75,10328.5,10120.25,10167.45,40.889999,40.889999,40.5,40.650002,NaN,NaN
1591674300,10181.15,10291.15,10021.45,10046.65,40.990002,41.080002,40.509998,41,NaN,NaN
1591760700,10072.6,10148.75,10036.85,10116.15,41.5,41.5,41.060001,41.209999,NaN,NaN
1591847100,10094.1,10112.05,9885.0498,9902,41.240002,41.84,41.240002,41.73,NaN,NaN
1591933500,9544.9502,9996.0498,9544.3496,9972.9004,41.990002,41.990002,41.509998,41.799999,NaN,NaN
1592192700,9919.3496,9943.3496,9726.3496,9813.7002,41.52,41.990002,41.360001,41.41,NaN,NaN
1592279100,10014.8,10046.15,9728.5,9914,41.82,42,41.470001,41.849998,NaN,NaN
1592365500,9876.7002,10003.6,9833.7998,9881.1504,41.509998,42,41.509998,41.650002,NaN,NaN
1592451900,9863.25,10111.2,9845.0498,10091.65,41.650002,41.990002,41.560001,41.84,NaN,NaN
1592538300,10119,10272.4,10072.65,10244.4,41.990002,42.450001,41.700001,41.740002,NaN,NaN
1592797500,10318.75,10393.65,10277.6,10311.2,42.779999,42.779999,42.049999,42.290001,NaN,NaN
1592883900,10347.95,10484.7,10301.75,10471,43.07,43.07,42.009998,42.220001,NaN,NaN
1592970300,10529.25,10553.15,10281.95,10305.3,42.220001,42.779999,42.220001,42.700001,NaN,NaN
1593056700,10235.55,10361.8,10194.5,10288.9,42.639999,42.689999,42.110001,42.310001,NaN,NaN
1593143100,10378.9,10409.85,10311.25,10383,42.490002,42.68,42.18,42.330002,NaN,NaN
1593402300,10311.95,10337.95,10223.6,10312.4,42.330002,42.84,42.330002,42.490002,NaN,NaN
1593488700,10382.6,10401.05,10267.35,10302.1,42.490002,42.889999,42.419998,42.610001,NaN,NaN
1593575100,10323.8,10447.05,10299.6,10430.05,43.25,43.439999,42.810001,43,NaN,NaN
1593661500,10493.05,10598.2,10485.55,10551.7,42.75,42.75,42.080002,42.240002,NaN,NaN
1593747900,10614.95,10631.3,10562.65,10607.35,42.290001,42.490002,42.150002,42.200001,NaN,NaN
1594007100,10723.85,10811.4,10695.1,10763.65,42.23,42.400002,42,42.27,NaN,NaN
1594093500,10802.85,10813.8,10689.7,10799.65,42.439999,42.700001,42.369999,42.419998,NaN,NaN
1594179900,10818.65,10847.85,10676.55,10705.75,42.700001,43.080002,42.700001,43.009998,NaN,NaN
1594266300,10755.55,10836.85,10733,10813.45,43.009998,43.470001,43.009998,43.330002,NaN,NaN
1594352700,10764.1,10819.4,10713,10768.05,43.349998,43.349998,42.93,43.200001,NaN,NaN
1594611900,10851.85,10894.05,10756.05,10802.7,43.139999,43.450001,43.049999,43.259998,NaN,NaN
1594698300,10750.85,10755.65,10562.9,10607.35,43.299999,43.369999,42.98,43.119999,NaN,NaN
1594784700,10701,10827.45,10577.75,10618.2,43.189999,43.400002,43.189999,43.220001,NaN,NaN
1594871100,10706.2,10755.3,10595.2,10739.95,43.220001,43.380001,43.080002,43.119999,NaN,NaN
1594957500,10752,10933.45,10749.65,10901.7,43.099998,43.099998,42.849998,42.880001,NaN,NaN
1595216700,10999.45,11037.9,10953,11022.2,43.110001,43.240002,42.860001,43.07,NaN,NaN
1595303100,11126.1,11179.55,11113.25,11162.25,43.139999,43.450001,43.099998,43.259998,NaN,NaN
1595389500,11231.2,11238.1,11056.55,11132.6,43.810001,44.060001,43.740002,43.880001,NaN,NaN
1595475900,11135,11239.8,11103.15,11215.45,44.099998,44.57,43.900002,44.5,NaN,NaN
1595562300,11149.95,11225.4,11090.3,11194.15,44.66,44.98,44.610001,44.919998,NaN,NaN
1595821500,11225,11225,11087.85,11131.8,45.25,46.740002,45.25,46.450001,NaN,NaN
1595907900,11154.1,11317.75,11151.4,11300.55,47.009998,47.009998,45.650002,46.009998,NaN,NaN
1595994300,11276.9,11341.4,11149.75,11202.85,46,46.919998,46,46.52,NaN,NaN
1596080700,11254.3,11299.95,11084.95,11102.15,46.740002,46.970001,46.41,46.549999,NaN,NaN
1596167100,11139.5,11150.4,11026.65,11073.45,47,47.25,46.759998,47.139999,NaN,NaN
1596426300,11057.55,11058.05,10882.25,10891.6,47.139999,47.400002,47.139999,47.290001,NaN,NaN
1596512700,10946.65,11112.25,10908.1,11095.25,47.349998,47.5,47.200001,47.259998,NaN,NaN
1596599100,11155.75,11225.65,11064.05,11101.65,49,49,47.860001,48.509998,NaN,NaN
1596685500,11185.7,11256.8,11127.3,11200.15,48.459999,48.950001,48.459999,48.900002,NaN,NaN
1596771900,11186.65,11231.9,11142.05,11214.05,49.209999,49.599998,48.959999,49.169998,NaN,NaN
1597031100,11270.25,11337.3,11238,11270.15,48.700001,48.700001,48.299999,48.400002,NaN,NaN
1597117500,11322.25,11373.6,11299.15,11322.5,48.240002,48.299999,47.200001,47.299999,NaN,NaN
1597203900,11289,11322,11242.65,11308.4,47.049999,47.049999,43.16,45.68,NaN,NaN
1597290300,11334.85,11359.3,11269.95,11300.45,46.09,46.290001,45.68,45.990002,NaN,NaN
1597376700,11353.3,11366.25,11111.45,11178.4,46.389999,46.549999,46.029999,46.32,NaN,NaN
1597635900,11248.9,11267.1,11144.5,11247.1,46.32,46.450001,45.959999,46.150002,NaN,NaN
1597722300,11259.8,11401.7,11253.15,11385.35,46.689999,47.389999,46.689999,47.310001,NaN,NaN
1597808700,11452.15,11460.35,11394.1,11408.4,48,48,46.549999,46.880001,NaN,NaN
1597895100,11317.45,11361.45,11289.8,11312.2,46.189999,46.220001,45.59,45.68,NaN,NaN
1597981500,11409.65,11418.5,11362.2,11371.6,46.049999,46.439999,45.560001,45.720001,NaN,NaN
1598240700,11412,11497.25,11410.65,11466.45,46.450001,46.450001,45.41,45.5,NaN,NaN
1598327100,11513.1,11525.9,11423.35,11472.25,46.200001,46.200001,44.900002,44.93,NaN,NaN
1598413500,11512.85,11561.75,11461.85,11549.6,45.25,45.25,44.66,44.799999,NaN,NaN
1598499900,11609.3,11617.35,11540.6,11559.25,51.5,51.5,44.939999,45.049999,NaN,NaN
1598586300,11602.95,11686.05,11589.4,11647.6,45.450001,45.450001,44.599998,45.099998,NaN,NaN
1598845500,11777.55,11794.25,11325.85,11387.5,45.950001,45.950001,45.110001,45.34,NaN,NaN
1598931900,11464.3,11553.55,11366.9,11470.25,45.700001,45.98,45.32,45.459999,NaN,NaN
1599018300,11478.55,11554.75,11430.4,11535,45.209999,45.450001,44.77,45,NaN,NaN
1599104700,11566.2,11584.95,11507.65,11527.45,44.950001,48.139999,44.279999,44.439999,NaN,NaN
1599191100,11354.4,11452.05,11303.65,11333.85,38.700001,45.450001,38.700001,44.720001,NaN,NaN
1599450300,11359.6,11381.15,11251.7,11355.05,45.25,45.25,44.52,44.75,NaN,NaN
1599536700,11378.55,11437.25,11290.45,11317.35,44.950001,45,44.599998,44.82,NaN,NaN
1599623100,11218.6,11298.15,11185.15,11278,45.450001,45.450001,44.880001,44.939999,NaN,NaN
1599709500,11363.3,11464.05,11327.4,11449.25,45.650002,45.650002,45.060001,45.220001,NaN,NaN
1599795900,11447.8,11493.5,11419.9,11464.45,45.450001,45.450001,44.830002,45.169998,NaN,NaN
1600055100,11540.15,11568.9,11383.55,11440.05,45.450001,45.450001,44.919998,45.029999,NaN,NaN
1600141500,11487.2,11535.95,11442.25,11521.8,45.950001,45.950001,45.310001,45.560001,NaN,NaN
1600227900,11538.45,11618.1,11516.75,11604.55,45.889999,45.889999,45.349998,45.380001,NaN,NaN
1600314300,11539.4,11587.2,11498.5,11516.1,39.5,45.299999,39.5,44.98,NaN,NaN
1600400700,11584.1,11584.1,11446.1,11504.95,45.439999,45.439999,45.049999,45.32,NaN,NaN
1600659900,11503.8,11535.25,11218.5,11250.55,45.48,45.599998,44.950001,45,NaN,NaN
1600746300,11301.75,11302.2,11084.65,11153.65,44.849998,44.950001,39.200001,44.259998,NaN,NaN
1600832700,11258.75,11259.55,11024.4,11131.85,44.950001,44.950001,43.68,43.98,NaN,NaN
1600919100,11011,11015.3,10790.2,10805.55,43.880001,43.889999,43,43.360001,NaN,NaN
1601005500,10910.4,11072.6,10854.85,11050.25,43.889999,43.990002,43.5,43.619999,NaN,NaN
1601264700,11140.85,11239.35,11099.85,11227.55,43.889999,43.889999,43.259998,43.310001,NaN,NaN
1601351100,11288.6,11305.4,11181,11222.4,43.990002,44.200001,43.799999,44.150002,NaN,NaN
1601437500,11244.45,11295.4,11184.55,11247.55,44.810001,44.810001,44.099998,44.18,NaN,NaN
1601523900,11364.45,11428.6,11347.05,11416.95,44.810001,44.810001,44,44.099998,NaN,NaN
1601869500,11487.8,11578.05,11452.3,11503.35,44.650002,44.650002,43.689999,44.18,NaN,NaN
1601955900,11603.45,11680.3,11564.3,11662.4,39,44.650002,39,44.610001,NaN,NaN
1602042300,11679.25,11763.05,11629.35,11738.85,44.130001,44.34,43.810001,43.950001,NaN,NaN
1602128700,11835.4,11905.7,11791.15,11834.6,38.200001,44.150002,38.200001,44,NaN,NaN
1602215100,11852.05,11938.6,11805.2,11914.2,44.950001,44.950001,44.220001,44.400002,NaN,NaN
1602474300,11973.55,12022.05,11867.2,11930.95,49.25,49.25,44.5,44.790001,NaN,NaN
1602560700,11934.65,11988.2,11888.9,11934.5,39,49,39,44.720001,NaN,NaN
1602647100,11917.4,11997.2,11822.15,11971.05,44.400002,44.400002,44.009998,44.150002,NaN,NaN
1602733500,12023.45,12025.45,11661.3,11680.35,44.389999,44.43,44.07,44.299999,NaN,NaN
1602819900,11727.4,11789.75,11667.85,11762.45,45,46.099998,44.360001,44.490002,NaN,NaN
1603079100,11879.2,11898.25,11820.4,11873.05,44.470001,44.549999,44.259998,44.52,NaN,NaN
1603165500,11861,11949.25,11837.25,11896.8,44.5,44.5,44.220001,44.439999,NaN,NaN
1603251900,11958.55,12018.65,11775.75,11937.65,45,45,44.560001,44.790001,NaN,NaN
1603338300,11890,11939.55,11823.45,11896.45,44.860001,44.869999,44.610001,44.790001,NaN,NaN
1603424700,11957.9,11974.55,11908.75,11930.35,44.689999,44.700001,44.419998,44.650002,NaN,NaN
1603683900,11937.4,11942.85,11711.7,11767.75,45.5,45.5,42,44.549999,NaN,NaN
1603770300,11807.1,11899.05,11723,11889.4,51.200001,51.200001,44.459999,44.52,NaN,NaN
1603856700,11922.6,11929.4,11684.85,11729.6,48.900002,48.900002,41.799999,44.610001,NaN,NaN
1603943100,11633.3,11744.15,11606.45,11670.8,44.450001,44.450001,40.599998,44.349998,NaN,NaN
1604029500,11678.45,11748.95,11535.45,11642.4,44.389999,44.389999,44.189999,44.32,NaN,NaN
1604288700,11697.35,11725.65,11557.4,11669.15,47.98,47.98,44.369999,44.619999,NaN,NaN
1604375100,11734.45,11836.2,11723.3,11813.5,46,49.25,44.209999,44.799999,NaN,NaN
1604461500,11783.35,11929.65,11756.4,11908.5,49.5,49.5,44,44.84,NaN,NaN
1604547900,12062.4,12131.1,12027.6,12120.3,49.299999,49.299999,44.689999,44.919998,NaN,NaN
1604634300,12156.65,12280.4,12131.85,12263.55,46,46,44.880001,45.610001,NaN,NaN
1604893500,12399.4,12474.05,12367.35,12461.05,47.669998,47.669998,45.509998,45.830002,NaN,NaN
1604979900,12556.4,12643.9,12475.25,12631.1,44.82,44.82,43.419998,43.98,NaN,NaN
1605066300,12680.6,12769.75,12571.1,12749.15,44.290001,44.900002,43.919998,44.200001,NaN,NaN
1605152700,12702.15,12741.15,12624.85,12690.8,46.700001,46.700001,44,44.259998,NaN,NaN
1605239100,12659.7,12735.95,12607.7,12719.95,45,49.25,44.049999,44.34,NaN,NaN
1605357000,12823.35,12828.7,12749.45,12780.25,48.98,48.98,44.5,44.709999,NaN,NaN
1605584700,12932.5,12934.05,12797.1,12874.2,44.790001,44.790001,44.400002,44.509998,NaN,NaN
1605671100,12860.1,12948.85,12819.35,12938.25,44.389999,44.389999,44.110001,44.18,NaN,NaN
1605757500,12839.5,12963,12745.75,12771.7,38.400002,46.25,38.400002,43.830002,NaN,NaN
1605843900,12813.4,12892.45,12730.25,12859.05,45.349998,46.599998,43.68,43.810001,NaN,NaN
1606103100,12960.3,12968.85,12825.7,12926.45,45.990002,47,38.099998,43.880001,NaN,NaN
1606189500,13002.6,13079.1,12978,13055.15,44,44,41.599998,42.779999,NaN,NaN
1606275900,13130,13145.85,12833.65,12858.4,42.529999,42.799999,42.279999,42.68,NaN,NaN
1606362300,12906.45,13018,12790.4,12987,42.759998,43.09,42.549999,42.939999,NaN,NaN
1606448700,13012.05,13035.3,12914.3,12968.95,37.400002,42.93,37.400002,42.84,NaN,NaN
1606794300,13062.2,13128.4,12962.8,13109.05,44.27,44.27,41.950001,42.290001,NaN,NaN
1606880700,13121.4,13128.5,12983.55,13113.75,44.799999,44.799999,42.389999,42.830002,NaN,NaN
1606967100,13215.3,13216.6,13107.9,13133.9,43.490002,43.490002,42.91,43.07,NaN,NaN
1607053500,13177.4,13280.05,13152.85,13258.55,43.439999,43.439999,43,43.060001,NaN,NaN
1607312700,13264.85,13366.65,13241.95,13355.75,43.080002,43.139999,42.639999,42.759998,NaN,NaN
1607399100,13393.85,13435.45,13311.05,13392.95,43.68,43.68,43.16,43.34,NaN,NaN
1607485500,13458.1,13548.9,13449.6,13529.1,43.990002,45,43.049999,43.18,NaN,NaN
1607571900,13488.5,13503.55,13399.3,13478.3,44.799999,44.799999,42.599998,42.650002,NaN,NaN
1607658300,13512.3,13579.35,13402.85,13513.85,43.799999,43.799999,42.669998,42.709999,NaN,NaN
1607917500,13571.45,13597.5,13472.45,13558.15,42.77,42.799999,42.540001,42.560001,NaN,NaN
1608003900,13547.2,13589.65,13447.05,13567.85,42.779999,42.889999,42.619999,42.82,NaN,NaN
1608090300,13663.1,13692.35,13606.45,13682.7,43.09,43.419998,42.959999,43.330002,NaN,NaN
1608176700,13713.55,13773.25,13673.55,13740.7,43.459999,43.709999,43.209999,43.669998,NaN,NaN
1608263100,13764.4,13772.85,13658.6,13760.55,44.799999,44.799999,43.57,43.73,NaN,NaN
1608522300,13741.9,13777.5,13131.45,13328.4,44.139999,44.380001,43.900002,44.16,NaN,NaN
1608608700,13373.65,13492.05,13192.9,13466.3,49.959999,49.959999,43.610001,43.700001,NaN,NaN
1608695100,13473.5,13619.45,13432.2,13601.1,43.68,43.709999,43.470001,43.580002,NaN,NaN
1608781500,13672.15,13771.75,13626.9,13749.25,48.98,48.98,43.580002,43.73,NaN,NaN
1609127100,13815.15,13885.3,13811.55,13873.2,48.98,48.98,43.810001,43.849998,NaN,NaN
1609213500,13910.35,13967.6,13859.9,13932.6,43.779999,43.799999,38.099998,43.68,NaN,NaN
1609299900,13980.9,13997,13864.95,13981.95,43.779999,43.799999,43.529999,43.580002,NaN,NaN
1609386300,13970,14024.85,13936.45,13981.75,47.98,47.98,43.650002,43.75,NaN,NaN
1609472700,13996.1,14049.85,13991.35,14018.5,47.98,47.98,43.75,43.810001,NaN,NaN
1609731900,14104.35,14147.95,13953.75,14132.9,46.950001,46.950001,44.009998,44.52,NaN,NaN
1609818300,14075.15,14215.6,14048.15,14199.5,46.849998,46.849998,44.619999,44.970001,NaN,NaN
1609904700,14240.95,14244.15,14039.9,14146.25,44.98,45.189999,44.799999,45.16,NaN,NaN
1609991100,14253.75,14256.25,14123.1,14137.35,46.98,46.98,44.189999,44.41,NaN,NaN
1610077500,14258.4,14367.3,14221.65,14347.25,44.34,44.389999,43.779999,43.830002,NaN,NaN
1610336700,14474.05,14498.2,14383.1,14484.75,45.400002,46.799999,42.360001,43.029999,NaN,NaN
1610423100,14473.8,14590.65,14432.85,14563.45,43.23,43.290001,42.959999,43.23,NaN,NaN
1610509500,14639.8,14653.35,14435.7,14564.85,46.799999,46.799999,43.02,43.07,NaN,NaN
1610595900,14550.05,14617.8,14471.5,14595.6,46.799999,46.799999,42.610001,42.700001,NaN,NaN
1610682300,14594.35,14617.45,14357.85,14433.7,45.299999,46.799999,42.799999,43.029999,NaN,NaN
1610941500,14453.3,14459.15,14222.8,14281.3,45.849998,45.849998,42.459999,42.540001,NaN,NaN
1611027900,14371.65,14546.05,14350.85,14521.15,44.98,44.98,42.560001,42.790001,NaN,NaN
1611114300,14538.3,14666.45,14517.55,14644.7,44.799999,44.799999,42.830002,42.990002,NaN,NaN
1611200700,14730.95,14753.55,14517.25,14590.35,44.799999,44.799999,43.119999,43.220001,NaN,NaN
1611287100,14583.4,14619.9,14357.75,14371.9,45,45,42.950001,43.040001,NaN,NaN
1611546300,14477.8,14491.1,14218.6,14238.9,44.799999,44.799999,40.02,42.790001,NaN,NaN
1611719100,14237.95,14237.95,13929.3,13967.5,43.700001,43.849998,42.5,42.560001,NaN,NaN
1611805500,13810.4,13898.25,13713.25,13817.55,40.099998,43.400002,40.099998,42.540001,NaN,NaN
1611891900,13946.6,13966.85,13596.75,13634.6,43.799999,43.799999,42.450001,42.650002,NaN,NaN
1612151100,13758.6,14336.35,13661.75,14281.2,43.970001,43.970001,41.580002,42.34,NaN,NaN
1612237500,14481.1,14731.7,14469.15,14647.85,43.450001,43.450001,41.869999,41.919998,NaN,NaN
1612323900,14754.9,14868.85,14574.15,14789.95,43.200001,43.200001,41.310001,41.689999,NaN,NaN
1612410300,14789.05,14913.7,14714.75,14895.65,42.799999,42.799999,41.200001,41.330002,NaN,NaN
1612496700,14952.6,15014.65,14864.75,14924.25,42.700001,42.700001,40.82,41.130001,NaN,NaN
1612755900,15064.3,15159.9,15041.05,15115.8,42.599998,42.599998,35.799999,41.279999,NaN,NaN
1612842300,15164.15,15257.1,15064.3,15109.3,43,43,41.689999,41.849998,NaN,NaN
1612928700,15119.05,15168.25,14977.2,15106.5,42.950001,43.799999,41.709999,41.759998,NaN,NaN
1613015100,15073.25,15188.5,15065.4,15173.3,42.599998,42.599998,41.52,41.759998,NaN,NaN
1613101500,15186.2,15243.5,15081,15163.3,41.380001,41.450001,41.07,41.200001,NaN,NaN
1613360700,15270.3,15340.15,15243.4,15314.7,42.490002,42.490002,41.099998,41.189999,NaN,NaN
1613447100,15371.45,15431.75,15242.2,15313.45,41.380001,41.400002,41.200001,41.349998,NaN,NaN
1613533500,15279.9,15314.3,15170.75,15208.9,40.98,40.98,40.490002,40.52,NaN,NaN
1613619900,15238.7,15250.75,15078.05,15118.95,40.68,40.68,40.369999,40.470001,NaN,NaN
1613706300,15074.8,15144.05,14898.2,14981.75,41.98,41.98,39.990002,40.099998,NaN,NaN
1613965500,14999.05,15010.1,14635.05,14675.7,41.599998,41.599998,40.25,40.43,NaN,NaN
1614051900,14782.25,14854.5,14651.85,14707.8,41.700001,42.599998,40.639999,40.669998,NaN,NaN
1614138300,14729.15,15008.8,14723.05,14982,40.830002,42,40.25,40.619999,NaN,NaN
1614224700,15079.85,15176.5,15065.35,15097.35,42.400002,42.400002,40.200001,40.330002,NaN,NaN
1614311100,14888.6,14919.45,14467.75,14529.15,40.220001,40.360001,39.98,40.25,NaN,NaN
1614570300,14702.5,14806.8,14638.55,14761.55,41.98,41.98,39.9,39.96,NaN,NaN
1614656700,14865.3,14959.1,14760.8,14919.1,41.4,41.4,39.2,39.52,NaN,NaN
1614743100,15064.4,15273.15,14995.8,15245.6,41.3,41.3,39.25,39.33,NaN,NaN
1614829500,15026.75,15202.35,14980.2,15080.75,39.18,39.18,38.86,38.93,NaN,NaN
1614915900,14977.95,15092.35,14862.1,14938.1,40,40,38.51,38.67,NaN,NaN
1615175100,15002.45,15111.15,14919.9,14956.2,40.7,43.95,38.55,38.7,NaN,NaN
1615261500,15049.9,15126.85,14925.45,15098.4,38.64,38.91,38.52,38.85,NaN,NaN
1615347900,15202.15,15218.45,15100.85,15174.8,39.18,39.18,38.9,38.95,NaN,NaN
1615520700,15321.15,15336.3,14953.6,15030.95,39.8,39.8,38.57,38.63,NaN,NaN
1615779900,15048.4,15048.4,14745.85,14929.5,39.7,39.7,38.7,39.06,NaN,NaN
1615866300,14996.1,15051.6,14890.65,14910.45,40.4,40.4,38.97,39.03,NaN,NaN
1615952700,14946.55,14956.55,14696.05,14721.3,40.1,40.1,39.03,39.14,NaN,NaN
1616039100,14855.5,14875.2,14478.6,14557.85,39.64,39.64,39.06,39.17,NaN,NaN
1616125500,14471.15,14788.25,14350.1,14744,39.29,39.3,38.86,39.23,NaN,NaN
1616384700,14736.3,14763.9,14597.85,14736.4,40.1,40.1,38.3,38.85,NaN,NaN
1616471100,14768.55,14878.6,14707,14814.75,40.4,40.4,38.86,38.92,NaN,NaN
1616557500,14712.45,14752.35,14535,14549.4,39.18,39.18,38.83,38.88,NaN,NaN
1616643900,14570.9,14575.6,14264.4,14324.9,39.08,39.18,38.86,38.89,NaN,NaN
1616730300,14506.3,14572.9,14414.25,14507.3,38.78,38.91,38.61,38.79,NaN,NaN
1617075900,14628.5,14876.3,14617.6,14845.1,39.86,39.86,38.29,38.38,NaN,NaN
1617162300,14811.85,14813.75,14670.25,14690.7,38.28,38.36,38.15,38.17,NaN,NaN
1617248700,14798.4,14883.2,14692.45,14867.35,39.7,39.7,38.42,39.1,NaN,NaN
1617594300,14837.7,14849.85,14459.5,14637.8,39.95,39.95,39.12,39.33,NaN,NaN
1617680700,14737,14779.1,14573.9,14683.5,38.2,40.2,37,39.49,NaN,NaN
1617767100,14716.45,14879.8,14649.85,14819.05,39.78,40.19,39.58,40.11,NaN,NaN
1617853500,14875.65,14984.15,14821.1,14873.8,40.4,40.4,39.96,40.28,NaN,NaN
1617939900,14882.65,14918.45,14785.65,14834.85,40.95,40.95,40.34,40.45,NaN,NaN
1618199100,14644.65,14652.5,14248.7,14310.8,40.42,40.56,40.26,40.49,NaN,NaN
1618285500,14364.9,14528.9,14274.9,14504.8,40.47,40.57,40.2,40.51,NaN,NaN
1618458300,14522.4,14597.55,14353.2,14581.45,40.77,40.77,40.52,40.72,NaN,NaN
1618544700,14599.6,14697.7,14559,14617.85,40.99,41.17,40.6,40.83,NaN,NaN
1618803900,14306.6,14382.3,14191.4,14359.45,41.24,41.59,40.71,41.53,NaN,NaN
1618890300,14526.7,14526.95,14207.3,14296.4,41.06,41.29,40.96,41.1,NaN,NaN
1619063100,14219.15,14424.75,14151.4,14406.15,41.85,41.99,41.43,41.48,NaN,NaN
1619149500,14326.35,14461.15,14273.3,14341.35,41.67,41.67,41.31,41.52,NaN,NaN
1619408700,14449.45,14557.5,14421.3,14485,41.42,41.44,41.12,41.23,NaN,NaN
1619495100,14493.8,14667.55,14484.85,14653.05,41.32,41.32,41,41.08,NaN,NaN
1619581500,14710.5,14890.25,14694.95,14864.55,40.98,41.15,40.56,40.64,NaN,NaN
1619667900,14979,15044.35,14814.45,14894.9,37.28,41.8,37.28,40.72,NaN,NaN
1619754300,14747.35,14855.45,14601.7,14631.1,40.95,40.95,40.31,40.59,NaN,NaN
1620013500,14481.05,14673.85,14416.25,14634.15,41.7,41.7,40.66,40.69,NaN,NaN
1620099900,14687.25,14723.4,14461.5,14496.5,41.06,41.06,40.72,40.75,NaN,NaN
1620186300,14604.15,14637.9,14506.6,14617.85,40.84,40.84,40.49,40.53,NaN,NaN
1620272700,14668.35,14743.9,14611.5,14724.8,42.59,42.7,40.45,40.82,NaN,NaN
1620359100,14816.85,14863.05,14765.5,14823.15,41.47,41.95,41.05,41.24,NaN,NaN
1620618300,14928.25,14966.9,14892.5,14942.35,41.57,41.6,41.26,41.46,NaN,NaN
1620704700,14789.7,14900,14771.4,14850.75,41.64,41.64,41.34,41.4,NaN,NaN
1620791100,14823.55,14824.05,14649.7,14696.5,41.29,41.44,41.01,41.39,NaN,NaN
1620963900,14749.4,14749.65,14591.9,14677.8,41.27,41.65,41.08,41.49,NaN,NaN
1621223100,14756.25,14938,14725.35,14923.15,43.48,43.48,41.75,41.83,NaN,NaN
1621309500,15067.2,15137.25,15043.7,15108.1,42.47,42.47,42,42.09,NaN,NaN
1621395900,15058.6,15133.4,15008.85,15030.15,42.17,42.18,41.9,41.94,NaN,NaN
1621482300,15042.6,15069.8,14884.9,14906.05,42.47,42.47,42.1,42.13,NaN,NaN
1621568700,14987.8,15190,14985.85,15175.3,42.27,42.27,42.08,42.17,NaN,NaN
1621827900,15211.35,15256.25,15145.45,15197.7,44.28,44.28,42.12,42.2,NaN,NaN
1621914300,15291.75,15293.85,15163.4,15208.45,42.17,42.24,42.05,42.12,NaN,NaN
1622000700,15257.05,15319.9,15194.95,15301.45,42.67,42.69,42.36,42.64,NaN,NaN
1622087100,15323.95,15384.55,15272.5,15337.85,42.48,42.53,42.31,42.39,NaN,NaN
1622173500,15421.2,15469.65,15394.75,15435.65,44.88,44.88,42.1,42.22,NaN,NaN
1622432700,15437.75,15606.35,15374,15582.8,42.76,42.76,42.35,42.59,NaN,NaN
1622519100,15629.65,15660.75,15528.3,15574.85,42.78,42.91,42.56,42.83,NaN,NaN
1622605500,15520.35,15597.45,15459.85,15576.2,42.67,42.83,42.41,42.57,NaN,NaN
1622691900,15655.55,15705.1,15611,15690.35,42.92,42.92,42.47,42.51,NaN,NaN
1622778300,15712.5,15733.6,15622.35,15670.25,42.24,42.24,41.99,42.12,NaN,NaN
1623037500,15725.1,15773.45,15678.1,15751.65,42.57,42.57,42.17,42.28,NaN,NaN
1623123900,15773.9,15778.8,15680,15740.1,42.67,42.67,42.37,42.41,NaN,NaN
1623210300,15766.3,15800.45,15566.9,15635.35,42.64,42.64,42.37,42.5,NaN,NaN
1623296700,15692.1,15751.25,15648.5,15737.75,42.57,42.57,42.3,42.35,NaN,NaN
1623383100,15796.45,15835.55,15749.8,15799.35,42.87,42.87,42.55,42.63,NaN,NaN
1623642300,15791.4,15823.05,15606.5,15811.85,42.27,42.34,41.97,42.03,NaN,NaN
1623728700,15866.95,15901.6,15842.4,15869.25,42.17,42.17,41.9,42.05,NaN,NaN
1623815100,15847.5,15880.85,15742.6,15767.55,44.1,44.1,41.92,42.09,NaN,NaN
1623901500,15648.3,15769.35,15616.75,15691.4,44.89,44.89,41.26,41.35,NaN,NaN
1623987900,15756.5,15761.5,15450.9,15683.35,41.17,41.17,40.71,40.96,NaN,NaN
1624247100,15525.85,15765.15,15505.65,15746.5,40.87,40.98,40.58,40.95,NaN,NaN
1624333500,15840.5,15895.75,15752.1,15772.75,41.14,41.14,40.8,40.93,NaN,NaN
1624419900,15862.8,15862.95,15673.95,15686.95,41.18,41.18,40.88,41,NaN,NaN
1624506300,15737.3,15821.4,15702.7,15790.45,44.1,44.1,40.77,40.9,NaN,NaN
1624592700,15839.35,15870.8,15772.3,15860.35,40.92,40.99,40.72,40.95,NaN,NaN
1624851900,15915.35,15915.65,15792.15,15814.7,44,44,40.8,40.82,NaN,NaN
1624938300,15807.5,15835.9,15724.05,15748.45,40.82,40.88,40.62,40.73,NaN,NaN
1625024700,15776.9,15839.1,15708.75,15721.5,40.48,40.63,40.4,40.52,NaN,NaN
1625111100,15755.05,15755.55,15667.05,15680,41.17,41.17,40.75,40.91,NaN,NaN
1625197500,15705.85,15738.35,15635.95,15722.2,41.24,41.24,40.94,41.15,NaN,NaN
1625456700,15793.4,15845.95,15762.05,15834.35,41.28,41.28,41.06,41.2,NaN,NaN
1625543100,15813.75,15914.2,15801,15818.25,41.54,41.68,41.26,41.61,NaN,NaN
1625629500,15819.6,15893.55,15779.7,15879.65,41.6,41.79,41.46,41.72,NaN,NaN
1625715900,15855.4,15885.75,15682.9,15727.9,41.72,41.98,41.51,41.74,NaN,NaN
1625802300,15688.25,15730.85,15632.75,15689.8,41.74,41.74,41.43,41.58,NaN,NaN
1626061500,15766.8,15789.2,15644.75,15692.6,44.1,44.1,41.38,41.5,NaN,NaN
1626147900,15794,15820.8,15744.6,15812.35,41.78,41.78,41.51,41.52,NaN,NaN
1626234300,15808.7,15877.35,15764.2,15853.95,42,42.39,40.1,41.64,NaN,NaN
1626320700,15872.15,15952.35,15855,15924.2,41.97,42,41.72,41.98,NaN,NaN
1626407100,15958.35,15962.25,15882.6,15923.4,41.98,41.98,41.81,41.85,NaN,NaN
1626666300,15754.5,15836.9,15707.5,15752.4,43.6,43.6,41.54,41.62,NaN,NaN
1626752700,15703.95,15728.45,15578.55,15632.1,42.13,42.13,41.65,41.69,NaN,NaN
1626925500,15736.6,15834.8,15726.4,15824.05,44.1,44.1,39.2,41.3,NaN,NaN
1627011900,15856.8,15899.8,15768.4,15856.05,38.65,43.55,38.65,41.36,NaN,NaN
1627271100,15849.3,15893.35,15797,15824.45,42,42,41.26,41.4,NaN,NaN
1627357500,15860.5,15881.55,15701,15746.45,40.58,41.62,40.58,41.35,NaN,NaN
1627443900,15761.55,15767.5,15513.45,15709.4,42.28,42.28,40.78,41.37,NaN,NaN
1627530300,15762.7,15817.35,15737.8,15778.45,42.58,42.58,41.41,41.68,NaN,NaN
1627616700,15800.6,15862.8,15744.85,15763.05,42.38,42.38,41.28,41.92,NaN,NaN
1627875900,15874.9,15892.9,15834.65,15885.15,41.94,41.94,41.51,41.53,NaN,NaN
1627962300,15951.55,16146.9,15914.35,16130.75,42.28,42.28,41.36,41.48,NaN,NaN
1628048700,16195.25,16290.2,16176.15,16258.8,41.94,42.28,41.45,41.53,NaN,NaN
1628135100,16288.95,16349.45,16210.3,16294.6,44.4,44.4,41.4,41.56,NaN,NaN
1628221500,16304.4,16336.75,16223.3,16238.2,41.88,41.88,40.78,41.3,NaN,NaN
1628480700,16281.35,16320.75,16179.05,16258.25,41.08,42.28,39.68,40.36,NaN,NaN
1628567100,16274.8,16359.25,16202.25,16280.1,40.84,40.84,40.08,40.22,NaN,NaN
1628653500,16327.3,16338.75,16162.55,16282.25,40.87,40.87,40.16,40.26,NaN,NaN
1628739900,16303.65,16375.5,16286.9,16364.4,40.94,40.94,39.88,40.56,NaN,NaN
1628826300,16385.699,16543.6,16376.3,16529.1,40.98,41.24,40.08,40.5,NaN,NaN
1629085500,16518.4,16589.4,16480.75,16563.051,41.42,41.42,40.63,40.78,NaN,NaN
1629171900,16545.25,16628.551,16495.4,16614.6,41.68,41.68,40.38,41.18,NaN,NaN
1629258300,16691.949,16701.85,16535.85,16568.85,41,41.19,40.95,41.03,NaN,NaN
1629431100,16382.5,16509.551,16376.05,16450.5,41.48,41.48,40.74,40.97,NaN,NaN
1629690300,16592.25,16592.5,16395.699,16496.449,41.34,41.34,40.63,41.01,NaN,NaN
1629776700,16561.4,16647.1,16495.301,16624.6,41.58,41.58,41.01,41.18,NaN,NaN
1629863100,16654,16712.45,16629.8,16656.2,41.48,41.48,40.85,41.05,NaN,NaN