time,open,high,low,close,"IN10, TVC: Open","IN10, TVC: High","IN10, TVC: Low","IN10, TVC: Close",Volume,Volume MA
1514778300,10531.7,10537.85,10423.1,10435.55,97.8,98.425,97.8,98.25,NaN,NaN
1514864700,10477.55,10495.2,10404.65,10442.2,98.251,98.355,97.886,97.886,NaN,NaN
1514951100,10482.65,10503.6,10429.55,10443.2,97.849,98.158,97.849,97.85,NaN,NaN
1515037500,10469.4,10513,10441.45,10504.8,97.777,98.371,97.551,97.551,NaN,NaN
1515123900,10534.25,10566.1,10520.1,10558.85,97.777,98.371,97.551,97.551,NaN,NaN
1515383100,10591.7,10631.2,10588.55,10623.6,97.82,98.121,97.82,97.86,NaN,NaN
1515469500,10645.1,10659.15,10603.6,10637,97.573,97.899,97.573,97.624,NaN,NaN
1515555900,10652.05,10655.5,10592.7,10632.2,97.39,97.488,97.2,97.2,NaN,NaN
1515642300,10637.05,10664.6,10612.35,10651.2,97.201,97.311,97.11,97.11,NaN,NaN
1515728700,10682.55,10690.4,10597.1,10681.25,97.129,97.201,97.129,97.159,NaN,NaN
1515987900,10718.5,10782.65,10713.8,10741.55,97.144,97.208,97.144,97.175,NaN,NaN
1516074300,10761.5,10762.35,10687.85,10700.45,96.979,96.979,96.192,96.192,NaN,NaN
1516160700,10702.45,10803,10666.75,10788.55,96.073,96.894,96.073,96.85,NaN,NaN
1516247100,10873.4,10887.5,10782.4,10817,96.85,96.85,95.797,95.797,NaN,NaN
1516333500,10829.2,10906.85,10793.9,10894.7,95.795,96.11,95.795,96.07,NaN,NaN
1516592700,10883.2,10975.1,10881.4,10966.2,95.773,96.658,95.773,96.65,NaN,NaN
1516679100,10997.4,11092.9,10994.55,11083.7,96.588,97.066,96.47,96.47,NaN,NaN
1516765500,11069.35,11110.1,11046.15,11086,96.389,96.678,96.2,96.2,NaN,NaN
1516851900,11095.6,11095.6,11009.2,11069.65,96.092,96.446,96.092,96.246,NaN,NaN
1517197500,11079.35,11171.55,11075.95,11130.4,96.3,96.3,95.5,95.5,NaN,NaN
1517283900,11120.85,11121.1,11033.9,11049.65,95.359,96.446,95.359,95.497,NaN,NaN
1517370300,11018.8,11058.5,10979.3,11027.7,95.939,96.24,95.8,95.8,NaN,NaN
1517456700,11044.55,11117.35,10878.8,11016.9,95.786,95.786,94.825,94.825,NaN,NaN
1517543100,10938.2,10954.95,10736.1,10760.6,94.827,95.16,94.827,95.139,NaN,NaN
1517802300,10604.3,10702.75,10586.8,10666.55,95.103,95.103,94.932,94.932,NaN,NaN
1517888700,10295.15,10594.15,10276.3,10498.25,94.947,95.707,94.7,94.7,NaN,NaN
1517975100,10607.2,10614,10446.4,10476.7,94.7,95.039,94,94,NaN,NaN
1518061500,10518.5,10637.8,10479.55,10576.85,93.999,95.607,93.999,95.257,NaN,NaN
1518147900,10416.5,10480.2,10398.2,10454.95,95.272,95.731,95.272,95.5,NaN,NaN
1518407100,10518.2,10555.5,10485.4,10539.75,95.5,95.5,95.25,95.25,NaN,NaN
1518579900,10585.75,10590.55,10456.65,10500.9,95.21,95.804,95.21,95.35,NaN,NaN
1518666300,10537.9,10618.1,10511.05,10545.5,95.171,95.599,94.921,94.921,NaN,NaN
1518752700,10596.2,10612.9,10434.05,10452.3,94.888,95.258,94.75,94.75,NaN,NaN
1519011900,10488.9,10489.35,10302.75,10378.4,94.75,94.876,94.75,94.75,NaN,NaN
1519098300,10391,10429.35,10347.65,10360.4,94.698,94.698,94.05,94.05,NaN,NaN
1519184700,10426,10426.1,10349.6,10397.45,94.22,94.22,94.12,94.12,NaN,NaN
1519271100,10354.35,10397.55,10340.65,10382.7,94.12,94.47,93.8,93.8,NaN,NaN
1519357500,10408.1,10499.1,10396.65,10491.05,93.802,94.584,93.802,94.025,NaN,NaN
1519616700,10526.55,10592.95,10520.2,10582.6,94.15,94.284,94.14,94.14,NaN,NaN
1519703100,10615.2,10631.65,10537.25,10554.3,94.174,94.377,94.174,94.373,NaN,NaN
1519789500,10488.95,10535.5,10461.55,10492.85,94.374,94.374,94.155,94.155,NaN,NaN
1519875900,10479.95,10525.5,10447.15,10458.35,94.15,94.206,94.038,94.038,NaN,NaN
1520221500,10428.3,10428.7,10323.9,10358.85,94.03,94.03,93.8,93.8,NaN,NaN
1520307900,10420.5,10441.35,10215.9,10249.25,93.753,94.105,93.753,93.925,NaN,NaN
1520394300,10232.95,10243.35,10141.55,10154.2,93.922,94.663,93.922,94.187,NaN,NaN
1520480700,10216.25,10270.35,10146.4,10242.65,94.32,94.453,94.2,94.2,NaN,NaN
1520567100,10271.3,10296.7,10211.9,10226.85,94.308,94.407,94.269,94.269,NaN,NaN
1520826300,10301.6,10433.65,10295.45,10421.4,94.31,94.537,94.31,94.331,NaN,NaN
1520912700,10389.5,10478.6,10377.85,10426.85,94.303,94.391,94.224,94.224,NaN,NaN
1520999100,10393.05,10420.35,10336.3,10410.9,94.225,94.471,94.044,94.044,NaN,NaN
1521085500,10405.45,10420,10346.2,10360.15,94.093,94.842,94.093,94.392,NaN,NaN
1521171900,10345.15,10346.3,10180.25,10195.15,94.378,94.756,94.378,94.451,NaN,NaN
1521431100,10215.35,10224.55,10075.3,10094.25,94.5,95.203,94.5,94.815,NaN,NaN
1521517500,10051.55,10155.65,10049.1,10124.35,94.654,95.798,94.631,94.631,NaN,NaN
1521603900,10181.95,10227.3,10132.95,10155.25,94.418,94.895,94.418,94.685,NaN,NaN
1521690300,10167.5,10207.85,10105.4,10114.75,94.85,95.05,94.85,95.013,NaN,NaN
1521776700,9968.7998,10027.7,9951.9004,9998.0498,95.065,95.139,94.751,94.751,NaN,NaN
1522035900,9989.1504,10143.5,9958.5498,10130.65,94.75,94.75,94.5,94.5,NaN,NaN
1522122300,10188,10207.9,10139.65,10184.15,94.5,96.34,94.5,96.3,NaN,NaN
1522208700,10143.6,10158.35,10096.9,10113.7,96.3,96.699,95.68,95.68,NaN,NaN
1522640700,10151.65,10220.1,10127.75,10211.8,95.68,95.68,95.68,95.68,NaN,NaN
1522727100,10186.85,10255.35,10171.05,10245,95.68,96.4,95.68,96.4,NaN,NaN
1522813500,10274.6,10279.85,10111.3,10128.4,96.4,96.5,96.4,96.45,NaN,NaN
1522899900,10228.45,10331.8,10227.45,10325.15,96.5,97.14,96.5,97.14,NaN,NaN
1522986300,10322.75,10350.45,10290.85,10331.6,97.14,97.5,97.14,97.5,NaN,NaN
1523245500,10333.7,10397.7,10328.5,10379.35,97.2,98.8,97.2,98.75,NaN,NaN
1523331900,10412.9,10424.85,10381.5,10402.25,98.75,98.75,96.35,96.35,NaN,NaN
1523418300,10428.15,10428.15,10355.6,10417.15,96.35,98.1,96.35,97.75,NaN,NaN
1523504700,10410.65,10469.9,10395.25,10458.65,97.75,97.95,95.95,95.95,NaN,NaN
1523591100,10495.3,10519.9,10451.45,10480.6,95.95,97.97,95.95,97.95,NaN,NaN
1523850300,10398.3,10540.15,10396.35,10528.35,97.96,97.96,97.9,97.9,NaN,NaN
1523936700,10557.3,10560.45,10495.65,10548.7,97.9,97.9,96.585,97.75,NaN,NaN
1524023100,10578.9,10594.2,10509.7,10526.2,97.75,97.8,95.65,95.65,NaN,NaN
1524109500,10563.65,10572.2,10546.2,10565.3,95.65,95.65,94.85,94.85,NaN,NaN
1524195900,10560.35,10582.35,10527.45,10564.05,94.85,94.85,94.4,94.4,NaN,NaN
1524455100,10592.8,10638.35,10514.95,10584.7,94.4,94.4,94.1,94.1,NaN,NaN
1524541500,10578.1,10636.8,10569,10614.35,94.1,94.35,94.1,94.35,NaN,NaN
1524627900,10612.4,10612.6,10536.45,10570.55,94.35,94.44,94.1,94.1,NaN,NaN
1524714300,10586.5,10628.4,10559.65,10617.8,94.1,94.1,94.1,94.1,NaN,NaN
1524800700,10651.65,10719.8,10647.55,10692.3,94.1,94.47,94,94,NaN,NaN
1525059900,10705.75,10759,10704.6,10739.35,94,94,94,94,NaN,NaN
1525232700,10783.85,10784.65,10689.8,10718.05,94,94.09,94,94.09,NaN,NaN
1525319100,10720.15,10720.6,10647.45,10679.65,93.75,93.75,93.75,93.75,NaN,NaN
1525405500,10700.45,10700.45,10601.6,10618.25,93.75,93.75,93.75,93.75,NaN,NaN
1525664700,10653.15,10725.65,10635.65,10715.5,93.75,94.45,93.75,94.45,NaN,NaN
1525751100,10757.9,10758.55,10689.4,10717.8,94.45,94.68,94.45,94.65,NaN,NaN
1525837500,10693.35,10766.25,10689.85,10741.7,94.65,94.75,94,94,NaN,NaN
1525923900,10779.65,10785.55,10705,10716.55,94,94.31,94,94.18,NaN,NaN
1526010300,10741.95,10812.05,10724.45,10806.5,94.18,94.18,94.12,94.12,NaN,NaN
1526269500,10815.15,10834.85,10774.75,10806.6,94.12,94.12,93.91,93.91,NaN,NaN
1526355900,10812.6,10929.2,10781.4,10801.85,93.91,93.91,93.5,93.5,NaN,NaN
1526442300,10751.95,10790.45,10699.7,10741.1,93.5,93.5,93.35,93.35,NaN,NaN
1526528700,10775.6,10777.25,10664.5,10682.7,93.35,95.87,93.35,95.87,NaN,NaN
1526615100,10671.85,10674.95,10589.1,10596.4,95.87,95.87,93.45,93.45,NaN,NaN
1526874300,10616.7,10621.7,10505.8,10516.7,93.45,93.62,93.45,93.61,NaN,NaN
1526960700,10518.45,10558.6,10490.55,10536.7,93.61,93.65,93.55,93.55,NaN,NaN
1527047100,10521.1,10533.55,10417.8,10430.35,93.55,93.55,93.45,93.45,NaN,NaN
1527133500,10464.85,10535.15,10419.8,10513.85,93.45,93.48,93.45,93.45,NaN,NaN
1527219900,10533.05,10628.05,10524,10605.15,93.45,93.7,93.45,93.7,NaN,NaN
1527479100,10648.35,10709.8,10640.55,10688.65,93.7,94.01,93.7,94.01,NaN,NaN
1527565500,10689.4,10717.25,10616.1,10633.3,94.01,94.01,93.8,93.8,NaN,NaN
1527651900,10579,10648.7,10558.45,10614.35,93.8,93.84,93.8,93.8,NaN,NaN
1527738300,10670.1,10763.8,10620.4,10736.15,93.8,93.8,93.65,93.65,NaN,NaN
1527824700,10738.45,10764.75,10681.5,10696.2,93.65,93.65,93.51,93.51,NaN,NaN
1528083900,10765.95,10770.3,10618.35,10628.5,93.51,93.51,93.36,93.36,NaN,NaN
1528170300,10630.7,10633.15,10550.9,10593.15,93.36,93.45,93.36,93.45,NaN,NaN
1528256700,10603.45,10698.35,10587.5,10684.65,93.45,93.65,93.3,93.3,NaN,NaN
1528343100,10722.6,10818,10722.6,10768.35,93.3,93.65,93,93,NaN,NaN
1528429500,10736.4,10779.45,10709.05,10767.65,93,93.12,93,93.12,NaN,NaN
1528688700,10781.85,10850.55,10777.05,10786.95,92.8,92.9,92.8,92.9,NaN,NaN
1528775100,10816.15,10856.55,10789.4,10842.85,92.9,93.22,92.9,92.9,NaN,NaN
1528861500,10887.5,10893.25,10842.65,10856.7,92.9,93.31,92.9,93,NaN,NaN
1528947900,10832.9,10833.7,10773.55,10808.05,93,93.1,93,93.1,NaN,NaN
1529034300,10808.65,10834,10755.4,10817.7,93.1,93.1,93.1,93.1,NaN,NaN
1529293500,10830.2,10830.2,10787.35,10799.85,93.1,93.55,93.1,93.452,NaN,NaN
1529379900,10789.45,10789.45,10701.2,10710.45,93.452,93.49,93.452,93.452,NaN,NaN
1529466300,10734.65,10781.8,10724.05,10772.05,93.452,93.67,93.452,93.56,NaN,NaN
1529552700,10808.45,10809.6,10725.9,10741.1,93.56,93.7,93.56,93.6,NaN,NaN
1529639100,10742.7,10837,10710.45,10821.85,93.6,93.6,93.6,93.6,NaN,NaN
1529898300,10822.9,10831.05,10753.05,10762.45,93.45,93.45,93.4,93.4,NaN,NaN
1529984700,10742.7,10805.25,10732.55,10769.15,93.4,93.6,93.4,93.6,NaN,NaN
1530071100,10785.5,10785.5,10652.4,10671.4,93.6,93.6,93.3,93.3,NaN,NaN
1530157500,10660.8,10674.2,10557.7,10589.1,93.3,93.3,93,93,NaN,NaN
1530243900,10612.85,10723.05,10612.35,10714.3,93,93.5,93,93,NaN,NaN
1530503100,10732.35,10736.15,10604.65,10657.3,93,93.2,93,93.15,NaN,NaN
1530589500,10668.6,10713.3,10630.25,10699.9,93.15,93.15,93,93,NaN,NaN
1530675900,10715,10777.15,10677.75,10769.9,93,93,93,93,NaN,NaN
1530762300,10786.05,10786.05,10726.25,10749.75,93,93,93,93,NaN,NaN
1530848700,10744.15,10816.35,10735.05,10772.65,93,93.17,93,93.17,NaN,NaN
1531107900,10838.3,10860.35,10807.15,10852.9,93.17,93.17,93.17,93.17,NaN,NaN
1531194300,10902.75,10956.9,10876.65,10947.25,93.17,93.17,93.15,93.15,NaN,NaN
1531280700,10956.4,10976.65,10923,10948.3,93.15,93.15,92.8,92.8,NaN,NaN
1531367100,11006.95,11078.3,10999.65,11023.2,92.8,93.55,92.8,93.55,NaN,NaN
1531453500,11056.9,11071.35,10999.75,11018.9,93,93.63,93,93.45,NaN,NaN
1531712700,11018.95,11019.5,10926.25,10936.85,93.45,93.5,93.45,93.5,NaN,NaN
1531799100,10939.65,11018.5,10925.6,11008.05,93.5,93.51,93.5,93.51,NaN,NaN
1531885500,11060.2,11076.2,10956.3,10980.45,93.51,93.51,93.51,93.51,NaN,NaN
1531971900,10999.5,11006.5,10935.45,10957.1,93.51,93.51,93.5,93.5,NaN,NaN
1532058300,10963.5,11030.25,10946.2,11010.2,93.5,93.5,93.45,93.45,NaN,NaN
1532317500,11019.85,11093.4,11010.95,11084.75,93.45,93.5,93.4,93.4,NaN,NaN
1532403900,11109,11143.4,11092.5,11134.3,93.4,93.4,93.2,93.2,NaN,NaN
1532490300,11148.4,11157.15,11113.25,11132,93.2,93.2,93,93,NaN,NaN
1532576700,11132.95,11185.85,11125.7,11167.3,93,93.4,93,93.4,NaN,NaN
1532663100,11232.75,11283.4,11210.25,11278.35,93.4,93.4,93.4,93.4,NaN,NaN
1532922300,11296.65,11328.1,11261.45,11319.55,93.4,93.5,93.4,93.5,NaN,NaN
1533008700,11311.05,11366,11267.75,11356.5,93.5,93.5,93.5,93.5,NaN,NaN
1533095100,11359.8,11390.55,11313.55,11346.2,93.5,93.5,93.5,93.5,NaN,NaN
1533181500,11328.9,11328.9,11234.95,11244.7,93.5,93.95,93.5,93.95,NaN,NaN
1533267900,11297.8,11368,11294.55,11360.8,93.95,93.95,93.8,93.8,NaN,NaN
1533527100,11401.5,11427.65,11370.6,11387.1,93.8,93.8,93.65,93.65,NaN,NaN
1533613500,11423.15,11428.95,11359.7,11389.45,93.65,93.7,93.65,93.7,NaN,NaN
1533699900,11412.5,11459.95,11379.3,11450,93.7,93.81,93.7,93.7,NaN,NaN
1533786300,11493.25,11495.2,11454.1,11470.7,93.7,93.7,93.7,93.7,NaN,NaN
1533872700,11474.95,11478.75,11419.65,11429.5,93.7,93.952,93.7,93.95,NaN,NaN
1534131900,11369.6,11406.3,11340.3,11355.75,93.95,93.95,93.8,93.8,NaN,NaN
1534218300,11381.7,11452.45,11370.8,11435.1,93.8,93.8,93.8,93.8,NaN,NaN
1534391100,11397.15,11449.85,11366.25,11385.05,93.8,93.8,93.46,93.46,NaN,NaN
1534477500,11437.15,11486.45,11431.8,11470.75,93.46,93.962,93.46,93.46,NaN,NaN
1534736700,11502.1,11565.3,11499.65,11551.75,93.46,93.5,93.46,93.5,NaN,NaN
1534823100,11576.2,11581.75,11539.6,11570.9,93.5,93.71,93.5,93.71,NaN,NaN
1534995900,11620.7,11620.7,11546.7,11582.75,93.71,93.71,93.58,93.58,NaN,NaN
1535082300,11566.6,11604.6,11532,11557.1,93.58,93.58,93.43,93.43,NaN,NaN
1535341500,11605.85,11700.95,11595.6,11691.95,93.43,93.7,93.43,93.68,NaN,NaN
1535427900,11731.95,11760.2,11710.5,11738.5,93.68,95.18,93.55,93.55,NaN,NaN
1535514300,11744.95,11753.2,11678.85,11691.9,93.55,93.55,93.55,93.55,NaN,NaN
1535600700,11694.75,11698.8,11639.7,11676.8,93.55,93.55,93.41,93.41,NaN,NaN
1535687100,11675.85,11727.65,11640.1,11680.5,93.41,93.45,93.41,93.45,NaN,NaN
1535946300,11751.8,11751.8,11567.4,11582.35,93.45,93.5,93.31,93.31,NaN,NaN
1536032700,11598.75,11602.55,11496.85,11520.3,93.31,93.31,92.598,92.598,NaN,NaN
1536119100,11514.85,11542.65,11393.85,11476.95,92.598,92.6,92.598,92.6,NaN,NaN
1536205500,11514.15,11562.25,11436.05,11536.9,92.6,93.01,92.6,93.01,NaN,NaN
1536291900,11558.25,11603,11484.4,11589.1,93.01,93.01,93.01,93.01,NaN,NaN
1536551100,11570.25,11573,11427.3,11438.1,92.598,92.598,92.598,92.598,NaN,NaN
1536637500,11476.85,11479.4,11274,11287.5,92.598,92.6,92.598,92.598,NaN,NaN
1536723900,11340.1,11380.75,11250.2,11369.9,92.598,92.598,92.595,92.595,NaN,NaN
1536896700,11443.5,11523.25,11430.55,11515.2,92.595,92.595,92.595,92.595,NaN,NaN
1537155900,11464.95,11464.95,11366.9,11377.75,92.598,92.6,92.598,92.6,NaN,NaN
1537242300,11381.55,11411.45,11268.95,11278.9,92.6,92.6,92.6,92.6,NaN,NaN
1537328700,11326.65,11332.05,11210.9,11234.35,92.6,92.6,92.5,92.5,NaN,NaN
1537501500,11271.3,11346.8,10866.45,11143.1,92.5,92.5,92.5,92.5,NaN,NaN
1537760700,11164.4,11170.15,10943.6,10967.4,92.85,92.9,92.62,92.62,NaN,NaN
1537847100,10969.95,11080.6,10882.85,11067.45,92.62,92.68,92.62,92.68,NaN,NaN
1537933500,11145.55,11145.55,10993.05,11053.8,92.68,93.1,92.68,93.1,NaN,NaN
1538019900,11079.8,11089.45,10953.35,10977.55,92.7,93.2,92.7,93.2,NaN,NaN
1538106300,11008.1,11034.1,10850.3,10930.45,92.813,93.15,92.813,93.1,NaN,NaN
1538365500,10930.9,11035.65,10821.55,11008.3,93.1,93.6,93.1,93.5,NaN,NaN
1538538300,10982.7,10989.05,10843.75,10858.25,93.5,93.5,93.42,93.42,NaN,NaN
1538624700,10754.7,10754.7,10547.25,10599.25,93.42,93.42,92.5,92.5,NaN,NaN
1538711100,10514.1,10540.65,10261.9,10316.45,92.5,93,92.5,93,NaN,NaN
1538970300,10310.15,10398.35,10198.4,10348.05,93,93,93,93,NaN,NaN
1539056700,10390.3,10397.6,10279.35,10301.05,93,93.55,93,93.4,NaN,NaN
1539143100,10331.85,10482.35,10318.25,10460.1,93,93.25,93,93.25,NaN,NaN
1539229500,10169.8,10335.95,10138.6,10234.65,93.25,93.45,93.25,93.45,NaN,NaN
1539315900,10331.55,10492.45,10322.15,10472.5,93.45,93.75,93.45,93.55,NaN,NaN
1539575100,10524.2,10526.3,10410.15,10512.5,93.55,93.62,93.55,93.6,NaN,NaN
1539661500,10550.15,10604.9,10525.3,10584.75,93.6,93.8,93.6,93.8,NaN,NaN
1539747900,10688.7,10710.15,10436.45,10453.05,93.8,94.1,93.8,93.85,NaN,NaN
1539920700,10339.7,10380.1,10249.6,10303.55,94.1,94.1,93.8,93.8,NaN,NaN
1540179900,10405.85,10408.55,10224,10245.25,93.8,94.12,93.8,94,NaN,NaN
1540266300,10152.6,10222.1,10102.35,10146.8,94,94.2,94,94.2,NaN,NaN
1540352700,10278.15,10290.65,10126.7,10224.75,94.2,94.65,94.2,94.45,NaN,NaN
1540439100,10135.05,10166.6,10079.3,10124.9,94.45,94.6,94.4,94.4,NaN,NaN
1540525500,10122.35,10128.85,10004.55,10030,94.4,94.42,94.4,94.42,NaN,NaN
1540784700,10078.1,10275.3,10020.35,10250.85,94.42,95,94.42,95,NaN,NaN
1540871100,10239.4,10285.1,10175.35,10198.4,95,95,94.5,94.5,NaN,NaN
1540957500,10209.55,10396,10105.1,10386.6,94.5,94.66,94.5,94.55,NaN,NaN
1541043900,10441.7,10441.9,10341.9,10380.45,94.55,94.55,94.51,94.51,NaN,NaN
1541130300,10462.3,10606.95,10457.7,10553,94.51,94.51,94.51,94.51,NaN,NaN
1541389500,10558.75,10558.8,10477,10524,94.51,94.51,94.51,94.51,NaN,NaN
1541475900,10552,10600.25,10491.45,10530,94.51,94.51,94.51,94.51,NaN,NaN
1541562300,10614.45,10616.45,10582.3,10598.4,94.51,94.51,94.51,94.51,NaN,NaN
1541735100,10614.7,10619.55,10544.85,10585.2,94.51,95,94.51,95,NaN,NaN
1541994300,10607.8,10645.5,10464.05,10482.2,94.8,95.05,94.8,94.91,NaN,NaN
1542080700,10451.9,10596.25,10440.55,10582.5,94.91,95.15,94.91,95,NaN,NaN
1542167100,10634.9,10651.6,10532.7,10576.3,95,95.55,95,95.55,NaN,NaN
1542253500,10580.6,10646.5,10557.5,10616.7,95.55,95.64,95.4,95.4,NaN,NaN
1542339900,10644,10695.15,10631.15,10682.2,95.4,95.4,95.15,95.15,NaN,NaN
1542599100,10731.25,10774.7,10688.8,10763.4,95.15,95.15,94.5,94.5,NaN,NaN
1542685500,10740.1,10740.85,10640.85,10656.2,94.5,94.5,94.5,94.5,NaN,NaN
1542771900,10670.95,10671.3,10562.35,10600.05,94.5,94.5,94.5,94.5,NaN,NaN
1542858300,10612.65,10646.25,10512,10526.75,94.5,95.78,94.5,95.78,NaN,NaN
1543203900,10568.3,10637.8,10489.75,10628.6,95.78,95.84,95.78,95.84,NaN,NaN
1543290300,10621.45,10695.15,10596.35,10685.6,95.84,95.84,95.84,95.84,NaN,NaN
1543376700,10708.75,10757.8,10699.85,10728.85,95.84,96.1,95.84,96.1,NaN,NaN
1543463100,10808.7,10883.05,10782.35,10858.7,NaN,NaN,NaN,NaN,NaN,NaN
1543549500,10892.1,10922.45,10835.1,10876.75,NaN,NaN,NaN,NaN,NaN,NaN
1543808700,10930.7,10941.2,10845.35,10883.75,NaN,NaN,NaN,NaN,NaN,NaN
1543895100,10877.1,10890.95,10833.35,10869.5,NaN,NaN,NaN,NaN,NaN,NaN
1543981500,10820.45,10821.05,10747.95,10782.9,96.3,97.05,96.3,97.05,NaN,NaN
1544067900,10718.15,10722.65,10588.25,10601.15,97.05,97.05,96.72,96.72,NaN,NaN
1544154300,10644.8,10704.55,10599.35,10693.7,96.72,96.72,96.72,96.72,NaN,NaN
1544413500,10508.7,10558.85,10474.95,10488.45,96.5,96.5,96.25,96.25,NaN,NaN
1544499900,10350.05,10567.15,10333.85,10549.15,96.25,96.25,96.25,96.25,NaN,NaN
1544586300,10591,10752.2,10560.8,10737.6,97,97,97,97,NaN,NaN
1544672700,10810.75,10838.6,10749.5,10791.55,97,97.15,97,97.1,NaN,NaN
1544759100,10784.5,10815.75,10752.1,10805.45,97.1,97.1,96.96,96.96,NaN,NaN
1545018300,10853.2,10900.35,10844.85,10888.35,96.96,97.3,96.96,97.3,NaN,NaN
1545104700,10850.9,10915.4,10819.1,10908.7,97.3,97.42,97.3,97.4,NaN,NaN
1545191100,10930.55,10985.15,10928,10967.3,97.4,97.9,97.4,97.9,NaN,NaN
1545277500,10885.2,10962.55,10880.05,10951.7,97.9,97.91,97.9,97.9,NaN,NaN
1545363900,10944.25,10963.65,10738.65,10754,97.9,97.9,97.9,97.9,NaN,NaN
1545623100,10780.9,10782.3,10649.25,10663.5,97.75,97.8,97.75,97.8,NaN,NaN
1545795900,10635.45,10747.5,10534.55,10729.85,97.8,98,97.8,97.95,NaN,NaN
1545882300,10817.9,10834.2,10764.45,10779.8,97.95,98,97.95,97.95,NaN,NaN
1545968700,10820.95,10893.6,10817.15,10859.9,97.95,97.95,97.75,97.75,NaN,NaN
1546227900,10913.2,10923.55,10853.2,10862.55,97.75,97.75,97.2,97.2,NaN,NaN
1546314300,10881.7,10923.6,10807.1,10910.1,97.2,97.2,97.2,97.2,NaN,NaN
1546400700,10868.85,10895.35,10735.05,10792.5,97.2,97.68,97.2,97.68,NaN,NaN
1546487100,10796.8,10814.05,10661.25,10672.25,97.68,97.68,97.4,97.4,NaN,NaN
1546573500,10699.7,10741.05,10628.65,10727.35,97.4,97.4,97.15,97.15,NaN,NaN
1546832700,10804.85,10835.95,10750.15,10771.8,97.15,97.15,97.02,97.02,NaN,NaN
1546919100,10786.25,10818.45,10733.25,10802.15,97.02,97.2,97.02,97.2,NaN,NaN
1547005500,10862.4,10870.4,10749.4,10855.15,97.2,97.4,97.05,97.05,NaN,NaN
1547091900,10859.35,10859.35,10801.8,10821.6,97.05,97.05,97,97,NaN,NaN
1547178300,10834.75,10850.15,10739.4,10794.95,97,97.6,97,97.35,NaN,NaN
1547437500,10807,10808,10692.35,10737.6,97.35,97.35,97.35,97.35,NaN,NaN
1547523900,10777.55,10896.95,10777.55,10886.8,97.35,97.35,97.35,97.35,NaN,NaN
1547610300,10899.65,10928.15,10876.9,10890.3,97.15,97.15,97.15,97.15,NaN,NaN
1547696700,10920.85,10930.65,10844.65,10905.2,97.15,97.15,96.78,96.78,NaN,NaN
1547783100,10914.85,10928.2,10852.2,10906.95,96.78,96.78,96.78,96.78,NaN,NaN
1548042300,10919.35,10987.45,10885.75,10961.85,96.78,96.78,96.78,96.78,NaN,NaN
1548128700,10949.8,10949.8,10864.15,10922.75,96.78,96.78,96.78,96.78,NaN,NaN
1548215100,10931.05,10944.8,10811.95,10831.5,96.78,96.78,96.78,96.78,NaN,NaN
1548301500,10844.05,10866.6,10798.65,10849.8,96.78,96.78,96.78,96.78,NaN,NaN
1548387900,10859.75,10931.7,10756.45,10780.55,96.78,96.78,96.78,96.78,NaN,NaN
1548647100,10792.45,10804.45,10630.95,10661.55,96.78,96.85,96.78,96.85,NaN,NaN
1548733500,10653.7,10690.35,10583.65,10652.2,96.85,97.15,96.85,97.1,NaN,NaN
1548819900,10702.25,10710.2,10612.85,10651.8,97.1,97.1,97,97,NaN,NaN
1548906300,10690.55,10838.05,10678.55,10830.95,97,97,97,97,NaN,NaN
1548992700,10851.35,10983.45,10813.45,10893.65,97,97,97,97,NaN,NaN
1549251900,10876.75,10927.9,10814.15,10912.25,97,97,97,97,NaN,NaN
1549338300,10908.65,10956.7,10886.7,10934.35,97,97,96.35,96.35,NaN,NaN
1549424700,10965.1,11072.6,10962.7,11062.45,96.35,96.35,96.25,96.25,NaN,NaN
1549511100,11070.45,11118.1,11043.6,11069.4,96.25,97.2,96.25,97.2,NaN,NaN
1549597500,11023.5,11041.2,10925.45,10943.6,97.2,97.2,97.2,97.2,NaN,NaN
1549856700,10930.9,10930.9,10857.1,10888.8,97.2,97.2,97.2,97.2,NaN,NaN
1549943100,10879.7,10910.9,10823.8,10831.4,97.2,97.2,96.6,96.6,NaN,NaN
1550029500,10870.55,10891.65,10772.1,10793.65,96.6,97.15,96.6,97.15,NaN,NaN
1550115900,10786.1,10792.7,10718.75,10746.05,97.15,97.15,97.15,97.15,NaN,NaN
1550202300,10780.25,10785.75,10620.4,10724.4,97.15,97.3,97.15,97.3,NaN,NaN
1550461500,10738.65,10759.9,10628.4,10640.95,97,97,96.86,96.86,NaN,NaN
1550547900,10636.7,10722.85,10585.65,10604.35,96.86,96.86,96.86,96.86,NaN,NaN
1550634300,10655.45,10752.7,10646.4,10735.45,96.86,97.3,96.86,97.3,NaN,NaN
1550720700,10744.1,10808.85,10721.5,10789.85,97.3,97.45,97.3,97.45,NaN,NaN
1550807100,10782.7,10801.55,10758.4,10791.65,97.45,97.45,97.2,97.2,NaN,NaN
1551066300,10813.25,10887.1,10788.05,10880.1,97.2,97.27,97,97,NaN,NaN
1551152700,10775.3,10888.75,10729.3,10835.3,97,97,97,97,NaN,NaN
1551239100,10881.2,10939.7,10751.2,10806.65,97,97,97,97,NaN,NaN
1551325500,10865.7,10865.7,10784.85,10792.5,97,97,97,97,NaN,NaN
1551411900,10842.65,10877.9,10823.1,10863.5,97,97.34,97,97.05,NaN,NaN
1551757500,10864.85,10994.9,10817,10987.45,97.05,97.5,97.05,97.49,NaN,NaN
1551843900,11024.85,11062.3,10998.85,11053,97.5,97.5,97.5,97.5,NaN,NaN
1551930300,11077.95,11089.05,11027.1,11058.2,97.5,97.5,97.5,97.5,NaN,NaN
1552016700,11038.85,11049,11008.95,11035.4,97.5,97.5,97.1,97.1,NaN,NaN
1552275900,11068.75,11180.9,11059.85,11168.05,97.1,97.75,97.1,97.5,NaN,NaN
1552362300,11231.35,11320.4,11227,11301.2,97.5,97.5,97.5,97.5,NaN,NaN
1552448700,11326.2,11352.3,11276.6,11341.7,97.5,97.5,97.5,97.5,NaN,NaN
1552535100,11382.5,11383.45,11313.75,11343.25,97.5,97.57,97.5,97.5,NaN,NaN
1552621500,11376.85,11487,11370.8,11426.85,97.5,97.76,97.5,97.76,NaN,NaN
1552880700,11473.85,11530.15,11412.5,11462.2,97.76,98.05,97.76,98,NaN,NaN
1552967100,11500.3,11543.85,11451.25,11532.4,98,98,97.8,97.8,NaN,NaN
1553053500,11553.35,11556.1,11503.1,11521.05,97.8,97.8,97.6,97.6,NaN,NaN
1553226300,11549.2,11572.8,11434.55,11456.9,97.6,97.7,97.6,97.7,NaN,NaN
1553485500,11395.65,11395.65,11311.6,11354.25,97.7,98.05,97.7,97.95,NaN,NaN
1553571900,11375.2,11496.75,11352.45,11483.25,97.95,97.95,97.8,97.8,NaN,NaN
1553658300,11531.45,11546.2,11413,11445.05,97.8,98,97.8,97.9,NaN,NaN
1553744700,11463.65,11588.5,11452.45,11570,97.9,97.9,97.7,97.7,NaN,NaN
1553831100,11625.45,11630.35,11570.15,11623.9,97.7,97.8,97.7,97.8,NaN,NaN
1554090300,11665.2,11738.1,11644.75,11669.15,97.8,97.8,97.8,97.8,NaN,NaN
1554176700,11711.55,11729.35,11655.85,11713.2,97.8,98.1,97.8,98.1,NaN,NaN
1554263100,11735.3,11761,11629.15,11643.95,98.1,98.2,97.9,97.9,NaN,NaN
1554349500,11660.2,11662.55,11559.2,11598,97.9,98.12,97.5,97.5,NaN,NaN
1554435900,11638.4,11689.65,11609.5,11665.95,97.5,98.25,97.5,97.5,NaN,NaN
1554695100,11704.35,11710.3,11549.1,11604.5,97.5,97.8,97.5,97.8,NaN,NaN
1554781500,11612.05,11683.9,11569.7,11671.95,97.8,97.8,97.25,97.25,NaN,NaN
1554867900,11646.85,11680.05,11571.75,11584.3,97.25,97.3,97.25,97.3,NaN,NaN
1554954300,11592.55,11606.7,11550.55,11596.7,97.3,97.3,97.3,97.3,NaN,NaN
1555040700,11612.85,11657.35,11578.8,11643.45,97.3,97.3,97.3,97.3,NaN,NaN
1555299900,11667,11704.6,11648.25,11690.35,97.3,97.3,97.3,97.3,NaN,NaN
1555386300,11736.2,11810.95,11731.55,11787.15,97.3,97.3,97,97,NaN,NaN
1555559100,11856.15,11856.15,11738.5,11752.8,97,97,97,97,NaN,NaN
1555904700,11727.05,11727.05,11583.95,11594.45,97,97,97,97,NaN,NaN
1555991100,11612.95,11645.95,11564.8,11575.95,97,97,97,97,NaN,NaN
1556077500,11601.5,11740.85,11578.85,11726.15,97,97,97,97,NaN,NaN
1556163900,11735.7,11796.75,11624.3,11641.8,97,97,96.98,96.98,NaN,NaN
1556250300,11683.75,11762.9,11661.75,11754.65,96.98,96.98,96.98,96.98,NaN,NaN
1556595900,11748.75,11756.25,11655.9,11748.15,96.98,96.98,96.98,96.98,NaN,NaN
1556768700,11725.55,11789.3,11699.55,11724.75,96.98,96.98,96.98,96.98,NaN,NaN
1556855100,11722.6,11770.9,11699.35,11712.25,96.98,96.98,96.98,96.98,NaN,NaN
1557114300,11605.8,11632.55,11571.35,11598.25,96.98,96.98,96.9,96.9,NaN,NaN
1557200700,11651.5,11657.05,11484.45,11497.9,96.9,96.95,96.9,96.95,NaN,NaN
1557287100,11478.7,11479.1,11346.95,11359.45,96.95,97.6,96.95,97.15,NaN,NaN
1557373500,11322.4,11357.6,11255.05,11301.8,97.15,97.15,97.15,97.15,NaN,NaN
1557459900,11314.15,11345.8,11251.05,11278.9,97.15,97.15,96.9,96.9,NaN,NaN
1557719100,11258.7,11300.2,11125.6,11148.2,96.9,96.9,96.9,96.9,NaN,NaN
1557805500,11151.65,11294.75,11108.3,11222.05,96.9,97.65,96.9,96.95,NaN,NaN
1557891900,11271.7,11286.8,11136.95,11157,96.95,97.5,96.95,97.5,NaN,NaN
1557978300,11180.35,11281.55,11143.35,11257.1,97.5,97.56,97.5,97.535,NaN,NaN
1558064700,11261.9,11426.15,11259.85,11407.15,97.535,97.6,97.535,97.6,NaN,NaN
1558323900,11651.9,11845.2,11591.7,11828.25,97.6,98.14,97.6,98.14,NaN,NaN
1558410300,11863.65,11883.55,11682.8,11709.1,98.14,98.14,98.1,98.1,NaN,NaN
1558496700,11727.95,11784.8,11682.4,11737.9,98.1,98.34,98.1,98.3,NaN,NaN
1558583100,11901.3,12041.15,11614.5,11657.05,98.3,98.5,98.3,98.4,NaN,NaN
1558669500,11748,11859,11658.1,11844.1,98.4,98.58,98.4,98.5,NaN,NaN
1558928700,11855.5,11957.15,11812.4,11924.75,98.5,98.6,98.5,98.6,NaN,NaN
1559015100,11958.35,11958.55,11864.9,11928.75,98.6,98.8,98.6,98.8,NaN,NaN
1559101500,11905.8,11931.9,11836.8,11861.1,98.8,98.9,98.8,98.9,NaN,NaN
1559187900,11865.3,11968.55,11859.4,11945.9,98.9,98.91,98.9,98.9,NaN,NaN
1559274300,11999.8,12039.25,11829.45,11922.8,98.9,99.1,98.9,99.05,NaN,NaN
1559533500,11953.75,12103.05,11920.1,12088.55,99.05,99.45,99.05,99.25,NaN,NaN
1559619900,12052.65,12095.2,12005.85,12021.65,99.25,99.25,99.05,99.05,NaN,NaN
1559792700,12039.8,12039.8,11830.25,11843.75,99.05,99.5,99.05,99.5,NaN,NaN
1559879100,11865.2,11897.5,11769.5,11870.65,99.45,99.45,99.45,99.45,NaN,NaN
1560138300,11934.9,11975.05,11871.75,11922.7,99.4,99.4,98.7,98.7,NaN,NaN
1560224700,11959.85,12000.35,11904.35,11965.6,98.7,99,98.7,99,NaN,NaN
1560311100,11962.45,11962.45,11866.35,11906.2,99,99.1,99,99.1,NaN,NaN
1560397500,11873.9,11931.35,11817.05,11914.05,99,99.53,99,99.15,NaN,NaN
1560483900,11910.1,11911.85,11797.7,11823.3,99.15,99.55,99.15,99.55,NaN,NaN
1560743100,11844,11844.05,11657.75,11672.15,99.35,99.55,99.35,99.55,NaN,NaN
1560829500,11677.05,11727.2,11641.15,11691.5,99.55,99.9,99.55,99.9,NaN,NaN
1560915900,11744.45,11802.5,11625.1,11691.45,99.48,99.9,99.48,99.9,NaN,NaN
1561002300,11653.65,11843.5,11635.05,11831.75,99.9,100.1,99.9,100,NaN,NaN
1561088700,11827.6,11827.95,11705.1,11724.1,100,100,99.75,99.75,NaN,NaN
1561347900,11725.8,11754,11670.2,11699.65,99.75,100,99.75,100,NaN,NaN
1561434300,11681,11814.4,11651,11796.45,100,100,99.85,99.85,NaN,NaN
1561520700,11768.15,11871.85,11757.55,11847.55,99.85,99.85,99.85,99.85,NaN,NaN
1561607100,11860.85,11911.15,11821.05,11841.55,99.85,99.91,99.85,99.91,NaN,NaN
1561693500,11861.15,11871.7,11775.5,11788.85,99.85,99.98,99.85,99.98,NaN,NaN
1561952700,11839.9,11884.65,11830.8,11865.6,99.97,99.97,99.97,99.97,NaN,NaN
1562039100,11890.3,11917.45,11814.7,11910.3,99.97,99.97,99.91,99.91,NaN,NaN
1562125500,11932.15,11945.2,11887.05,11916.75,99.91,99.92,99.91,99.92,NaN,NaN
1562211900,11928.8,11969.25,11923.65,11946.75,99.92,100.35,99.92,100.1,NaN,NaN
1562298300,11964.75,11981.75,11797.9,11811.15,100.1,101,99.9,99.9,NaN,NaN
1562557500,11770.4,11771.9,11523.3,11558.6,99.9,101.4,99.9,100.86,NaN,NaN
1562643900,11531.6,11582.55,11461,11555.9,100.86,100.86,100.85,100.85,NaN,NaN
1562730300,11536.15,11593.7,11475.65,11498.9,100.85,101.45,100.85,101.3,NaN,NaN
1562816700,11561.45,11599,11519.5,11582.9,101.3,105.4869,101.3,105.3741,NaN,NaN
1562903100,11601.15,11639.55,11538.6,11552.5,105.3757,105.5358,105.3757,105.4104,NaN,NaN
1563162300,11614.75,11618.4,11532.3,11588.35,105.4083,105.81,105.4083,105.81,NaN,NaN
1563248700,11596.65,11670.05,11573.95,11662.6,105.81,106.55,105.81,106.55,NaN,NaN
1563335100,11670.75,11706.65,11651.15,11687.5,106.5486,106.5486,106.45,106.45,NaN,NaN
1563421500,11675.6,11677.15,11582.4,11596.9,106.45,106.45,106.14,106.14,NaN,NaN
1563507900,11627.95,11640.35,11399.3,11419.25,106.1381,106.32,106.1381,106.32,NaN,NaN
1563767100,11392.85,11398.15,11301.25,11346.2,106.3175,106.3175,105.91,105.91,NaN,NaN
1563853500,11372.25,11398.15,11302.8,11331.05,105.9082,105.9082,105.57,105.57,NaN,NaN
1563939900,11322.45,11359.75,11229.8,11271.3,105.5683,105.9769,105.5683,105.7563,NaN,NaN
1564026300,11290.4,11361.4,11239.35,11252.15,105.7608,105.7639,105.2162,105.2162,NaN,NaN
1564112700,11247.45,11307.6,11210.05,11284.3,105.2153,105.3853,105.12,105.12,NaN,NaN
1564371900,11307.5,11310.95,11152.4,11189.2,105.4091,105.9924,105.4091,105.94,NaN,NaN
1564458300,11213.7,11267.45,11072.65,11085.4,105.9396,106.3331,105.9396,106.0934,NaN,NaN
1564544700,11034.05,11145.3,10999.4,11118,106.0951,106.309,106.0951,106.3065,NaN,NaN
1564631100,11060.2,11076.75,10881,10980,106.3047,106.3816,105.8566,105.8566,NaN,NaN
1564717500,10930.3,11080.15,10848.95,10997.35,105.86,106.37,105.86,106.3684,NaN,NaN
1564976700,10895.8,10895.8,10782.6,10862.6,106.0845,106.1908,106.0845,106.09,NaN,NaN
1565063100,10815.4,11018.55,10813.8,10948.25,106.0899,106.517,106.0899,106.4948,NaN,NaN
1565149500,10958.1,10975.65,10835.9,10855.5,106.48,106.6688,106.34,106.34,NaN,NaN
1565235900,10899.2,11058.05,10842.95,11032.45,106.4004,106.4004,106.0628,106.0628,NaN,NaN
1565322300,11087.9,11181.45,11062.8,11109.65,105.7986,105.9846,105.4178,105.4178,NaN,NaN
1565667900,11139.4,11145.9,10901.6,10925.85,105.4178,105.4178,105.21,105.21,NaN,NaN
1565754300,11003.25,11078.15,10935.6,11029.4,105.2068,105.2068,104.375,104.375,NaN,NaN
1565927100,11043.65,11068.65,10924.3,11047.8,104.37,105.01,104.37,104.9334,NaN,NaN
1566186300,11094.8,11146.9,11037.85,11053.9,104.9334,104.9591,104.71,104.71,NaN,NaN
1566272700,11063.9,11076.3,10985.3,11017,104.67,104.729,104.4298,104.4298,NaN,NaN
1566359100,11018.15,11034.2,10906.65,10918.7,104.62,104.9071,104.62,104.74,NaN,NaN
1566445500,10905.3,10908.25,10718.3,10741.35,104.7542,105.363,104.7124,104.7124,NaN,NaN
1566531900,10699.6,10862.55,10637.15,10829.35,104.85,104.9336,104.5419,104.5419,NaN,NaN
1566791100,11000.3,11070.3,10756.55,11057.85,104.6192,105.6456,104.6192,105.0325,NaN,NaN
1566877500,11106.55,11141.75,11049.5,11105.35,105.27,105.9455,105.0508,105.0508,NaN,NaN
1566963900,11101.3,11129.65,10987.65,11046.1,105.21,105.21,104.7016,104.7016,NaN,NaN
1567050300,10996.05,11021.1,10922.4,10948.3,104.7209,104.8404,104.7209,104.84,NaN,NaN
1567136700,10987.8,11042.6,10874.8,11023.25,104.8396,104.8397,104.76,104.76,NaN,NaN
1567482300,10960.95,10967.5,10772.7,10797.9,104.73,105.235,104.73,105.15,NaN,NaN
1567568700,10790.4,10858.75,10746.35,10844.65,105.1411,105.6589,104.965,104.965,NaN,NaN
1567655100,10860.95,10920.1,10816,10847.9,104.97,104.97,104.74,104.74,NaN,NaN
1567741500,10883.8,10957.05,10867.45,10946.2,104.77,104.7727,104.53,104.53,NaN,NaN
1568000700,10936.7,11028.85,10889.8,11003.05,104.53,104.7033,104.53,104.68,NaN,NaN
1568173500,11028.5,11054.8,11011.65,11035.7,104.7033,104.7035,104.06,104.06,NaN,NaN
1568259900,11058.3,11081.75,10964.95,10982.8,104.06,104.251,104.06,104.249,NaN,NaN
1568346300,10986.8,11084.45,10945.75,11075.9,104.171,104.33,104.171,104.33,NaN,NaN
1568605500,10994.85,11052.7,10968.2,11003.5,104.33,104.33,103.83,103.83,NaN,NaN
1568691900,11000.1,11000.1,10796.5,10817.6,103.83,103.8304,103.69,103.69,NaN,NaN
1568778300,10872.8,10885.15,10804.85,10840.65,103.69,104.5322,103.69,104.2325,NaN,NaN
1568864700,10845.2,10845.2,10670.25,10704.8,104.5178,104.5607,104.3075,104.3075,NaN,NaN
1568951100,10746.8,11381.9,10691,11274.2,104.3119,104.6225,103.2466,103.2466,NaN,NaN
1569210300,11542.7,11694.85,11471.35,11600.2,103.24,103.5277,103.24,103.515,NaN,NaN
1569296700,11590.7,11655.05,11539.2,11588.2,103.52,103.52,103.3463,103.3463,NaN,NaN
1569383100,11564.85,11564.95,11416.1,11440.2,103.3502,103.9105,103.3502,103.3529,NaN,NaN
1569469500,11469.85,11610.85,11466.35,11571.2,103.3696,103.7912,103.3696,103.6129,NaN,NaN
1569555900,11556.35,11593.6,11499.75,11512.4,103.61,103.6502,103.61,103.6502,NaN,NaN
1569815100,11491.15,11508.25,11390.8,11474.45,103.6419,103.9031,103.6419,103.6727,NaN,NaN
1569901500,11515.4,11554.2,11247.9,11359.9,103.74,104.294,103.74,103.9917,NaN,NaN
1570074300,11322.25,11370.4,11257.35,11314,104.04,104.511,104.04,104.3577,NaN,NaN
1570160700,11388.45,11400.3,11158.35,11174.75,104.42,104.47,103.945,103.945,NaN,NaN
1570419900,11196.2,11233.85,11112.65,11126.4,103.9398,104.2054,103.2723,103.9749,NaN,NaN
1570592700,11152.95,11321.6,11090.15,11313.3,103.9808,104.12,99.99,99.99,NaN,NaN
1570679100,11280.5,11293.35,11208.55,11234.55,99.99,99.99,99.8998,99.8998,NaN,NaN
1570765500,11257.7,11362.9,11189.4,11305.05,99.8502,99.8505,99.6,99.6,NaN,NaN
1571024700,11335.9,11420.45,11290.05,11341.15,99.6,99.8982,99.6,99.76,NaN,NaN
1571111100,11360.85,11462.35,11342.1,11428.3,99.76,99.76,99.6703,99.6703,NaN,NaN
1571197500,11464.95,11481.05,11411.1,11464,99.7003,99.898,99.7003,99.84,NaN,NaN
1571283900,11466.3,11599.1,11439.65,11586.35,99.8304,99.9389,99.66,99.66,NaN,NaN
1571370300,11580.3,11684.7,11553.15,11661.85,99.6,99.64,99.4633,99.4633,NaN,NaN
1571715900,11657.15,11714.35,11573.65,11588.35,99.48,99.6756,99.48,99.6756,NaN,NaN
1571802300,11596.2,11651.6,11554.4,11604.1,99.31,99.58,99.31,99.53,NaN,NaN
1571888700,11661.65,11679.6,11534.65,11582.6,99.52,99.6885,99.52,99.62,NaN,NaN
1571975100,11646.15,11646.9,11490.75,11583.9,99.68,99.8488,99.615,99.615,NaN,NaN
1572179400,11662.25,11672.4,11604.6,11627.15,NaN,NaN,NaN,NaN,NaN,NaN
1572320700,11643.95,11809.4,11627.35,11786.85,99.5997,99.5997,99.5625,99.5625,NaN,NaN
1572407100,11883.9,11883.95,11784.45,11844.1,99.56,99.7596,99.56,99.67,NaN,NaN
1572493500,11890.45,11945,11855.1,11877.45,99.68,100.0404,99.68,100.0404,NaN,NaN
1572579900,11886.6,11918.3,11843.35,11890.6,99.97,100.1993,99.7468,99.7468,NaN,NaN
1572839100,11928.9,11989.15,11905.35,11941.3,100.1,100.1,99.7927,99.7927,NaN,NaN
1572925500,11974.6,11978.95,11861.9,11917.2,99.8801,99.8801,99.485,99.485,NaN,NaN
1573011900,11911.5,12002.9,11850.25,11966.05,99.48,99.7,99.48,99.7,NaN,NaN
1573098300,12021.1,12021.4,11946.85,12012.05,99.6608,99.8,99.5825,99.5825,NaN,NaN
1573184700,11987.15,12034.15,11888.75,11908.15,99.699,99.699,99.1041,99.1041,NaN,NaN
1573443900,11879.2,11932.65,11853.95,11913.45,99.23,99.2612,99.23,99.2353,NaN,NaN
1573616700,11908.3,11946.8,11823.2,11840.45,99.13,99.4,99.13,99.4,NaN,NaN
1573703100,11858.75,11895.65,11802.65,11872.1,99.4,99.8331,99.4,99.5517,NaN,NaN
1573789500,11904.2,11973.65,11879.25,11895.45,99.51,99.7608,99.313,99.313,NaN,NaN
1574048700,11915.15,11946.2,11867.6,11884.5,99.4408,100.028,99.4408,99.91,NaN,NaN
1574135100,11919.45,11958.85,11881.75,11940.1,99.74,99.9115,99.74,99.8682,NaN,NaN
1574221500,12004.75,12038.6,11966.05,11999.1,99.7468,100.0142,99.7468,99.9,NaN,NaN
1574307900,12025.65,12028.2,11956.9,11968.4,99.8826,99.9749,99.56,99.56,NaN,NaN
1574394300,11967.3,11968.1,11883.5,11914.4,99.6,99.6438,99.6,99.6437,NaN,NaN
1574653500,11922.45,12084.5,11919.75,12073.75,99.52,100.0473,99.52,99.8534,NaN,NaN
1574739900,12110.2,12132.45,12006.35,12037.7,99.83,99.8426,99.7778,99.7778,NaN,NaN
1574826300,12068.5,12114.9,12055.15,12100.7,99.78,99.83,99.78,99.8175,NaN,NaN
1574912700,12132.1,12158.8,12099.95,12151.15,99.82,100.0468,99.82,99.93,NaN,NaN
1574999100,12146.2,12147.4,12017.4,12056.05,99.879,99.945,99.879,99.88,NaN,NaN
1575258300,12137.05,12137.15,12023.7,12048.2,99.89,99.9212,99.71,99.71,NaN,NaN
1575344700,12067.65,12068.6,11956.4,11994.2,99.73,99.87,99.73,99.84,NaN,NaN
1575431100,11969.95,12054.7,11935.3,12043.2,99.86,100.0281,99.86,99.87,NaN,NaN
1575517500,12071.25,12081.2,11998.75,12018.4,99.88,99.89,98.82,98.82,NaN,NaN
1575603900,12047.35,12057.05,11888.85,11921.5,98.86,98.875,98.45,98.45,NaN,NaN
1575863100,11939.1,11981.95,11888.05,11937.5,98.45,98.46,98.435,98.435,NaN,NaN
1575949500,11950.5,11953.2,11844.7,11856.8,98.41,98.5452,98.155,98.155,NaN,NaN
1576035900,11867.35,11923.2,11832.3,11910.15,98.08,98.1457,97.8,97.8,NaN,NaN
1576122300,11944.3,12005.5,11934,11971.8,97.8,97.88,97.65,97.65,NaN,NaN
1576208700,12026.4,12098.85,12023.6,12086.7,97.65,97.65,97.5325,97.5325,NaN,NaN
1576467900,12131.35,12134.65,12046.3,12053.95,97.5325,97.75,97.5325,97.685,NaN,NaN
1576554300,12082.45,12182.75,12070.35,12165,97.6429,97.8999,97.6429,97.81,NaN,NaN
1576640700,12197,12237.7,12163.45,12221.65,97.82,98.2329,97.82,98.1447,NaN,NaN
1576727100,12223.4,12268.35,12191.15,12259.7,98.1206,98.1994,97.8502,97.8502,NaN,NaN
1576813500,12266.45,12293.9,12252.75,12271.8,97.91,99.7673,97.91,98.9399,NaN,NaN
1577072700,12235.45,12287.15,12213.25,12262.75,98.93,99.4182,98.93,99.2238,NaN,NaN
1577159100,12269.25,12283.7,12202.1,12214.55,98.8115,99.2966,98.8115,99.01,NaN,NaN
1577331900,12211.85,12221.55,12118.85,12126.55,99.08,99.8402,99.08,99.6577,NaN,NaN
1577418300,12172.9,12258.45,12157.9,12245.8,99.57,99.57,99.57,99.57,NaN,NaN
1577677500,12274.9,12286.45,12213.8,12255.85,99.57,99.5801,99.55,99.55,NaN,NaN
1577763900,12247.1,12247.1,12151.8,12168.45,99.5004,99.5004,99.24,99.24,NaN,NaN
1577850300,12202.15,12222.2,12165.3,12182.5,99.4911,99.7192,99.4911,99.62,NaN,NaN
1577936700,12198.55,12289.9,12195.25,12282.2,99.62,99.669,99.59,99.59,NaN,NaN
1578023100,12261.1,12265.6,12191.35,12226.65,99.43,99.43,99.43,99.43,NaN,NaN
1578282300,12170.6,12179.1,11974.2,11993.05,99.43,99.49,99.14,99.14,NaN,NaN
1578368700,12079.1,12152.15,12005.35,12052.95,99.28,99.3696,99.28,99.3012,NaN,NaN
1578455100,11939.1,12044.95,11929.6,12025.35,99.1607,99.3388,99.1607,99.1753,NaN,NaN
1578541500,12153.15,12224.05,12132.55,12215.9,99.1798,99.4415,99.1798,99.3375,NaN,NaN
1578627900,12271,12311.2,12213.2,12256.8,99.38,99.38,99.0098,99.0098,NaN,NaN
1578887100,12296.7,12337.75,12285.8,12329.55,99.0075,99.01,98.8911,98.8911,NaN,NaN
1578973500,12333.1,12374.25,12308.7,12362.3,98.92,98.92,98.4975,98.4975,NaN,NaN
1579059900,12349.4,12355.15,12278.75,12343.3,98.48,98.73,98.48,98.73,NaN,NaN
1579146300,12347.1,12389.05,12315.8,12355.5,98.65,98.91,98.65,98.78,NaN,NaN
1579232700,12328.4,12385.45,12321.4,12352.35,98.8098,99.0738,98.7685,98.7685,NaN,NaN
1579491900,12430.5,12430.5,12216.9,12224.55,98.76,98.904,98.3222,98.3222,NaN,NaN
1579578300,12195.3,12230.05,12162.3,12169.85,98.59,98.7653,98.59,98.61,NaN,NaN
1579664700,12218.35,12225.05,12087.9,12106.9,98.61,98.7103,98.61,98.65,NaN,NaN
1579751100,12123.75,12189,12094.1,12180.35,98.65,99.1631,98.65,98.8608,NaN,NaN
1579837500,12174.55,12272.15,12149.65,12248.25,98.8608,99.3727,98.8608,99.3296,NaN,NaN
1580096700,12197.1,12216.6,12107,12119,99.0799,99.2476,99.0799,99.2427,NaN,NaN
1580183100,12148.1,12163.55,12024.5,12055.8,99.25,99.25,99.1125,99.1125,NaN,NaN
1580269500,12114.9,12169.6,12103.8,12129.5,99.121,99.1762,99.12,99.12,NaN,NaN
1580355900,12147.75,12150.3,12010.6,12035.8,99.1081,99.2236,99.1081,99.2151,NaN,NaN
1580442300,12100.4,12103.55,11945.85,11962.1,99.2199,99.2199,98.9518,98.9518,NaN,NaN
1580528700,11939,12017.35,11633.3,11661.85,NaN,NaN,NaN,NaN,NaN,NaN
1580701500,11627.45,11749.85,11614.5,11707.9,98.96,99.6055,98.96,99.605,NaN,NaN
1580787900,11786.25,11986.15,11783.4,11979.65,99.5895,99.7108,99.5895,99.59,NaN,NaN
1580874300,12005.85,12098.15,11953.35,12089.15,NaN,NaN,NaN,NaN,NaN,NaN
1580960700,12120,12160.6,12084.65,12137.95,99.523,100,99.523,100,NaN,NaN
1581047100,12151.15,12154.7,12073.95,12098.35,100.11,100.265,100.025,100.05,NaN,NaN
1581306300,12102.35,12103.55,11990.75,12031.5,100.12,100.18,100.01,100.04,NaN,NaN
1581392700,12108.4,12172.3,12099,12107.9,99.99,100.09,99.84,99.87,NaN,NaN
1581479100,12151,12231.75,12144.3,12201.2,99.783,99.823,99.733,99.81,NaN,NaN
1581565500,12219.55,12225.65,12139.8,12174.65,99.7,100.163,99.7,100.16,NaN,NaN
1581651900,12190.15,12246.7,12091.2,12113.45,100.115,100.56,100.108,100.55,NaN,NaN
1581911100,12131.8,12159.6,12037,12045.8,100.71,100.71,100.39,100.42,NaN,NaN
1581997500,12028.25,12030.75,11908.05,11992.5,100.433,100.473,100.27,100.44,NaN,NaN
1582083900,12090.6,12134.7,12042.1,12125.9,NaN,NaN,NaN,NaN,NaN,NaN
1582170300,12119,12152,12071.45,12080.85,100.385,100.465,100.16,100.17,NaN,NaN
1582515900,12012.55,12012.55,11813.4,11829.4,100.44,100.78,100.423,100.58,NaN,NaN
1582602300,11877.5,11883.05,11779.9,11797.9,100.543,100.7,100.44,100.57,NaN,NaN
1582688700,11738.55,11783.25,11639.6,11678.5,100.78,100.873,100.72,100.73,NaN,NaN
1582775100,11661.25,11663.85,11536.7,11633.3,100.84,100.843,100.423,100.5,NaN,NaN
1582861500,11382,11384.8,11175.05,11201.75,100.66,100.66,100.318,100.55,NaN,NaN
1583120700,11387.35,11433,11036.25,11132.75,100.65,100.82,100.625,100.73,NaN,NaN
1583207100,11217.55,11342.25,11152.55,11303.3,100.57,100.76,100.49,100.76,NaN,NaN
1583293500,11351.35,11356.6,11082.15,11251,101.3,101.68,101.1,101.59,NaN,NaN
1583379900,11306.05,11389.5,11244.6,11269,101.5,101.58,101.335,101.5,NaN,NaN
1583466300,10942.65,11035.1,10827.4,10989.45,101.9,102.158,101.855,101.89,NaN,NaN
1583725500,10742.05,10751.55,10294.45,10451.45,102.55,103.27,102.55,102.75,NaN,NaN
1583898300,10334.3,10545.1,10334,10458.4,102.505,102.505,102.075,102.32,NaN,NaN
1583984700,10039.95,10040.75,9508,9590.1504,102.25,102.25,101.52,101.52,NaN,NaN
1584071100,9107.5996,10159.4,8555.1504,9955.2002,101.25,101.25,100.665,100.9,NaN,NaN
1584330300,9587.7998,9602.2002,9165.0996,9197.4004,101.5,102.333,101.405,101.72,NaN,NaN
1584416700,9285.4004,9403.7998,8915.5996,8967.0498,101.07,101.71,101.07,101.31,NaN,NaN
1584503100,9088.4502,9127.5498,8407.0498,8468.7998,100.8,101.55,100.753,101.09,NaN,NaN
1584589500,8063.2998,8575.4502,7832.5498,8263.4502,100.55,100.8,100,100.28,NaN,NaN
1584675900,8284.4502,8883,8178.2002,8745.4502,100.3,101.66,100.3,101.35,NaN,NaN
1584935100,7945.7002,8159.25,7583.6001,7610.25,101.05,101.4,100.41,100.5,NaN,NaN
1585021500,7848.2998,8036.9502,7511.1001,7801.0498,100.51,101.1,100.51,101.03,NaN,NaN
1585107900,7735.1499,8376.75,7714.75,8317.8496,NaN,NaN,NaN,NaN,NaN,NaN
1585194300,8451,8749.0498,8304.9004,8641.4502,100.5,101.67,100.5,101.6,NaN,NaN
1585280700,8949.0996,9038.9004,8522.9004,8660.25,101.9,103.2,101.9,102.18,NaN,NaN
1585539900,8385.9502,8576,8244,8281.0996,101.85,102.213,101.68,101.71,NaN,NaN
1585626300,8529.3496,8678.2998,8358,8597.75,101.7,102.65,101.7,102.22,NaN,NaN
1585712700,8584.0996,8588.0996,8198.3496,8253.7998,NaN,NaN,NaN,NaN,NaN,NaN
1585885500,8356.5498,8356.5498,8055.7998,8083.7998,101.15,101.3,100.953,101.02,NaN,NaN
1586231100,8446.2998,8819.4004,8360.9502,8792.2002,100.65,100.66,100.213,100.25,NaN,NaN
1586317500,8688.9004,9131.7002,8653.9004,8748.75,100,100.21,99.96,100.06,NaN,NaN
1586403900,8973.0498,9128.3496,8904.5498,9111.9004,99.85,99.883,99.62,99.72,NaN,NaN
1586749500,9103.9502,9112.0498,8912.4004,8993.8496,99.85,99.85,99.65,99.68,NaN,NaN
1586922300,9196.4004,9261.2002,8874.0996,8925.2998,99.72,100.17,99.72,100.17,NaN,NaN
1587008700,8851.25,9053.75,8821.9004,8992.7998,100.02,100.16,100.02,100.07,NaN,NaN
1587095100,9323.4502,9324,9091.3496,9266.75,100.52,101.07,100.215,100.72,NaN,NaN
1587354300,9390.2002,9390.8496,9230.7998,9261.8496,101.1,101.893,101.1,101.7,NaN,NaN
1587440700,9016.9502,9044.4004,8909.4004,8981.4502,101.5,101.89,101.5,101.68,NaN,NaN
1587527100,9026.75,9209.75,8946.25,9187.2998,101.69,101.76,101.46,101.59,NaN,NaN
1587613500,9232.3496,9343.5996,9170.1504,9313.9004,101.653,103.1,101.653,102.77,NaN,NaN
1587699900,9163.9004,9296.9004,9141.2998,9154.4004,102.54,102.6,101.96,102,NaN,NaN
1587959100,9259.7002,9377.0996,9250.3496,9282.2998,101.75,102.293,101.75,102.1,NaN,NaN
1588045500,9389.7998,9404.4004,9260,9380.9004,102.01,102.45,102.01,102.21,NaN,NaN
1588131900,9408.5996,9599.8496,9392.3496,9553.3496,102.3,102.388,102.14,102.3,NaN,NaN
1588218300,9753.5,9889.0498,9731.5,9859.9004,102.18,102.4,102.18,102.4,NaN,NaN
1588563900,9533.5,9533.5,9266.9502,9293.5,102.2,102.71,102.2,102.59,NaN,NaN
1588650300,9429.4004,9450.9004,9190.75,9205.5996,102.4,102.715,102.4,102.67,NaN,NaN
1588736700,9226.7998,9346.9004,9116.5,9270.9004,102.753,102.993,102.753,102.99,NaN,NaN
1588823100,9234.0498,9277.8496,9175.9004,9199.0498,NaN,NaN,NaN,NaN,NaN,NaN
1588909500,9376.9502,9382.6504,9238.2002,9251.5,103.1,103.435,102.853,103.43,NaN,NaN
1589168700,9348.1504,9439.9004,9219.9502,9239.2002,101.51,102.07,101.4,101.99,NaN,NaN
1589255100,9168.8496,9240.8496,9043.9502,9196.5498,101.7,102.15,101.7,102.02,NaN,NaN
1589341500,9584.2002,9584.5,9351.0996,9383.5498,101.45,102.55,101.45,102.5,NaN,NaN
1589427900,9213.9502,9281.0996,9119.75,9142.75,102.61,103.24,102.61,102.78,NaN,NaN
1589514300,9182.4004,9182.4004,9050,9136.8496,102.3,102.96,102.3,102.6,NaN,NaN
1589773500,9158.2998,9158.2998,8806.75,8823.25,102.45,102.86,102.45,102.82,NaN,NaN
1589859900,8961.7002,9030.3496,8855.2998,8879.0996,102.7,102.993,102.7,102.93,NaN,NaN
1589946300,8889.1504,9093.7998,8875.3496,9066.5498,102.91,103.01,102.845,102.89,NaN,NaN
1590032700,9079.4502,9178.5498,9056.0996,9106.25,102.68,102.975,102.68,102.94,NaN,NaN
1590119100,9067.9004,9149.5996,8968.5498,9039.25,103.25,104.06,103.25,103.46,NaN,NaN
1590464700,9099.75,9161.6504,8996.6504,9029.0498,103.253,103.51,103.22,103.36,NaN,NaN
1590551100,9082.2002,9334,9004.25,9314.9502,103.17,103.425,103.17,103.29,NaN,NaN
1590637500,9364.9502,9511.25,9336.5,9490.0996,103.21,103.318,103.21,103.25,NaN,NaN
1590723900,9422.2002,9598.8496,9376.9004,9580.2998,103.25,103.333,102.98,103.08,NaN,NaN
1590983100,9726.8496,9931.5996,9706.9502,9826.1504,102.78,103.02,102.78,102.87,NaN,NaN
1591069500,9880.8496,9995.5996,9824.0498,9979.0996,102.53,103.19,102.53,103.19,NaN,NaN
1591155900,10108.3,10176.2,10035.55,10061.55,103.103,103.19,102.95,102.95,NaN,NaN
1591242300,10054.25,10123.85,9944.25,10029.1,99.62,99.94,99.62,99.94,NaN,NaN
1591328700,10093.8,10177.8,10040.75,10142.15,99.71,99.75,99.57,99.75,NaN,NaN
1591587900,10326.75,10328.5,10120.25,10167.45,99.5,99.88,99.5,99.86,NaN,NaN
1591674300,10181.15,10291.15,10021.45,10046.65,100.01,100.1,99.98,100.1,NaN,NaN
1591760700,10072.6,10148.75,10036.85,10116.15,100.07,100.15,100.065,100.12,NaN,NaN
1591847100,10094.1,10112.05,9885.0498,9902,100.1,100.25,100,100.05,NaN,NaN
1591933500,9544.9502,9996.0498,9544.3496,9972.9004,100.03,100.12,99.903,99.94,NaN,NaN
1592192700,9919.3496,9943.3496,9726.3496,9813.7002,99.65,100.033,99.65,99.97,NaN,NaN
1592279100,10014.8,10046.15,9728.5,9914,99.7,99.92,99.45,99.57,NaN,NaN
1592365500,9876.7002,10003.6,9833.7998,9881.1504,99.46,99.66,99.46,99.65,NaN,NaN
1592451900,9863.25,10111.2,9845.0498,10091.65,99.5,99.78,99.5,99.75,NaN,NaN
1592538300,10119,10272.4,10072.65,10244.4,99.6,99.703,99.5,99.55,NaN,NaN
1592797500,10318.75,10393.65,10277.6,10311.2,99.45,99.65,99.275,99.34,NaN,NaN
1592883900,10347.95,10484.7,10301.75,10471,99.06,99.32,99.06,99.15,NaN,NaN
1592970300,10529.25,10553.15,10281.95,10305.3,98.9,99.283,98.9,99.04,NaN,NaN
1593056700,10235.55,10361.8,10194.5,10288.9,98.91,99.24,98.91,99.24,NaN,NaN
1593143100,10378.9,10409.85,10311.25,10383,99.05,99.283,99.02,99.08,NaN,NaN
1593402300,10311.95,10337.95,10223.6,10312.4,98.89,99.228,98.89,99.15,NaN,NaN
1593488700,10382.6,10401.05,10267.35,10302.1,99,99.36,99,99.26,NaN,NaN
1593575100,10323.8,10447.05,10299.6,10430.05,99.12,99.75,99.12,99.63,NaN,NaN
1593661500,10493.05,10598.2,10485.55,10551.7,99.56,99.758,99.56,99.61,NaN,NaN
1593747900,10614.95,10631.3,10562.65,10607.35,99.52,99.58,99.375,99.58,NaN,NaN
1594007100,10723.85,10811.4,10695.1,10763.65,99.538,99.73,99.538,99.65,NaN,NaN
1594093500,10802.85,10813.8,10689.7,10799.65,99.65,99.973,99.573,99.97,NaN,NaN
1594179900,10818.65,10847.85,10676.55,10705.75,99.9,100.21,99.9,100.08,NaN,NaN
1594266300,10755.55,10836.85,10733,10813.45,100.18,100.18,99.96,100.12,NaN,NaN
1594352700,10764.1,10819.4,10713,10768.05,100.1,100.305,100.1,100.21,NaN,NaN
1594611900,10851.85,10894.05,10756.05,10802.7,100.06,100.14,100.01,100.02,NaN,NaN
1594698300,10750.85,10755.65,10562.9,10607.35,99.75,99.943,99.57,99.73,NaN,NaN
1594784700,10701,10827.45,10577.75,10618.2,99.65,99.81,99.65,99.8,NaN,NaN
1594871100,10706.2,10755.3,10595.2,10739.95,99.71,99.853,99.71,99.82,NaN,NaN
1594957500,10752,10933.45,10749.65,10901.7,99.75,99.953,99.7,99.88,NaN,NaN
1595216700,10999.45,11037.9,10953,11022.2,99.825,99.953,99.783,99.92,NaN,NaN
1595303100,11126.1,11179.55,11113.25,11162.25,99.81,99.95,99.67,99.7,NaN,NaN
1595389500,11231.2,11238.1,11056.55,11132.6,99.61,99.81,99.61,99.81,NaN,NaN
1595475900,11135,11239.8,11103.15,11215.45,99.733,99.88,99.733,99.88,NaN,NaN
1595562300,11149.95,11225.4,11090.3,11194.15,99.803,99.92,99.735,99.79,NaN,NaN
1595821500,11225,11225,11087.85,11131.8,99.66,99.82,99.473,99.48,NaN,NaN
1595907900,11154.1,11317.75,11151.4,11300.55,99.26,99.55,99.26,99.55,NaN,NaN
1595994300,11276.9,11341.4,11149.75,11202.85,99.4,99.685,99.4,99.66,NaN,NaN
1596080700,11254.3,11299.95,11084.95,11102.15,99.52,99.76,99.52,99.72,NaN,NaN
1596167100,11139.5,11150.4,11026.65,11073.45,99.66,99.79,99.57,99.63,NaN,NaN
1596426300,11057.55,11058.05,10882.25,10891.6,99.56,99.64,99.55,99.63,NaN,NaN
1596512700,10946.65,11112.25,10908.1,11095.25,99.5,99.733,99.5,99.66,NaN,NaN
1596599100,11155.75,11225.65,11064.05,11101.65,99.61,99.725,99.61,99.71,NaN,NaN
1596685500,11185.7,11256.8,11127.3,11200.15,99.65,99.845,99.265,99.45,NaN,NaN
1596771900,11186.65,11231.9,11142.05,11214.05,99.32,99.4,99.22,99.27,NaN,NaN
1597031100,11270.25,11337.3,11238,11270.15,99.1,99.22,99.055,99.22,NaN,NaN
1597117500,11322.25,11373.6,11299.15,11322.5,99.1,99.278,99.1,99.15,NaN,NaN
1597203900,11289,11322,11242.65,11308.4,99.01,99.315,98.98,99.29,NaN,NaN
1597290300,11334.85,11359.3,11269.95,11300.45,99.28,99.35,99.19,99.21,NaN,NaN
1597376700,11353.3,11366.25,11111.45,11178.4,98.5,98.925,98.5,98.7,NaN,NaN
1597635900,11248.9,11267.1,11144.5,11247.1,98.42,98.735,98.42,98.63,NaN,NaN
1597722300,11259.8,11401.7,11253.15,11385.35,98.51,98.633,98.49,98.55,NaN,NaN
1597808700,11452.15,11460.35,11394.1,11408.4,98.5,98.5,98.373,98.39,NaN,NaN
1597895100,11317.45,11361.45,11289.8,11312.2,98.353,98.49,98.353,98.45,NaN,NaN
1597981500,11409.65,11418.5,11362.2,11371.6,98.11,98.205,97.42,97.45,NaN,NaN
1598240700,11412,11497.25,11410.65,11466.45,97.15,97.36,96.8,96.87,NaN,NaN
1598327100,11513.1,11525.9,11423.35,11472.25,97.45,97.56,97.22,97.33,NaN,NaN
1598413500,11512.85,11561.75,11461.85,11549.6,97.14,97.48,96.96,97,NaN,NaN
1598499900,11609.3,11617.35,11540.6,11559.25,97.02,97.43,97.02,97.4,NaN,NaN
1598586300,11602.95,11686.05,11589.4,11647.6,97.103,97.75,97.07,97.74,NaN,NaN
1598845500,11777.55,11794.25,11325.85,11387.5,97.6,97.93,97.6,97.88,NaN,NaN
1598931900,11464.3,11553.55,11366.9,11470.25,98.66,98.77,98.57,98.7,NaN,NaN
1599018300,11478.55,11554.75,11430.4,11535,98.6,98.883,98.6,98.87,NaN,NaN
1599104700,11566.2,11584.95,11507.65,11527.45,98.88,99.185,98.88,99.05,NaN,NaN
1599191100,11354.4,11452.05,11303.65,11333.85,98.95,99.053,98.7,98.8,NaN,NaN
1599450300,11359.6,11381.15,11251.7,11355.05,98.61,98.735,98.32,98.34,NaN,NaN
1599536700,11378.55,11437.25,11290.45,11317.35,98,98.203,97.853,97.88,NaN,NaN
1599623100,11218.6,11298.15,11185.15,11278,97.7,98.415,97.7,98.37,NaN,NaN
1599709500,11363.3,11464.05,11327.4,11449.25,98.3,98.39,97.9,97.9,NaN,NaN
1599795900,11447.8,11493.5,11419.9,11464.45,97.5,98.168,97.5,97.99,NaN,NaN
1600055100,11540.15,11568.9,11383.55,11440.05,97.75,98.1,97.75,98.06,NaN,NaN
1600141500,11487.2,11535.95,11442.25,11521.8,97.96,98.19,97.96,98.08,NaN,NaN
1600227900,11538.45,11618.1,11516.75,11604.55,97.953,98.35,97.953,98.35,NaN,NaN
1600314300,11539.4,11587.2,11498.5,11516.1,98.3,98.433,98.02,98.05,NaN,NaN
1600400700,11584.1,11584.1,11446.1,11504.95,98.09,98.36,98.09,98.19,NaN,NaN
1600659900,11503.8,11535.25,11218.5,11250.55,98.1,98.258,98.1,98.18,NaN,NaN
1600746300,11301.75,11302.2,11084.65,11153.65,98.1,98.36,98.1,98.22,NaN,NaN
1600832700,11258.75,11259.55,11024.4,11131.85,98.32,98.375,98.273,98.37,NaN,NaN
1600919100,11011,11015.3,10790.2,10805.55,98.1,98.413,98.1,98.35,NaN,NaN
1601005500,10910.4,11072.6,10854.85,11050.25,98,98.27,98,98.02,NaN,NaN
1601264700,11140.85,11239.35,11099.85,11227.55,97.8,97.99,97.725,97.89,NaN,NaN
1601351100,11288.6,11305.4,11181,11222.4,97.8,98.03,97.77,98.03,NaN,NaN
1601437500,11244.45,11295.4,11184.55,11247.55,97.88,98.215,97.88,98.19,NaN,NaN
1601523900,11364.45,11428.6,11347.05,11416.95,98.55,98.55,98.258,98.33,NaN,NaN
1601869500,11487.8,11578.05,11452.3,11503.35,98.165,98.378,98.165,98.27,NaN,NaN
1601955900,11603.45,11680.3,11564.3,11662.4,98.11,98.225,98.04,98.11,NaN,NaN
1602042300,11679.25,11763.05,11629.35,11738.85,98.068,98.24,98.068,98.2,NaN,NaN
1602128700,11835.4,11905.7,11791.15,11834.6,98.12,98.21,98.083,98.19,NaN,NaN
1602215100,11852.05,11938.6,11805.2,11914.2,98,98.875,98,98.76,NaN,NaN
1602474300,11973.55,12022.05,11867.2,11930.95,98.7,99.113,98.7,99.04,NaN,NaN
1602560700,11934.65,11988.2,11888.9,11934.5,98.85,99.115,98.85,99,NaN,NaN
1602647100,11917.4,11997.2,11822.15,11971.05,98.9,99.07,98.9,99.03,NaN,NaN
1602733500,12023.45,12025.45,11661.3,11680.35,98.95,99.123,98.95,99.05,NaN,NaN
1602819900,11727.4,11789.75,11667.85,11762.45,98.71,98.96,98.71,98.78,NaN,NaN
1603079100,11879.2,11898.25,11820.4,11873.05,98.8,98.88,98.713,98.74,NaN,NaN
1603165500,11861,11949.25,11837.25,11896.8,98.67,98.823,98.67,98.81,NaN,NaN
1603251900,11958.55,12018.65,11775.75,11937.65,98.693,98.95,98.693,98.95,NaN,NaN
1603338300,11890,11939.55,11823.45,11896.45,98.94,99.018,98.903,98.93,NaN,NaN
1603424700,11957.9,11974.55,11908.75,11930.35,99.05,99.45,99.05,99.45,NaN,NaN
1603683900,11937.4,11942.85,11711.7,11767.75,99.61,99.84,99.433,99.52,NaN,NaN
1603770300,11807.1,11899.05,11723,11889.4,99.41,99.55,99.33,99.43,NaN,NaN
1603856700,11922.6,11929.4,11684.85,11729.6,99.41,99.55,99.318,99.34,NaN,NaN
1603943100,11633.3,11744.15,11606.45,11670.8,99.21,99.375,99.125,99.16,NaN,NaN
1604029500,11678.45,11748.95,11535.45,11642.4,NaN,NaN,NaN,NaN,NaN,NaN
1604288700,11697.35,11725.65,11557.4,11669.15,99.1,99.188,99.053,99.1,NaN,NaN
1604375100,11734.45,11836.2,11723.3,11813.5,99.11,99.11,98.923,99.04,NaN,NaN
1604461500,11783.35,11929.65,11756.4,11908.5,99.053,99.2,99.053,99.13,NaN,NaN
1604547900,12062.4,12131.1,12027.6,12120.3,99.15,99.35,99.15,99.33,NaN,NaN
1604634300,12156.65,12280.4,12131.85,12263.55,99.42,99.485,99.24,99.24,NaN,NaN
1604893500,12399.4,12474.05,12367.35,12461.05,99.153,99.24,99.13,99.2,NaN,NaN
1604979900,12556.4,12643.9,12475.25,12631.1,98.97,99.035,98.9,98.91,NaN,NaN
1605066300,12680.6,12769.75,12571.1,12749.15,98.77,99.018,98.77,99.01,NaN,NaN
1605152700,12702.15,12741.15,12624.85,12690.8,98.86,99.01,98.86,99.01,NaN,NaN
1605239100,12659.7,12735.95,12607.7,12719.95,98.923,99.21,98.923,99.19,NaN,NaN
1605357000,12823.35,12828.7,12749.45,12780.25,NaN,NaN,NaN,NaN,NaN,NaN
1605584700,12932.5,12934.05,12797.1,12874.2,99.12,99.275,99.12,99.2,NaN,NaN
1605671100,12860.1,12948.85,12819.35,12938.25,99.2,99.32,99.17,99.19,NaN,NaN
1605757500,12839.5,12963,12745.75,12771.7,99.1,99.23,99.1,99.21,NaN,NaN
1605843900,12813.4,12892.45,12730.25,12859.05,99.2,99.245,99.125,99.2,NaN,NaN
1606103100,12960.3,12968.85,12825.7,12926.45,99.16,99.22,99.01,99.03,NaN,NaN
1606189500,13002.6,13079.1,12978,13055.15,98.94,99.188,98.94,99.18,NaN,NaN
1606275900,13130,13145.85,12833.65,12858.4,99.02,99.21,99.02,99.14,NaN,NaN
1606362300,12906.45,13018,12790.4,12987,99.07,99.263,99.07,99.24,NaN,NaN
1606448700,13012.05,13035.3,12914.3,12968.95,99.125,99.15,98.93,98.96,NaN,NaN
1606794300,13062.2,13128.4,12962.8,13109.05,98.9,98.975,98.82,98.82,NaN,NaN
1606880700,13121.4,13128.5,12983.55,13113.75,98.67,98.903,98.67,98.89,NaN,NaN
1606967100,13215.3,13216.6,13107.9,13133.9,98.8,98.968,98.783,98.81,NaN,NaN
1607053500,13177.4,13280.05,13152.85,13258.55,98.8,99.13,98.8,99.06,NaN,NaN
1607312700,13264.85,13366.65,13241.95,13355.75,98.98,99,98.83,98.87,NaN,NaN
1607399100,13393.85,13435.45,13311.05,13392.95,98.81,98.91,98.75,98.76,NaN,NaN
1607485500,13458.1,13548.9,13449.6,13529.1,98.7,98.99,98.673,98.92,NaN,NaN
1607571900,13488.5,13503.55,13399.3,13478.3,98.95,99.06,98.91,98.93,NaN,NaN
1607658300,13512.3,13579.35,13402.85,13513.85,98.735,98.9,98.613,98.64,NaN,NaN
1607917500,13571.45,13597.5,13472.45,13558.15,98.54,98.79,98.54,98.71,NaN,NaN
1608003900,13547.2,13589.65,13447.05,13567.85,98.86,98.88,98.69,98.75,NaN,NaN
1608090300,13663.1,13692.35,13606.45,13682.7,98.7,98.753,98.663,98.73,NaN,NaN
1608176700,13713.55,13773.25,13673.55,13740.7,98.65,98.77,98.65,98.67,NaN,NaN
1608263100,13764.4,13772.85,13658.6,13760.55,98.67,98.688,98.48,98.62,NaN,NaN
1608522300,13741.9,13777.5,13131.45,13328.4,98.6,98.673,98.513,98.64,NaN,NaN
1608608700,13373.65,13492.05,13192.9,13466.3,98.57,98.765,98.57,98.68,NaN,NaN
1608695100,13473.5,13619.45,13432.2,13601.1,98.685,98.735,98.665,98.69,NaN,NaN
1608781500,13672.15,13771.75,13626.9,13749.25,98.53,98.84,98.47,98.84,NaN,NaN
1609127100,13815.15,13885.3,13811.55,13873.2,98.92,98.925,98.85,98.87,NaN,NaN
1609213500,13910.35,13967.6,13859.9,13932.6,98.8,98.88,98.8,98.86,NaN,NaN
1609299900,13980.9,13997,13864.95,13981.95,98.8,99.04,98.8,99.04,NaN,NaN
1609386300,13970,14024.85,13936.45,13981.75,99,99.13,99,99.08,NaN,NaN
1609472700,13996.1,14049.85,13991.35,14018.5,99,99.125,99,99.05,NaN,NaN
1609731900,14104.35,14147.95,13953.75,14132.9,99.01,99.34,99.003,99.34,NaN,NaN
1609818300,14075.15,14215.6,14048.15,14199.5,99.36,99.483,99.343,99.4,NaN,NaN
1609904700,14240.95,14244.15,14039.9,14146.25,99.21,99.273,98.953,99.08,NaN,NaN
1609991100,14253.75,14256.25,14123.1,14137.35,99,99.103,98.955,99.1,NaN,NaN
1610077500,14258.4,14367.3,14221.65,14347.25,99.203,99.213,99.035,99.1,NaN,NaN
1610336700,14474.05,14498.2,14383.1,14484.75,98.715,98.923,98.715,98.87,NaN,NaN
1610423100,14473.8,14590.65,14432.85,14563.45,98.78,98.91,98.78,98.82,NaN,NaN
1610509500,14639.8,14653.35,14435.7,14564.85,98.953,98.99,98.653,98.71,NaN,NaN
1610595900,14550.05,14617.8,14471.5,14595.6,98.653,98.87,98.653,98.87,NaN,NaN
1610682300,14594.35,14617.45,14357.85,14433.7,98.625,98.743,98.42,98.42,NaN,NaN
1610941500,14453.3,14459.15,14222.8,14281.3,98.58,98.665,98.43,98.64,NaN,NaN
1611027900,14371.65,14546.05,14350.85,14521.15,98.6,98.813,98.6,98.79,NaN,NaN
1611114300,14538.3,14666.45,14517.55,14644.7,98.75,98.83,98.73,98.75,NaN,NaN
1611200700,14730.95,14753.55,14517.25,14590.35,98.75,98.813,98.635,98.65,NaN,NaN
1611287100,14583.4,14619.9,14357.75,14371.9,98.55,98.798,98.55,98.77,NaN,NaN
1611546300,14477.8,14491.1,14218.6,14238.9,98.6,98.813,98.6,98.67,NaN,NaN
1611719100,14237.95,14237.95,13929.3,13967.5,98.62,98.75,98.62,98.67,NaN,NaN
1611805500,13810.4,13898.25,13713.25,13817.55,98.66,98.82,98.66,98.82,NaN,NaN
1611891900,13946.6,13966.85,13596.75,13634.6,98.71,98.78,98.675,98.69,NaN,NaN
1612151100,13758.6,14336.35,13661.75,14281.2,99.5,99.713,98.37,98.45,NaN,NaN
1612237500,14481.1,14731.7,14469.15,14647.85,98.25,98.31,97.92,97.97,NaN,NaN
1612323900,14754.9,14868.85,14574.15,14789.95,97.9,98.28,97.9,98.28,NaN,NaN
1612410300,14789.05,14913.7,14714.75,14895.65,NaN,NaN,NaN,NaN,NaN,NaN
1612496700,14952.6,15014.65,14864.75,14924.25,NaN,NaN,NaN,NaN,NaN,NaN
1612755900,15064.3,15159.9,15041.05,15115.8,NaN,NaN,NaN,NaN,NaN,NaN
1612842300,15164.15,15257.1,15064.3,15109.3,NaN,NaN,NaN,NaN,NaN,NaN
1612928700,15119.05,15168.25,14977.2,15106.5,98.82,98.82,98.82,98.82,NaN,NaN
1613015100,15073.25,15188.5,15065.4,15173.3,98.783,99.295,98.72,99.17,NaN,NaN
1613101500,15186.2,15243.5,15081,15163.3,99.24,99.25,98.93,98.96,NaN,NaN
1613360700,15270.3,15340.15,15243.4,15314.7,98.75,98.88,98.7,98.73,NaN,NaN
1613447100,15371.45,15431.75,15242.2,15313.45,98.65,98.763,98.6,98.73,NaN,NaN
1613533500,15279.9,15314.3,15170.75,15208.9,98.55,98.76,98.55,98.67,NaN,NaN
1613619900,15238.7,15250.75,15078.05,15118.95,98.65,98.69,97.903,97.94,NaN,NaN
1613706300,15074.8,15144.05,14898.2,14981.75,NaN,NaN,NaN,NaN,NaN,NaN
1613965500,14999.05,15010.1,14635.05,14675.7,97.51,97.58,97.365,97.44,NaN,NaN
1614051900,14782.25,14854.5,14651.85,14707.8,97.4,97.74,97.4,97.65,NaN,NaN
1614138300,14729.15,15008.8,14723.05,14982,97.65,97.878,97.65,97.83,NaN,NaN
1614224700,15079.85,15176.5,15065.35,15097.35,NaN,NaN,NaN,NaN,NaN,NaN
1614311100,14888.6,14919.45,14467.75,14529.15,97.35,97.448,97.16,97.25,NaN,NaN
1614570300,14702.5,14806.8,14638.55,14761.55,97.2,97.495,97.2,97.39,NaN,NaN
1614656700,14865.3,14959.1,14760.8,14919.1,97.4,97.54,97.2,97.2,NaN,NaN
1614743100,15064.4,15273.15,14995.8,15245.6,97.16,97.32,97.128,97.19,NaN,NaN
1614829500,15026.75,15202.35,14980.2,15080.75,97.05,97.36,97.05,97.33,NaN,NaN
1614915900,14977.95,15092.35,14862.1,14938.1,97.36,97.43,97.08,97.23,NaN,NaN
1615175100,15002.45,15111.15,14919.9,14956.2,97.15,97.4,97.14,97.3,NaN,NaN
1615261500,15049.9,15126.85,14925.45,15098.4,97.3,97.42,97.255,97.42,NaN,NaN
1615347900,15202.15,15218.45,15100.85,15174.8,97.378,97.41,96.94,97.13,NaN,NaN
1615520700,15321.15,15336.3,14953.6,15030.95,97.228,97.275,97.05,97.24,NaN,NaN
1615779900,15048.4,15048.4,14745.85,14929.5,97.14,97.46,97.13,97.46,NaN,NaN
1615866300,14996.1,15051.6,14890.65,14910.45,97.37,97.613,97.37,97.61,NaN,NaN
1615952700,14946.55,14956.55,14696.05,14721.3,97.44,97.7,97.44,97.57,NaN,NaN
1616039100,14855.5,14875.2,14478.6,14557.85,97.32,97.56,97.18,97.45,NaN,NaN
1616125500,14471.15,14788.25,14350.1,14744,97.483,97.715,97.4,97.52,NaN,NaN
1616384700,14736.3,14763.9,14597.85,14736.4,97.41,97.715,97.41,97.61,NaN,NaN
1616471100,14768.55,14878.6,14707,14814.75,97.8,97.913,97.79,97.87,NaN,NaN
1616557500,14712.45,14752.35,14535,14549.4,97.96,98.08,97.79,97.81,NaN,NaN
1616643900,14570.9,14575.6,14264.4,14324.9,97.77,97.96,97.725,97.96,NaN,NaN
1616730300,14506.3,14572.9,14414.25,14507.3,97.81,98.048,97.81,98.02,NaN,NaN
1617075900,14628.5,14876.3,14617.6,14845.1,97.85,97.965,97.813,97.88,NaN,NaN
1617162300,14811.85,14813.75,14670.25,14690.7,97.75,97.905,97.585,97.64,NaN,NaN
1617248700,14798.4,14883.2,14692.45,14867.35,NaN,NaN,NaN,NaN,NaN,NaN
1617594300,14837.7,14849.85,14459.5,14637.8,97.46,98.02,97.46,98.02,NaN,NaN
1617680700,14737,14779.1,14573.9,14683.5,98,98.13,97.94,98.03,NaN,NaN
1617767100,14716.45,14879.8,14649.85,14819.05,98.05,98.48,97.54,98.32,NaN,NaN
1617853500,14875.65,14984.15,14821.1,14873.8,98.3,98.68,98.25,98.68,NaN,NaN
1617939900,14882.65,14918.45,14785.65,14834.85,98.89,98.98,98.663,98.78,NaN,NaN
1618199100,14644.65,14652.5,14248.7,14310.8,98.75,98.87,98.75,98.83,NaN,NaN
1618285500,14364.9,14528.9,14274.9,14504.8,NaN,NaN,NaN,NaN,NaN,NaN
1618458300,14522.4,14597.55,14353.2,14581.45,98.67,98.72,97.995,98.01,NaN,NaN
1618544700,14599.6,14697.7,14559,14617.85,97.71,98.365,97.655,98.28,NaN,NaN
1618803900,14306.6,14382.3,14191.4,14359.45,98.13,98.405,98.13,98.33,NaN,NaN
1618890300,14526.7,14526.95,14207.3,14296.4,98.16,98.38,98.16,98.38,NaN,NaN
1619063100,14219.15,14424.75,14151.4,14406.15,98.42,98.593,98.42,98.55,NaN,NaN
1619149500,14326.35,14461.15,14273.3,14341.35,98.2,98.62,98.2,98.62,NaN,NaN
1619408700,14449.45,14557.5,14421.3,14485,NaN,NaN,NaN,NaN,NaN,NaN
1619495100,14493.8,14667.55,14484.85,14653.05,NaN,NaN,NaN,NaN,NaN,NaN
1619581500,14710.5,14890.25,14694.95,14864.55,NaN,NaN,NaN,NaN,NaN,NaN
1619667900,14979,15044.35,14814.45,14894.9,NaN,NaN,NaN,NaN,NaN,NaN
1619754300,14747.35,14855.45,14601.7,14631.1,NaN,NaN,NaN,NaN,NaN,NaN
1620013500,14481.05,14673.85,14416.25,14634.15,NaN,NaN,NaN,NaN,NaN,NaN
1620099900,14687.25,14723.4,14461.5,14496.5,NaN,NaN,NaN,NaN,NaN,NaN
1620186300,14604.15,14637.9,14506.6,14617.85,NaN,NaN,NaN,NaN,NaN,NaN
1620272700,14668.35,14743.9,14611.5,14724.8,NaN,NaN,NaN,NaN,NaN,NaN
1620359100,14816.85,14863.05,14765.5,14823.15,NaN,NaN,NaN,NaN,NaN,NaN
1620618300,14928.25,14966.9,14892.5,14942.35,NaN,NaN,NaN,NaN,NaN,NaN
1620704700,14789.7,14900,14771.4,14850.75,NaN,NaN,NaN,NaN,NaN,NaN
1620791100,14823.55,14824.05,14649.7,14696.5,NaN,NaN,NaN,NaN,NaN,NaN
1620963900,14749.4,14749.65,14591.9,14677.8,NaN,NaN,NaN,NaN,NaN,NaN
1621223100,14756.25,14938,14725.35,14923.15,NaN,NaN,NaN,NaN,NaN,NaN
1621309500,15067.2,15137.25,15043.7,15108.1,NaN,NaN,NaN,NaN,NaN,NaN
1621395900,15058.6,15133.4,15008.85,15030.15,NaN,NaN,NaN,NaN,NaN,NaN
1621482300,15042.6,15069.8,14884.9,14906.05,99.06,99.15,99.06,99.15,NaN,NaN
1621568700,14987.8,15190,14985.85,15175.3,99.155,99.225,99.08,99.09,NaN,NaN
1621827900,15211.35,15256.25,15145.45,15197.7,99.03,99.13,99.03,99.12,NaN,NaN
1621914300,15291.75,15293.85,15163.4,15208.45,99,99.12,99,99.12,NaN,NaN
1622000700,15257.05,15319.9,15194.95,15301.45,NaN,NaN,NaN,NaN,NaN,NaN
1622087100,15323.95,15384.55,15272.5,15337.85,99.02,99.02,99.02,99.02,NaN,NaN
1622173500,15421.2,15469.65,15394.75,15435.65,98.95,99.075,98.9,98.9,NaN,NaN
1622432700,15437.75,15606.35,15374,15582.8,96.5167,96.5167,96.3999,96.3999,NaN,NaN
1622519100,15629.65,15660.75,15528.3,15574.85,96.3999,96.4083,96.291,96.291,NaN,NaN
1622605500,15520.35,15597.45,15459.85,15576.2,96.291,96.3062,96.2512,96.2512,NaN,NaN
1622691900,15655.55,15705.1,15611,15690.35,96.2512,96.5014,96.2512,96.3104,NaN,NaN
1622778300,15712.5,15733.6,15622.35,15670.25,96.3104,96.4181,96.3104,96.3582,NaN,NaN
1623037500,15725.1,15773.45,15678.1,15751.65,96.3582,96.417,96.3582,96.417,NaN,NaN
1623123900,15773.9,15778.8,15680,15740.1,96.417,96.4558,96.417,96.4558,NaN,NaN
1623210300,15766.3,15800.45,15566.9,15635.35,96.4558,96.4903,96.4558,96.4821,NaN,NaN
1623296700,15692.1,15751.25,15648.5,15737.75,96.4821,96.6,96.4821,96.6,NaN,NaN
1623383100,15796.45,15835.55,15749.8,15799.35,96.6,96.7179,96.6,96.7179,NaN,NaN
1623642300,15791.4,15823.05,15606.5,15811.85,96.7331,96.7688,96.661,96.661,NaN,NaN
1623728700,15866.95,15901.6,15842.4,15869.25,96.661,96.6633,96.3462,96.3462,NaN,NaN
1623815100,15847.5,15880.85,15742.6,15767.55,96.3545,96.3545,96.0073,96.0073,NaN,NaN
1623901500,15648.3,15769.35,15616.75,15691.4,96.0073,96.0073,95.8969,95.8969,NaN,NaN
1623987900,15756.5,15761.5,15450.9,15683.35,95.8969,96.55,95.8969,96.55,NaN,NaN
1624247100,15525.85,15765.15,15505.65,15746.5,98.85,98.883,98.67,98.72,NaN,NaN
1624333500,15840.5,15895.75,15752.1,15772.75,98.62,98.778,98.62,98.75,NaN,NaN
1624419900,15862.8,15862.95,15673.95,15686.95,98.66,98.823,98.66,98.8,NaN,NaN
1624506300,15737.3,15821.4,15702.7,15790.45,98.75,98.87,98.723,98.84,NaN,NaN
1624592700,15839.35,15870.8,15772.3,15860.35,98.48,98.825,98.48,98.73,NaN,NaN
1624851900,15915.35,15915.65,15792.15,15814.7,98.6,98.65,98.32,98.53,NaN,NaN
1624938300,15807.5,15835.9,15724.05,15748.45,98.35,98.67,98.35,98.67,NaN,NaN
1625024700,15776.9,15839.1,15708.75,15721.5,98.3,98.58,98.3,98.57,NaN,NaN
1625111100,15755.05,15755.55,15667.05,15680,98.35,98.68,98.35,98.65,NaN,NaN
1625197500,15705.85,15738.35,15635.95,15722.2,98.5,98.54,98.4,98.47,NaN,NaN
1625456700,15793.4,15845.95,15762.05,15834.35,98.5,98.5,98.27,98.31,NaN,NaN
1625543100,15813.75,15914.2,15801,15818.25,97.85,97.96,97.6,97.7,NaN,NaN
1625629500,15819.6,15893.55,15779.7,15879.65,97.8,97.8,97.6,97.78,NaN,NaN
1625715900,15855.4,15885.75,15682.9,15727.9,97.8,98.06,97.8,98.06,NaN,NaN
1625802300,15688.25,15730.85,15632.75,15689.8,97.853,97.95,97.55,97.63,NaN,NaN
1626061500,15766.8,15789.2,15644.75,15692.6,97,97.5,97,97.39,NaN,NaN
1626147900,15794,15820.8,15744.6,15812.35,100,100,99.95,99.98,NaN,NaN
1626234300,15808.7,15877.35,15764.2,15853.95,99.84,99.93,99.84,99.93,NaN,NaN
1626320700,15872.15,15952.35,15855,15924.2,99.935,99.94,99.853,99.87,NaN,NaN
1626407100,15958.35,15962.25,15882.6,15923.4,99.66,99.9,99.66,99.78,NaN,NaN
1626666300,15754.5,15836.9,15707.5,15752.4,99.71,99.8,99.71,99.8,NaN,NaN
1626752700,15703.95,15728.45,15578.55,15632.1,99.78,99.88,99.78,99.86,NaN,NaN
1626925500,15736.6,15834.8,15726.4,15824.05,99.57,99.76,99.57,99.72,NaN,NaN
1627011900,15856.8,15899.8,15768.4,15856.05,99.65,99.69,99.52,99.52,NaN,NaN
1627271100,15849.3,15893.35,15797,15824.45,99.44,99.55,99.423,99.49,NaN,NaN
1627357500,15860.5,15881.55,15701,15746.45,99.34,99.45,99.34,99.42,NaN,NaN
1627443900,15761.55,15767.5,15513.45,15709.4,99.36,99.45,99.32,99.35,NaN,NaN
1627530300,15762.7,15817.35,15737.8,15778.45,99.26,99.35,99.24,99.28,NaN,NaN
1627616700,15800.6,15862.8,15744.85,15763.05,99.08,99.27,99.08,99.23,NaN,NaN
1627875900,15874.9,15892.9,15834.65,15885.15,99.23,99.32,99.23,99.28,NaN,NaN
1627962300,15951.55,16146.9,15914.35,16130.75,99.25,99.35,99.25,99.26,NaN,NaN
1628048700,16195.25,16290.2,16176.15,16258.8,99.21,99.31,99.21,99.27,NaN,NaN
1628135100,16288.95,16349.45,16210.3,16294.6,99.28,99.3,99.153,99.21,NaN,NaN
1628221500,16304.4,16336.75,16223.3,16238.2,99.16,99.16,98.81,99.01,NaN,NaN
1628480700,16281.35,16320.75,16179.05,16258.25,99,99.115,98.995,99.11,NaN,NaN
1628567100,16274.8,16359.25,16202.25,16280.1,99.01,99.05,98.99,99.02,NaN,NaN
1628653500,16327.3,16338.75,16162.55,16282.25,98.91,99.04,98.85,99,NaN,NaN
1628739900,16303.65,16375.5,16286.9,16364.4,98.95,99.09,98.95,99.07,NaN,NaN
1628826300,16385.699,16543.6,16376.3,16529.1,98.99,99.06,98.95,98.96,NaN,NaN
1629085500,16518.4,16589.4,16480.75,16563.051,NaN,NaN,NaN,NaN,NaN,NaN
1629171900,16545.25,16628.551,16495.4,16614.6,98.85,99.05,98.85,99.01,NaN,NaN
1629258300,16691.949,16701.85,16535.85,16568.85,98.91,99.07,98.91,99.06,NaN,NaN
1629431100,16382.5,16509.551,16376.05,16450.5,99,99.12,98.973,99.01,NaN,NaN
1629690300,16592.25,16592.5,16395.699,16496.449,98.94,99.01,98.925,98.95,NaN,NaN
1629776700,16561.4,16647.1,16495.301,16624.6,98.88,98.93,98.833,98.9,NaN,NaN
1629863100,16654,16712.449,16617.5,16634.65,98.8,98.96,98.78,98.94,NaN,NaN