time,open,high,low,close,"INDIAVIX, NSE: Open","INDIAVIX, NSE: High","INDIAVIX, NSE: Low","INDIAVIX, NSE: Close",Volume,Volume MA
1514778300,10531.7,10537.85,10423.1,10435.55,12.67,13.6125,12.545,13.3525,NaN,NaN
1514864700,10477.55,10495.2,10404.65,10442.2,13.3525,13.8425,12.605,13.685,NaN,NaN
1514951100,10482.65,10503.6,10429.55,10443.2,13.685,13.715,12.765,13.6225,NaN,NaN
1515037500,10469.4,10513,10441.45,10504.8,13.6225,13.7925,12.1825,13.415,NaN,NaN
1515123900,10534.25,10566.1,10520.1,10558.85,13.415,13.415,12.42,13.1125,NaN,NaN
1515383100,10591.7,10631.2,10588.55,10623.6,13.1125,13.855,11.8125,13.735,NaN,NaN
1515469500,10645.1,10659.15,10603.6,10637,13.735,14.13,12.25,13.8475,NaN,NaN
1515555900,10652.05,10655.5,10592.7,10632.2,13.8475,14.2275,12.5175,14.035,NaN,NaN
1515642300,10637.05,10664.6,10612.35,10651.2,14.035,14.2775,12.985,14.0125,NaN,NaN
1515728700,10682.55,10690.4,10597.1,10681.25,14.0125,14.5525,11.92,13.7325,NaN,NaN
1515987900,10718.5,10782.65,10713.8,10741.55,13.7325,14.475,11.8125,14.305,NaN,NaN
1516074300,10761.5,10762.35,10687.85,10700.45,14.305,14.585,12.3475,14.085,NaN,NaN
1516160700,10702.45,10803,10666.75,10788.55,14.085,14.445,10.345,13.86,NaN,NaN
1516247100,10873.4,10887.5,10782.4,10817,13.86,14.22,11.655,13.96,NaN,NaN
1516333500,10829.2,10906.85,10793.9,10894.7,13.96,14.195,10.75,13.9825,NaN,NaN
1516592700,10883.2,10975.1,10881.4,10966.2,13.9825,15.59,12.0675,15.3925,NaN,NaN
1516679100,10997.4,11092.9,10994.55,11083.7,15.3925,16.297501,14.11,16.225,NaN,NaN
1516765500,11069.35,11110.1,11046.15,11086,16.225,18.495001,14.64,18.040001,NaN,NaN
1516851900,11095.6,11095.6,11009.2,11069.65,18.040001,18.235001,17.035,17.5075,NaN,NaN
1517197500,11079.35,11171.55,11075.95,11130.4,17.5075,18.485001,16.362499,17.887501,NaN,NaN
1517283900,11120.85,11121.1,11033.9,11049.65,17.887501,18.004999,16.15,16.415001,NaN,NaN
1517370300,11018.8,11058.5,10979.3,11027.7,16.415001,16.415001,14.2875,15.93,NaN,NaN
1517456700,11044.55,11117.35,10878.8,11016.9,15.93,16.772499,13.9025,14.1075,NaN,NaN
1517543100,10938.2,10954.95,10736.1,10760.6,14.1075,15.49,11.4975,15.25,NaN,NaN
1517802300,10604.3,10702.75,10586.8,10666.55,15.25,18.334999,15.08,16.0525,NaN,NaN
1517888700,10295.15,10594.15,10276.3,10498.25,16.0525,23.157499,16.0525,20.014999,NaN,NaN
1517975100,10607.2,10614,10446.4,10476.7,20.014999,20.014999,16.797501,19.465,NaN,NaN
1518061500,10518.5,10637.8,10479.55,10576.85,19.465,24.035,15.2625,17.772499,NaN,NaN
1518147900,10416.5,10480.2,10398.2,10454.95,17.772499,20.422501,15.15,19.23,NaN,NaN
1518407100,10518.2,10555.5,10485.4,10539.75,19.23,19.23,16.567499,17.8825,NaN,NaN
1518579900,10585.75,10590.55,10456.65,10500.9,17.8825,17.8825,15.52,17.184999,NaN,NaN
1518666300,10537.9,10618.1,10511.05,10545.5,17.184999,17.184999,14.085,16.315001,NaN,NaN
1518752700,10596.2,10612.9,10434.05,10452.3,16.315001,16.9725,12.57,16.377501,NaN,NaN
1519011900,10488.9,10489.35,10302.75,10378.4,16.377501,18.035,13.955,16.6675,NaN,NaN
1519098300,10391,10429.35,10347.65,10360.4,16.6675,17.5375,16.327499,16.8675,NaN,NaN
1519184700,10426,10426.1,10349.6,10397.45,16.8675,16.870001,15.725,15.92,NaN,NaN
1519271100,10354.35,10397.55,10340.65,10382.7,15.92,16.4575,14.5025,14.8325,NaN,NaN
1519357500,10408.1,10499.1,10396.65,10491.05,14.8325,14.8325,13.535,14.2025,NaN,NaN
1519616700,10526.55,10592.95,10520.2,10582.6,14.2025,14.325,13.53,13.695,NaN,NaN
1519703100,10615.2,10631.65,10537.25,10554.3,13.695,14.4225,12.4475,13.9225,NaN,NaN
1519789500,10488.95,10535.5,10461.55,10492.85,13.9225,14.4,12.525,13.805,NaN,NaN
1519875900,10479.95,10525.5,10447.15,10458.35,13.805,14.2525,12.405,14.0725,NaN,NaN
1520221500,10428.3,10428.7,10323.9,10358.85,14.0725,15.99,12.2325,15.395,NaN,NaN
1520307900,10420.5,10441.35,10215.9,10249.25,15.395,16.4475,13.16,16.245001,NaN,NaN
1520394300,10232.95,10243.35,10141.55,10154.2,16.245001,16.459999,13.4475,15.7,NaN,NaN
1520480700,10216.25,10270.35,10146.4,10242.65,15.7,15.7,12.485,14.585,NaN,NaN
1520567100,10271.3,10296.7,10211.9,10226.85,14.585,14.7625,12.905,14.525,NaN,NaN
1520826300,10301.6,10433.65,10295.45,10421.4,14.525,14.6625,12.01,14.4925,NaN,NaN
1520912700,10389.5,10478.6,10377.85,10426.85,14.4925,14.62,12.3875,14.4625,NaN,NaN
1520999100,10393.05,10420.35,10336.3,10410.9,14.4625,14.9525,11.735,14.3625,NaN,NaN
1521085500,10405.45,10420,10346.2,10360.15,14.3625,14.655,11.295,14.33,NaN,NaN
1521171900,10345.15,10346.3,10180.25,10195.15,14.33,15.6225,11.6325,15.22,NaN,NaN
1521431100,10215.35,10224.55,10075.3,10094.25,15.22,16.01,13.1425,15.82,NaN,NaN
1521517500,10051.55,10155.65,10049.1,10124.35,15.82,16.125,15.17,15.6075,NaN,NaN
1521603900,10181.95,10227.3,10132.95,10155.25,15.6075,15.6075,12.3925,15.1075,NaN,NaN
1521690300,10167.5,10207.85,10105.4,10114.75,15.1075,15.3625,11.99,15.2475,NaN,NaN
1521776700,9968.7998,10027.7,9951.9004,9998.0498,15.2475,16.379999,15.2475,15.545,NaN,NaN
1522035900,9989.1504,10143.5,9958.5498,10130.65,15.545,16.3825,14.8575,15.195,NaN,NaN
1522122300,10188,10207.9,10139.65,10184.15,15.195,16.1075,14.495,15.55,NaN,NaN
1522208700,10143.6,10158.35,10096.9,10113.7,15.55,15.97,14.8175,15.7575,NaN,NaN
1522640700,10151.65,10220.1,10127.75,10211.8,15.7575,16.450001,15.1975,15.3475,NaN,NaN
1522727100,10186.85,10255.35,10171.05,10245,15.3475,15.775,14.8775,15.185,NaN,NaN
1522813500,10274.6,10279.85,10111.3,10128.4,15.185,16.485001,13.6825,16.34,NaN,NaN
1522899900,10228.45,10331.8,10227.45,10325.15,16.34,16.34,13.8625,14.7975,NaN,NaN
1522986300,10322.75,10350.45,10290.85,10331.6,14.7975,15.155,13.01,14.7475,NaN,NaN
1523245500,10333.7,10397.7,10328.5,10379.35,14.7475,15.1375,14.46,14.8675,NaN,NaN
1523331900,10412.9,10424.85,10381.5,10402.25,14.8675,14.8675,14.005,14.4975,NaN,NaN
1523418300,10428.15,10428.15,10355.6,10417.15,14.4975,14.9075,12.74,14.72,NaN,NaN
1523504700,10410.65,10469.9,10395.25,10458.65,14.72,14.9925,11.8075,14.56,NaN,NaN
1523591100,10495.3,10519.9,10451.45,10480.6,14.56,14.56,13.45,14.14,NaN,NaN
1523850300,10398.3,10540.15,10396.35,10528.35,14.14,14.8625,13.41,14.26,NaN,NaN
1523936700,10557.3,10560.45,10495.65,10548.7,14.26,14.3975,13.3475,14.0425,NaN,NaN
1524023100,10578.9,10594.2,10509.7,10526.2,14.0425,14.3675,13.165,14.11,NaN,NaN
1524109500,10563.65,10572.2,10546.2,10565.3,14.11,14.11,12.5025,13.7475,NaN,NaN
1524195900,10560.35,10582.35,10527.45,10564.05,13.7475,13.765,9.7425003,12.9375,NaN,NaN
1524455100,10592.8,10638.35,10514.95,10584.7,12.9375,13.4925,11.53,13.145,NaN,NaN
1524541500,10578.1,10636.8,10569,10614.35,13.145,13.3875,11.4875,11.895,NaN,NaN
1524627900,10612.4,10612.6,10536.45,10570.55,11.895,13.315,11.895,12.395,NaN,NaN
1524714300,10586.5,10628.4,10559.65,10617.8,12.395,13.58,11.7425,12.0375,NaN,NaN
1524800700,10651.65,10719.8,10647.55,10692.3,12.0375,12.6325,11.4375,12.0175,NaN,NaN
1525059900,10705.75,10759,10704.6,10739.35,12.0175,12.5525,12.0175,12.3625,NaN,NaN
1525232700,10783.85,10784.65,10689.8,10718.05,12.3625,13.1975,12.3625,12.84,NaN,NaN
1525319100,10720.15,10720.6,10647.45,10679.65,12.84,13.2075,12.47,12.985,NaN,NaN
1525405500,10700.45,10700.45,10601.6,10618.25,12.985,13.455,10.9875,13.25,NaN,NaN
1525664700,10653.15,10725.65,10635.65,10715.5,13.25,13.9625,12.8275,13.76,NaN,NaN
1525751100,10757.9,10758.55,10689.4,10717.8,13.76,14.435,11.0925,14.055,NaN,NaN
1525837500,10693.35,10766.25,10689.85,10741.7,14.055,14.5575,12.1225,14.2725,NaN,NaN
1525923900,10779.65,10785.55,10705,10716.55,14.2725,14.65,12.5625,14.425,NaN,NaN
1526010300,10741.95,10812.05,10724.45,10806.5,14.425,14.82,13.0025,13.9775,NaN,NaN
1526269500,10815.15,10834.85,10774.75,10806.6,13.9775,14.4975,12.1075,14.245,NaN,NaN
1526355900,10812.6,10929.2,10781.4,10801.85,14.245,14.245,11.4875,13.165,NaN,NaN
1526442300,10751.95,10790.45,10699.7,10741.1,13.165,13.645,10.855,13.435,NaN,NaN
1526528700,10775.6,10777.25,10664.5,10682.7,13.435,13.68,11.09,13.4075,NaN,NaN
1526615100,10671.85,10674.95,10589.1,10596.4,13.4075,14.3525,11.6125,14.15,NaN,NaN
1526874300,10616.7,10621.7,10505.8,10516.7,14.15,14.5375,11.755,14.41,NaN,NaN
1526960700,10518.45,10558.6,10490.55,10536.7,14.41,14.41,11.745,13.6025,NaN,NaN
1527047100,10521.1,10533.55,10417.8,10430.35,13.6025,14.9425,11.8825,14.1575,NaN,NaN
1527133500,10464.85,10535.15,10419.8,10513.85,14.1575,14.2225,10.8975,13.145,NaN,NaN
1527219900,10533.05,10628.05,10524,10605.15,13.145,13.17,11.0025,12.645,NaN,NaN
1527479100,10648.35,10709.8,10640.55,10688.65,12.645,13.1475,11.3475,13.055,NaN,NaN
1527565500,10689.4,10717.25,10616.1,10633.3,13.055,13.8675,11.975,13.07,NaN,NaN
1527651900,10579,10648.7,10558.45,10614.35,13.07,13.85,12.1825,13.41,NaN,NaN
1527738300,10670.1,10763.8,10620.4,10736.15,13.41,14.2325,12.1325,13.2225,NaN,NaN
1527824700,10738.45,10764.75,10681.5,10696.2,13.2225,14.59,12.1575,13.57,NaN,NaN
1528083900,10765.95,10770.3,10618.35,10628.5,13.57,15.47,12.1825,13.8825,NaN,NaN
1528170300,10630.7,10633.15,10550.9,10593.15,13.8825,14.49,13.1325,13.315,NaN,NaN
1528256700,10603.45,10698.35,10587.5,10684.65,13.315,13.51,12.1475,12.55,NaN,NaN
1528343100,10722.6,10818,10722.6,10768.35,12.55,13.65,11.6125,12.7775,NaN,NaN
1528429500,10736.4,10779.45,10709.05,10767.65,12.7775,13.1675,10.8025,12.6975,NaN,NaN
1528688700,10781.85,10850.55,10777.05,10786.95,12.6975,13.82,11.3225,13.18,NaN,NaN
1528775100,10816.15,10856.55,10789.4,10842.85,13.18,13.8975,10.445,12.73,NaN,NaN
1528861500,10887.5,10893.25,10842.65,10856.7,12.73,13.14,11.22,12.635,NaN,NaN
1528947900,10832.9,10833.7,10773.55,10808.05,12.635,12.635,10.43,12.095,NaN,NaN
1529034300,10808.65,10834,10755.4,10817.7,12.095,12.5075,10.495,12.07,NaN,NaN
1529293500,10830.2,10830.2,10787.35,10799.85,12.07,12.55,9.8249998,12.38,NaN,NaN
1529379900,10789.45,10789.45,10701.2,10710.45,12.38,13,11.4775,12.92,NaN,NaN
1529466300,10734.65,10781.8,10724.05,10772.05,12.92,12.92,10.6075,12.1725,NaN,NaN
1529552700,10808.45,10809.6,10725.9,10741.1,12.1725,12.59,10.91,12.4475,NaN,NaN
1529639100,10742.7,10837,10710.45,10821.85,12.4475,12.5425,10.3925,12.0225,NaN,NaN
1529898300,10822.9,10831.05,10753.05,10762.45,12.0225,12.7775,9.7399998,12.5825,NaN,NaN
1529984700,10742.7,10805.25,10732.55,10769.15,12.5825,12.97,12.3325,12.7975,NaN,NaN
1530071100,10785.5,10785.5,10652.4,10671.4,12.7975,13.8125,12.085,13.51,NaN,NaN
1530157500,10660.8,10674.2,10557.7,10589.1,13.51,14.075,12.52,13.9475,NaN,NaN
1530243900,10612.85,10723.05,10612.35,10714.3,13.9475,13.9475,12.6325,12.9375,NaN,NaN
1530503100,10732.35,10736.15,10604.65,10657.3,12.9375,13.9425,12.465,13.37,NaN,NaN
1530589500,10668.6,10713.3,10630.25,10699.9,13.37,13.7525,12.1875,13,NaN,NaN
1530675900,10715,10777.15,10677.75,10769.9,13,13.34,12.575,12.6575,NaN,NaN
1530762300,10786.05,10786.05,10726.25,10749.75,12.6575,12.9525,11.225,12.575,NaN,NaN
1530848700,10744.15,10816.35,10735.05,10772.65,12.575,12.68,11.6675,12.4425,NaN,NaN
1531107900,10838.3,10860.35,10807.15,10852.9,12.4425,12.575,11.215,12.39,NaN,NaN
1531194300,10902.75,10956.9,10876.65,10947.25,12.39,12.52,11.0175,12.395,NaN,NaN
1531280700,10956.4,10976.65,10923,10948.3,12.395,12.86,10.015,12.775,NaN,NaN
1531367100,11006.95,11078.3,10999.65,11023.2,12.775,12.865,10.6525,12.505,NaN,NaN
1531453500,11056.9,11071.35,10999.75,11018.9,12.505,12.505,11.3175,12.3025,NaN,NaN
1531712700,11018.95,11019.5,10926.25,10936.85,12.3025,13.0475,11.1675,12.9475,NaN,NaN
1531799100,10939.65,11018.5,10925.6,11008.05,12.9475,12.9475,11.24,12.825,NaN,NaN
1531885500,11060.2,11076.2,10956.3,10980.45,12.825,13.9,10.645,13.6825,NaN,NaN
1531971900,10999.5,11006.5,10935.45,10957.1,13.6825,13.7975,10.99,13.5925,NaN,NaN
1532058300,10963.5,11030.25,10946.2,11010.2,13.5925,13.9025,11.3175,13.535,NaN,NaN
1532317500,11019.85,11093.4,11010.95,11084.75,13.535,13.62,12.0675,13.005,NaN,NaN
1532403900,11109,11143.4,11092.5,11134.3,13.005,13.08,12.1475,12.4675,NaN,NaN
1532490300,11148.4,11157.15,11113.25,11132,12.4675,13.255,11.215,12.2075,NaN,NaN
1532576700,11132.95,11185.85,11125.7,11167.3,12.2075,13.0475,11.6075,12.0275,NaN,NaN
1532663100,11232.75,11283.4,11210.25,11278.35,12.0275,12.5,11.2475,12.31,NaN,NaN
1532922300,11296.65,11328.1,11261.45,11319.55,12.31,13.0575,12.3075,12.585,NaN,NaN
1533008700,11311.05,11366,11267.75,11356.5,12.585,12.795,12.2875,12.48,NaN,NaN
1533095100,11359.8,11390.55,11313.55,11346.2,12.48,12.765,11.9975,12.53,NaN,NaN
1533181500,11328.9,11328.9,11234.95,11244.7,12.53,12.8,10.8875,12.555,NaN,NaN
1533267900,11297.8,11368,11294.55,11360.8,12.555,12.555,10.9075,12.0775,NaN,NaN
1533527100,11401.5,11427.65,11370.6,11387.1,12.0775,12.735,11.85,12.5625,NaN,NaN
1533613500,11423.15,11428.95,11359.7,11389.45,12.5625,12.82,10.5825,12.5775,NaN,NaN
1533699900,11412.5,11459.95,11379.3,11450,12.5775,12.7825,10.48,12.54,NaN,NaN
1533786300,11493.25,11495.2,11454.1,11470.7,12.54,12.76,10.8775,12.6775,NaN,NaN
1533872700,11474.95,11478.75,11419.65,11429.5,12.6775,12.985,10.0575,12.85,NaN,NaN
1534131900,11369.6,11406.3,11340.3,11355.75,12.85,13.5,11.29,13.4,NaN,NaN
1534218300,11381.7,11452.45,11370.8,11435.1,13.4,13.42,10.755,13.2825,NaN,NaN
1534391100,11397.15,11449.85,11366.25,11385.05,13.2825,13.865,11.465,13.645,NaN,NaN
1534477500,11437.15,11486.45,11431.8,11470.75,13.645,13.645,10.3025,13.16,NaN,NaN
1534736700,11502.1,11565.3,11499.65,11551.75,13.16,13.55,11.345,13.0325,NaN,NaN
1534823100,11576.2,11581.75,11539.6,11570.9,13.0325,13.635,9.9274998,12.9025,NaN,NaN
1534995900,11620.7,11620.7,11546.7,11582.75,12.9025,13.1175,9.5299997,12.7575,NaN,NaN
1535082300,11566.6,11604.6,11532,11557.1,12.7575,12.8375,9.4300003,12.4075,NaN,NaN
1535341500,11605.85,11700.95,11595.6,11691.95,12.4075,12.5325,9.5150003,12.2375,NaN,NaN
1535427900,11731.95,11760.2,11710.5,11738.5,12.2375,12.6,10.3775,12.425,NaN,NaN
1535514300,11744.95,11753.2,11678.85,11691.9,12.425,12.6725,10.725,12.435,NaN,NaN
1535600700,11694.75,11698.8,11639.7,11676.8,12.435,12.625,10.6225,12.4125,NaN,NaN
1535687100,11675.85,11727.65,11640.1,11680.5,12.4125,12.7975,11.6,12.5975,NaN,NaN
1535946300,11751.8,11751.8,11567.4,11582.35,12.5975,13.7175,11.17,13.3925,NaN,NaN
1536032700,11598.75,11602.55,11496.85,11520.3,13.3925,13.88,12.1975,13.7825,NaN,NaN
1536119100,11514.85,11542.65,11393.85,11476.95,13.7825,14.1525,11.9525,13.65,NaN,NaN
1536205500,11514.15,11562.25,11436.05,11536.9,13.65,14.2,12.06,13.7225,NaN,NaN
1536291900,11558.25,11603,11484.4,11589.1,13.7225,14.1425,11.085,13.89,NaN,NaN
1536551100,11570.25,11573,11427.3,11438.1,13.89,15.315,12.61,15.2025,NaN,NaN
1536637500,11476.85,11479.4,11274,11287.5,15.2025,15.4475,13.4425,15.33,NaN,NaN
1536723900,11340.1,11380.75,11250.2,11369.9,15.33,15.33,12.98,14.25,NaN,NaN
1536896700,11443.5,11523.25,11430.55,11515.2,14.25,14.25,12.3225,13.8425,NaN,NaN
1537155900,11464.95,11464.95,11366.9,11377.75,13.8425,14.635,11.73,14.495,NaN,NaN
1537242300,11381.55,11411.45,11268.95,11278.9,14.495,14.62,11.8725,14.415,NaN,NaN
1537328700,11326.65,11332.05,11210.9,11234.35,14.415,14.4775,11.745,14.005,NaN,NaN
1537501500,11271.3,11346.8,10866.45,11143.1,14.005,16.92,10.9825,15.535,NaN,NaN
1537760700,11164.4,11170.15,10943.6,10967.4,15.535,17.855,13.8025,17.4275,NaN,NaN
1537847100,10969.95,11080.6,10882.85,11067.45,17.4275,18.309999,16.217501,16.682501,NaN,NaN
1537933500,11145.55,11145.55,10993.05,11053.8,16.682501,17.575001,15.1,17.0875,NaN,NaN
1538019900,11079.8,11089.45,10953.35,10977.55,17.0875,17.370001,15.6025,16.922501,NaN,NaN
1538106300,11008.1,11034.1,10850.3,10930.45,16.922501,17.692499,15.925,16.995001,NaN,NaN
1538365500,10930.9,11035.65,10821.55,11008.3,16.995001,18.862499,16.27,16.834999,NaN,NaN
1538538300,10982.7,10989.05,10843.75,10858.25,16.834999,18.647499,15.575,18.1175,NaN,NaN
1538624700,10754.7,10754.7,10547.25,10599.25,18.1175,19.684999,17.485001,18.915001,NaN,NaN
1538711100,10514.1,10540.65,10261.9,10316.45,18.915001,20.4825,18.452499,19.7325,NaN,NaN
1538970300,10310.15,10398.35,10198.4,10348.05,19.7325,21.764999,18.477501,20.147499,NaN,NaN
1539056700,10390.3,10397.6,10279.35,10301.05,20.147499,20.3575,17.469999,19.754999,NaN,NaN
1539143100,10331.85,10482.35,10318.25,10460.1,19.754999,19.754999,17.725,17.907499,NaN,NaN
1539229500,10169.8,10335.95,10138.6,10234.65,17.907499,20.844999,17.627501,20.547501,NaN,NaN
1539315900,10331.55,10492.45,10322.15,10472.5,20.547501,20.547501,16.672501,18.627501,NaN,NaN
1539575100,10524.2,10526.3,10410.15,10512.5,18.627501,19.8225,15.9825,18.885,NaN,NaN
1539661500,10550.15,10604.9,10525.3,10584.75,18.885,18.885,14.28,17.372499,NaN,NaN
1539747900,10688.7,10710.15,10436.45,10453.05,17.372499,18.202499,14.8425,17.98,NaN,NaN
1539920700,10339.7,10380.1,10249.6,10303.55,17.98,20.0525,17.4475,19.7875,NaN,NaN
1540179900,10405.85,10408.55,10224,10245.25,19.7875,21.672501,17.08,21.3575,NaN,NaN
1540266300,10152.6,10222.1,10102.35,10146.8,21.3575,22.3475,18.762501,19.0375,NaN,NaN
1540352700,10278.15,10290.65,10126.7,10224.75,19.0375,19.809999,17.7125,18.879999,NaN,NaN
1540439100,10135.05,10166.6,10079.3,10124.9,18.879999,20.33,18.497499,18.9625,NaN,NaN
1540525500,10122.35,10128.85,10004.55,10030,18.9625,21.040001,18.66,19.2325,NaN,NaN
1540784700,10078.1,10275.3,10020.35,10250.85,19.2325,20.8125,19.2325,19.825001,NaN,NaN
1540871100,10239.4,10285.1,10175.35,10198.4,19.825001,20.772499,19.549999,20.502501,NaN,NaN
1540957500,10209.55,10396,10105.1,10386.6,20.502501,22.815001,19.575001,19.797501,NaN,NaN
1541043900,10441.7,10441.9,10341.9,10380.45,19.797501,20.129999,18.897499,19.192499,NaN,NaN
1541130300,10462.3,10606.95,10457.7,10553,19.192499,19.192499,17.485001,18.23,NaN,NaN
1541389500,10558.75,10558.8,10477,10524,18.23,19.8225,17.735001,19.4825,NaN,NaN
1541475900,10552,10600.25,10491.45,10530,19.4825,19.4825,16.18,18.504999,NaN,NaN
1541562300,10614.45,10616.45,10582.3,10598.4,18.504999,18.504999,16.809999,17.877501,NaN,NaN
1541735100,10614.7,10619.55,10544.85,10585.2,17.877501,18.754999,16.754999,17.764999,NaN,NaN
1541994300,10607.8,10645.5,10464.05,10482.2,17.764999,19.4625,16.475,19.3675,NaN,NaN
1542080700,10451.9,10596.25,10440.55,10582.5,19.3675,19.684999,17.122499,18.695,NaN,NaN
1542167100,10634.9,10651.6,10532.7,10576.3,18.695,19.5075,14.77,18.825001,NaN,NaN
1542253500,10580.6,10646.5,10557.5,10616.7,18.825001,18.915001,15.4975,18.455,NaN,NaN
1542339900,10644,10695.15,10631.15,10682.2,18.455,18.8675,16.897499,18.35,NaN,NaN
1542599100,10731.25,10774.7,10688.8,10763.4,18.35,19.65,13.515,19.254999,NaN,NaN
1542685500,10740.1,10740.85,10640.85,10656.2,19.254999,19.647499,18.252501,19.254999,NaN,NaN
1542771900,10670.95,10671.3,10562.35,10600.05,19.327499,20.0975,15.54,19.555,NaN,NaN
1542858300,10612.65,10646.25,10512,10526.75,19.555,20.002501,17.0875,19.16,NaN,NaN
1543203900,10568.3,10637.8,10489.75,10628.6,19.16,20.5275,15.0175,20.4025,NaN,NaN
1543290300,10621.45,10695.15,10596.35,10685.6,20.4025,20.4025,16.605,18.315001,NaN,NaN
1543376700,10708.75,10757.8,10699.85,10728.85,18.315001,19.355,16.672501,17.959999,NaN,NaN
1543463100,10808.7,10883.05,10782.35,10858.7,17.959999,18.85,14.93,18.6975,NaN,NaN
1543549500,10892.1,10922.45,10835.1,10876.75,18.6975,19.915001,16.809999,19.1625,NaN,NaN
1543808700,10930.7,10941.2,10845.35,10883.75,19.1625,19.605,16.309999,18.2225,NaN,NaN
1543895100,10877.1,10890.95,10833.35,10869.5,18.2225,19.620001,16.905001,18.1075,NaN,NaN
1543981500,10820.45,10821.05,10747.95,10782.9,18.1075,18.827499,16.620001,18.389999,NaN,NaN
1544067900,10718.15,10722.65,10588.25,10601.15,18.389999,19.549999,15.91,19.305,NaN,NaN
1544154300,10644.8,10704.55,10599.35,10693.7,19.305,19.627501,15.9825,18.59,NaN,NaN
1544413500,10508.7,10558.85,10474.95,10488.45,18.59,20.645,16.889999,20.4375,NaN,NaN
1544499900,10350.05,10567.15,10333.85,10549.15,20.4375,20.4375,17.202499,17.945,NaN,NaN
1544586300,10591,10752.2,10560.8,10737.6,17.945,17.945,15.4175,15.81,NaN,NaN
1544672700,10810.75,10838.6,10749.5,10791.55,15.81,15.905,11.9125,15.55,NaN,NaN
1544759100,10784.5,10815.75,10752.1,10805.45,15.55,15.5975,12.6725,15.1575,NaN,NaN
1545018300,10853.2,10900.35,10844.85,10888.35,15.1575,15.9125,13.8675,14.54,NaN,NaN
1545104700,10850.9,10915.4,10819.1,10908.7,14.54,15.3125,11.9825,14.5775,NaN,NaN
1545191100,10930.55,10985.15,10928,10967.3,14.5775,14.865,11.87,14.66,NaN,NaN
1545277500,10885.2,10962.55,10880.05,10951.7,14.66,14.9175,13.72,14.3325,NaN,NaN
1545363900,10944.25,10963.65,10738.65,10754,14.3325,16.23,12.94,15.9925,NaN,NaN
1545623100,10780.9,10782.3,10649.25,10663.5,15.9925,17.1325,14.8975,15.75,NaN,NaN
1545795900,10635.45,10747.5,10534.55,10729.85,15.75,17.477501,14.8075,15.92,NaN,NaN
1545882300,10817.9,10834.2,10764.45,10779.8,15.92,16.375,12.5625,16.0725,NaN,NaN
1545968700,10820.95,10893.6,10817.15,10859.9,16.0725,16.0725,15.015,15.27,NaN,NaN
1546227900,10913.2,10923.55,10853.2,10862.55,15.27,16.1525,14.65,16,NaN,NaN
1546314300,10881.7,10923.6,10807.1,10910.1,16,16.4,15.15,15.325,NaN,NaN
1546400700,10868.85,10895.35,10735.05,10792.5,15.325,16.9475,14.8375,16.387501,NaN,NaN
1546487100,10796.8,10814.05,10661.25,10672.25,16.387501,17.147499,15.435,16.790001,NaN,NaN
1546573500,10699.7,10741.05,10628.65,10727.35,16.790001,16.9725,15.485,16.1625,NaN,NaN
1546832700,10804.85,10835.95,10750.15,10771.8,16.1625,16.455,15.3025,16.3025,NaN,NaN
1546919100,10786.25,10818.45,10733.25,10802.15,16.3025,16.5725,14.735,15.7,NaN,NaN
1547005500,10862.4,10870.4,10749.4,10855.15,15.7,16.3225,13.895,15.27,NaN,NaN
1547091900,10859.35,10859.35,10801.8,10821.6,15.27,15.6075,14.1475,15.345,NaN,NaN
1547178300,10834.75,10850.15,10739.4,10794.95,15.345,15.83,14.3625,15.3525,NaN,NaN
1547437500,10807,10808,10692.35,10737.6,15.3525,16.5525,15.3525,16.157499,NaN,NaN
1547523900,10777.55,10896.95,10777.55,10886.8,16.157499,16.157499,12.9925,15.5825,NaN,NaN
1547610300,10899.65,10928.15,10876.9,10890.3,15.5825,16.307501,12.8,16.077499,NaN,NaN
1547696700,10920.85,10930.65,10844.65,10905.2,16.077499,16.4275,12.9925,16.2425,NaN,NaN
1547783100,10914.85,10928.2,10852.2,10906.95,16.2425,16.905001,12.3075,16.6175,NaN,NaN
1548042300,10919.35,10987.45,10885.75,10961.85,16.6175,18.34,14.36,18.147499,NaN,NaN
1548128700,10949.8,10949.8,10864.15,10922.75,18.147499,18.4725,15.51,17.985001,NaN,NaN
1548215100,10931.05,10944.8,10811.95,10831.5,17.985001,18.2875,12.015,18.084999,NaN,NaN
1548301500,10844.05,10866.6,10798.65,10849.8,18.084999,18.377501,14.5425,17.434999,NaN,NaN
1548387900,10859.75,10931.7,10756.45,10780.55,17.434999,18.139999,14.365,17.690001,NaN,NaN
1548647100,10792.45,10804.45,10630.95,10661.55,17.690001,19.280001,14.5875,18.897499,NaN,NaN
1548733500,10653.7,10690.35,10583.65,10652.2,18.897499,19.795,18.040001,18.4275,NaN,NaN
1548819900,10702.25,10710.2,10612.85,10651.8,18.4275,18.4275,15.9775,17.85,NaN,NaN
1548906300,10690.55,10838.05,10678.55,10830.95,17.85,17.85,16.445,17.122499,NaN,NaN
1548992700,10851.35,10983.45,10813.45,10893.65,17.122499,17.184999,15.545,15.72,NaN,NaN
1549251900,10876.75,10927.9,10814.15,10912.25,15.72,16.452499,14.9675,15.7225,NaN,NaN
1549338300,10908.65,10956.7,10886.7,10934.35,15.7225,15.9775,14.605,15.78,NaN,NaN
1549424700,10965.1,11072.6,10962.7,11062.45,15.78,15.9725,12.8325,15.63,NaN,NaN
1549511100,11070.45,11118.1,11043.6,11069.4,15.63,16.2225,13.5975,15.435,NaN,NaN
1549597500,11023.5,11041.2,10925.45,10943.6,15.435,15.815,12.9675,15.5675,NaN,NaN
1549856700,10930.9,10930.9,10857.1,10888.8,15.5675,16.355,13.46,15.84,NaN,NaN
1549943100,10879.7,10910.9,10823.8,10831.4,15.84,15.975,13.23,15.75,NaN,NaN
1550029500,10870.55,10891.65,10772.1,10793.65,15.75,15.9025,11.81,15.73,NaN,NaN
1550115900,10786.1,10792.7,10718.75,10746.05,15.73,16.577499,12.09,15.7725,NaN,NaN
1550202300,10780.25,10785.75,10620.4,10724.4,15.7725,17.535,12.4475,16.459999,NaN,NaN
1550461500,10738.65,10759.9,10628.4,10640.95,16.459999,18.192499,11.85,18,NaN,NaN
1550547900,10636.7,10722.85,10585.65,10604.35,18,18.605,15.2575,18.467501,NaN,NaN
1550634300,10655.45,10752.7,10646.4,10735.45,18.467501,18.467501,15.2375,17.055,NaN,NaN
1550720700,10744.1,10808.85,10721.5,10789.85,17.055,17.172501,12.1275,16.0525,NaN,NaN
1550807100,10782.7,10801.55,10758.4,10791.65,16.0525,16.0525,12.315,15.45,NaN,NaN
1551066300,10813.25,10887.1,10788.05,10880.1,15.45,16.035,11.7,15.3575,NaN,NaN
1551152700,10775.3,10888.75,10729.3,10835.3,15.3575,18.0975,13.12,17.115,NaN,NaN
1551239100,10881.2,10939.7,10751.2,10806.65,17.115,19.977501,14.13,18.897499,NaN,NaN
1551325500,10865.7,10865.7,10784.85,10792.5,18.897499,18.897499,17.065001,18.2775,NaN,NaN
1551411900,10842.65,10877.9,10823.1,10863.5,18.2775,18.2775,15.895,16.275,NaN,NaN
1551757500,10864.85,10994.9,10817,10987.45,16.275,16.860001,15.45,15.6575,NaN,NaN
1551843900,11024.85,11062.3,10998.85,11053,15.6575,15.735,14.2875,15.61,NaN,NaN
1551930300,11077.95,11089.05,11027.1,11058.2,15.61,15.6875,14.3125,15.2925,NaN,NaN
1552016700,11038.85,11049,11008.95,11035.4,15.2925,15.4125,12.92,14.94,NaN,NaN
1552275900,11068.75,11180.9,11059.85,11168.05,14.94,15.38,13.67,14.895,NaN,NaN
1552362300,11231.35,11320.4,11227,11301.2,14.895,15.1975,13.84,15.0975,NaN,NaN
1552448700,11326.2,11352.3,11276.6,11341.7,15.0975,15.595,12.3,15.2775,NaN,NaN
1552535100,11382.5,11383.45,11313.75,11343.25,15.2775,15.5225,13.7625,15.15,NaN,NaN
1552621500,11376.85,11487,11370.8,11426.85,15.15,16.3925,11.845,15.865,NaN,NaN
1552880700,11473.85,11530.15,11412.5,11462.2,15.865,17.1875,14.2675,16.9,NaN,NaN
1552967100,11500.3,11543.85,11451.25,11532.4,16.9,17.1775,14.55,16.4925,NaN,NaN
1553053500,11553.35,11556.1,11503.1,11521.05,16.4925,16.4925,14.485,16.032499,NaN,NaN
1553226300,11549.2,11572.8,11434.55,11456.9,16.032499,16.805,12.675,16.275,NaN,NaN
1553485500,11395.65,11395.65,11311.6,11354.25,16.275,17.0275,14.2575,16.672501,NaN,NaN
1553571900,11375.2,11496.75,11352.45,11483.25,16.672501,16.672501,15.5175,16.485001,NaN,NaN
1553658300,11531.45,11546.2,11413,11445.05,16.485001,17.422501,14.545,17.047501,NaN,NaN
1553744700,11463.65,11588.5,11452.45,11570,17.047501,17.3325,15.75,16.6525,NaN,NaN
1553831100,11625.45,11630.35,11570.15,11623.9,16.6525,17.43,16.237499,17.184999,NaN,NaN
1554090300,11665.2,11738.1,11644.75,11669.15,17.184999,18.219999,17.184999,18.004999,NaN,NaN
1554176700,11711.55,11729.35,11655.85,11713.2,18.004999,18.5525,17.440001,18.0825,NaN,NaN
1554263100,11735.3,11761,11629.15,11643.95,18.0825,18.8825,17.290001,18.782499,NaN,NaN
1554349500,11660.2,11662.55,11559.2,11598,18.782499,19.325001,18.25,18.65,NaN,NaN
1554435900,11638.4,11689.65,11609.5,11665.95,18.65,19.075001,16.762501,18.3925,NaN,NaN
1554695100,11704.35,11710.3,11549.1,11604.5,18.3925,20.4575,18.3925,20.1525,NaN,NaN
1554781500,11612.05,11683.9,11569.7,11671.95,20.1525,20.6625,16.549999,20.280001,NaN,NaN
1554867900,11646.85,11680.05,11571.75,11584.3,20.280001,21.280001,18.700001,21.129999,NaN,NaN
1554954300,11592.55,11606.7,11550.55,11596.7,21.129999,21.34,19.4125,20.9575,NaN,NaN
1555040700,11612.85,11657.35,11578.8,11643.45,20.9575,21.3025,18.674999,20.997499,NaN,NaN
1555299900,11667,11704.6,11648.25,11690.35,20.997499,22.24,18.76,21.387501,NaN,NaN
1555386300,11736.2,11810.95,11731.55,11787.15,21.387501,21.885,19.672501,21.692499,NaN,NaN
1555559100,11856.15,11856.15,11738.5,11752.8,21.692499,23.045,18.5,22.735001,NaN,NaN
1555904700,11727.05,11727.05,11583.95,11594.45,22.735001,24.5625,20.407499,24.049999,NaN,NaN
1555991100,11612.95,11645.95,11564.8,11575.95,24.049999,26.317499,22.7775,24.645,NaN,NaN
1556077500,11601.5,11740.85,11578.85,11726.15,24.645,25.125,23.445,23.7125,NaN,NaN
1556163900,11735.7,11796.75,11624.3,11641.8,23.7125,25.535,22.727501,23.2325,NaN,NaN
1556250300,11683.75,11762.9,11661.75,11754.65,23.2325,23.9625,21.432501,21.717501,NaN,NaN
1556595900,11748.75,11756.25,11655.9,11748.15,21.717501,22.775,20.76,21.827499,NaN,NaN
1556768700,11725.55,11789.3,11699.55,11724.75,21.827499,23.264999,21.7675,22.9825,NaN,NaN
1556855100,11722.6,11770.9,11699.35,11712.25,22.9825,24.1525,21.0975,24.032499,NaN,NaN
1557114300,11605.8,11632.55,11571.35,11598.25,24.032499,27.834999,19.74,26.432501,NaN,NaN
1557200700,11651.5,11657.05,11484.45,11497.9,26.432501,26.809999,23.092501,26.477501,NaN,NaN
1557287100,11478.7,11479.1,11346.95,11359.45,26.477501,27.025,23.245001,26.365,NaN,NaN
1557373500,11322.4,11357.6,11255.05,11301.8,26.365,26.495001,23.485001,25.485001,NaN,NaN
1557459900,11314.15,11345.8,11251.05,11278.9,25.485001,26.525,24.535,26.334999,NaN,NaN
1557719100,11258.7,11300.2,11125.6,11148.2,26.334999,28.0625,23.7125,27.3825,NaN,NaN
1557805500,11151.65,11294.75,11108.3,11222.05,27.3825,27.76,22.389999,27.1325,NaN,NaN
1557891900,11271.7,11286.8,11136.95,11157,27.1325,29.0825,23.18,28.657499,NaN,NaN
1557978300,11180.35,11281.55,11143.35,11257.1,28.657499,29.327499,23.782499,28.370001,NaN,NaN
1558064700,11261.9,11426.15,11259.85,11407.15,28.370001,29.2325,25.497499,28.075001,NaN,NaN
1558323900,11651.9,11845.2,11591.7,11828.25,28.075001,28.075001,19.76,23.674999,NaN,NaN
1558410300,11863.65,11883.55,11682.8,11709.1,23.674999,28.102501,20.2425,25.6525,NaN,NaN
1558496700,11727.95,11784.8,11682.4,11737.9,25.6525,30.182501,19.040001,27.6325,NaN,NaN
1558583100,11901.3,12041.15,11614.5,11657.05,27.6325,27.6325,18.9575,19.405001,NaN,NaN
1558669500,11748,11859,11658.1,11844.1,19.405001,19.405001,14.4925,16.467501,NaN,NaN
1558928700,11855.5,11957.15,11812.4,11924.75,16.467501,17.334999,13.48,16.190001,NaN,NaN
1559015100,11958.35,11958.55,11864.9,11928.75,16.190001,16.540001,15.38,15.9225,NaN,NaN
1559101500,11905.8,11931.9,11836.8,11861.1,15.9225,16.5075,14.4775,16.407499,NaN,NaN
1559187900,11865.3,11968.55,11859.4,11945.9,16.407499,16.407499,14.8525,15.61,NaN,NaN
1559274300,11999.8,12039.25,11829.45,11922.8,15.61,16.7875,14.19,16.067499,NaN,NaN
1559533500,11953.75,12103.05,11920.1,12088.55,16.067499,16.2325,14.075,15.9675,NaN,NaN
1559619900,12052.65,12095.2,12005.85,12021.65,15.9675,15.9675,14.6675,15.6275,NaN,NaN
1559792700,12039.8,12039.8,11830.25,11843.75,15.6275,15.925,13.975,15.525,NaN,NaN
1559879100,11865.2,11897.5,11769.5,11870.65,15.525,15.73,13.6275,14.8575,NaN,NaN
1560138300,11934.9,11975.05,11871.75,11922.7,14.8575,15.4525,13.4475,14.8575,NaN,NaN
1560224700,11959.85,12000.35,11904.35,11965.6,14.975,14.975,13.48,14.49,NaN,NaN
1560311100,11962.45,11962.45,11866.35,11906.2,14.49,14.71,13.31,14.1225,NaN,NaN
1560397500,11873.9,11931.35,11817.05,11914.05,14.1225,14.2925,13.2775,13.66,NaN,NaN
1560483900,11910.1,11911.85,11797.7,11823.3,13.66,14.1175,12.6425,13.895,NaN,NaN
1560743100,11844,11844.05,11657.75,11672.15,13.895,14.96,13.52,14.65,NaN,NaN
1560829500,11677.05,11727.2,11641.15,11691.5,14.65,14.97,11.7375,14.6,NaN,NaN
1560915900,11744.45,11802.5,11625.1,11691.45,14.6,15.3,10.79,14.73,NaN,NaN
1561002300,11653.65,11843.5,11635.05,11831.75,14.73,15.1875,12.835,14,NaN,NaN
1561088700,11827.6,11827.95,11705.1,11724.1,14,14.8325,10.6025,14.61,NaN,NaN
1561347900,11725.8,11754,11670.2,11699.65,14.61,15.665,11.855,15.2225,NaN,NaN
1561434300,11681,11814.4,11651,11796.45,15.2225,15.585,14.9275,15.01,NaN,NaN
1561520700,11768.15,11871.85,11757.55,11847.55,15.01,15.195,14.39,14.75,NaN,NaN
1561607100,11860.85,11911.15,11821.05,11841.55,14.75,14.8875,13.6475,14.645,NaN,NaN
1561693500,11861.15,11871.7,11775.5,11788.85,14.645,15.0725,13.995,14.9525,NaN,NaN
1561952700,11839.9,11884.65,11830.8,11865.6,14.9525,15.02,14.4725,14.6025,NaN,NaN
1562039100,11890.3,11917.45,11814.7,11910.3,14.6025,14.8325,14.025,14.25,NaN,NaN
1562125500,11932.15,11945.2,11887.05,11916.75,14.25,14.32,13.52,13.695,NaN,NaN
1562211900,11928.8,11969.25,11923.65,11946.75,13.695,13.695,13.0125,13.53,NaN,NaN
1562298300,11964.75,11981.75,11797.9,11811.15,13.53,13.965,12.665,13.065,NaN,NaN
1562557500,11770.4,11771.9,11523.3,11558.6,13.065,14.0425,12.1075,13.8525,NaN,NaN
1562643900,11531.6,11582.55,11461,11555.9,13.8525,14.22,13.3525,13.6875,NaN,NaN
1562730300,11536.15,11593.7,11475.65,11498.9,13.6875,13.9625,12.395,13.635,NaN,NaN
1562816700,11561.45,11599,11519.5,11582.9,13.635,13.635,12.1775,12.47,NaN,NaN
1562903100,11601.15,11639.55,11538.6,11552.5,12.47,12.55,11.55,11.9975,NaN,NaN
1563162300,11614.75,11618.4,11532.3,11588.35,11.9975,12.5175,10.6425,12.02,NaN,NaN
1563248700,11596.65,11670.05,11573.95,11662.6,12.02,12.02,11.0625,11.56,NaN,NaN
1563335100,11670.75,11706.65,11651.15,11687.5,11.56,11.91,9.1625004,11.8,NaN,NaN
1563421500,11675.6,11677.15,11582.4,11596.9,11.8,11.9825,9.2224998,11.75,NaN,NaN
1563507900,11627.95,11640.35,11399.3,11419.25,11.75,12.675,10.5925,12.515,NaN,NaN
1563767100,11392.85,11398.15,11301.25,11346.2,12.515,13.4025,11.5625,13.01,NaN,NaN
1563853500,11372.25,11398.15,11302.8,11331.05,13.01,13.78,11.59,13.4275,NaN,NaN
1563939900,11322.45,11359.75,11229.8,11271.3,13.4275,14.4825,11.85,12.76,NaN,NaN
1564026300,11290.4,11361.4,11239.35,11252.15,12.76,13.55,11.9975,12.635,NaN,NaN
1564112700,11247.45,11307.6,11210.05,11284.3,12.635,13.31,11.9225,12.1325,NaN,NaN
1564371900,11307.5,11310.95,11152.4,11189.2,12.1325,13.5325,12.0375,13.0625,NaN,NaN
1564458300,11213.7,11267.45,11072.65,11085.4,13.0625,13.8675,12.5,13.6125,NaN,NaN
1564544700,11034.05,11145.3,10999.4,11118,13.6125,14.545,13.415,13.59,NaN,NaN
1564631100,11060.2,11076.75,10881,10980,13.59,15.28,13.2725,14.5575,NaN,NaN
1564717500,10930.3,11080.15,10848.95,10997.35,14.5575,16.157499,14.435,15.1875,NaN,NaN
1564976700,10895.8,10895.8,10782.6,10862.6,15.1875,17.82,15.1875,16.584999,NaN,NaN
1565063100,10815.4,11018.55,10813.8,10948.25,16.584999,16.785,15.5925,16.120001,NaN,NaN
1565149500,10958.1,10975.65,10835.9,10855.5,16.120001,16.9125,15.7375,16.74,NaN,NaN
1565235900,10899.2,11058.05,10842.95,11032.45,16.74,16.74,15.515,16.092501,NaN,NaN
1565322300,11087.9,11181.45,11062.8,11109.65,16.092501,16.1625,15.0275,15.845,NaN,NaN
1565667900,11139.4,11145.9,10901.6,10925.85,15.845,18.004999,15.1175,17.7775,NaN,NaN
1565754300,11003.25,11078.15,10935.6,11029.4,17.7775,17.7775,16.110001,16.3575,NaN,NaN
1565927100,11043.65,11068.65,10924.3,11047.8,16.3575,17.4275,15.9925,16.647499,NaN,NaN
1566186300,11094.8,11146.9,11037.85,11053.9,16.647499,17.025,14.71,16.747499,NaN,NaN
1566272700,11063.9,11076.3,10985.3,11017,16.747499,17.094999,15.105,16.6325,NaN,NaN
1566359100,11018.15,11034.2,10906.65,10918.7,16.6325,17.327499,14,17.022499,NaN,NaN
1566445500,10905.3,10908.25,10718.3,10741.35,17.022499,18.122499,14.4925,17.852501,NaN,NaN
1566531900,10699.6,10862.55,10637.15,10829.35,17.852501,18.262501,13.7025,17.3475,NaN,NaN
1566791100,11000.3,11070.3,10756.55,11057.85,17.3475,19.145,13.7,16.655001,NaN,NaN
1566877500,11106.55,11141.75,11049.5,11105.35,16.655001,16.8325,14.42,16.01,NaN,NaN
1566963900,11101.3,11129.65,10987.65,11046.1,16.01,17.375,14.12,16.834999,NaN,NaN
1567050300,10996.05,11021.1,10922.4,10948.3,16.834999,17.445,13.8725,16.424999,NaN,NaN
1567136700,10987.8,11042.6,10874.8,11023.25,16.424999,17.375,15.19,16.282499,NaN,NaN
1567482300,10960.95,10967.5,10772.7,10797.9,16.282499,18.27,16.282499,18.055,NaN,NaN
1567568700,10790.4,10858.75,10746.35,10844.65,18.055,18.309999,17.127501,17.235001,NaN,NaN
1567655100,10860.95,10920.1,10816,10847.9,17.235001,17.702499,16.057501,17.272499,NaN,NaN
1567741500,10883.8,10957.05,10867.45,10946.2,17.272499,17.272499,15.885,16.275,NaN,NaN
1568000700,10936.7,11028.85,10889.8,11003.05,16.275,16.6425,13.665,15.8525,NaN,NaN
1568173500,11028.5,11054.8,11011.65,11035.7,15.8525,15.8525,14.6475,15.3725,NaN,NaN
1568259900,11058.3,11081.75,10964.95,10982.8,15.3725,15.3725,14.6075,14.9,NaN,NaN
1568346300,10986.8,11084.45,10945.75,11075.9,14.9,15.195,13.8875,14.12,NaN,NaN
1568605500,10994.85,11052.7,10968.2,11003.5,14.12,15.3075,14.1175,14.9525,NaN,NaN
1568691900,11000.1,11000.1,10796.5,10817.6,14.9525,16.307501,13.2775,16.0175,NaN,NaN
1568778300,10872.8,10885.15,10804.85,10840.65,16.0175,16.1875,13.905,15.3525,NaN,NaN
1568864700,10845.2,10845.2,10670.25,10704.8,15.3525,15.965,14.1775,15.55,NaN,NaN
1568951100,10746.8,11381.9,10691,11274.2,15.55,17.045,13.8275,15.4,NaN,NaN
1569210300,11542.7,11694.85,11471.35,11600.2,15.4,17.639999,14.21,16.7925,NaN,NaN
1569296700,11590.7,11655.05,11539.2,11588.2,16.7925,18.532499,15.8975,16.7325,NaN,NaN
1569383100,11564.85,11564.95,11416.1,11440.2,16.7325,17.415001,14.1025,16.17,NaN,NaN
1569469500,11469.85,11610.85,11466.35,11571.2,16.17,17.01,13.64,16.342501,NaN,NaN
1569555900,11556.35,11593.6,11499.75,11512.4,16.342501,16.817499,15.9275,16.115,NaN,NaN
1569815100,11491.15,11508.25,11390.8,11474.45,16.115,16.51,15.8,15.8725,NaN,NaN
1569901500,11515.4,11554.2,11247.9,11359.9,15.8725,18.217501,14.9475,16.7575,NaN,NaN
1570074300,11322.25,11370.4,11257.35,11314,16.7575,18.045,16.4175,17.702499,NaN,NaN
1570160700,11388.45,11400.3,11158.35,11174.75,17.702499,17.945,16.3475,17.58,NaN,NaN
1570419900,11196.2,11233.85,11112.65,11126.4,17.58,18.4275,16.9925,17.83,NaN,NaN
1570592700,11152.95,11321.6,11090.15,11313.3,17.83,18.327499,16.334999,17.155001,NaN,NaN
1570679100,11280.5,11293.35,11208.55,11234.55,17.155001,17.540001,15.7275,17.227501,NaN,NaN
1570765500,11257.7,11362.9,11189.4,11305.05,17.227501,18.280001,15.7775,17.139999,NaN,NaN
1571024700,11335.9,11420.45,11290.05,11341.15,17.139999,17.9625,17.0625,17.43,NaN,NaN
1571111100,11360.85,11462.35,11342.1,11428.3,17.43,17.43,16.692499,16.85,NaN,NaN
1571197500,11464.95,11481.05,11411.1,11464,16.85,16.952499,15.495,16.360001,NaN,NaN
1571283900,11466.3,11599.1,11439.65,11586.35,16.360001,16.360001,15.5175,15.8775,NaN,NaN
1571370300,11580.3,11684.7,11553.15,11661.85,15.8775,16.1525,14.99,15.9275,NaN,NaN
1571715900,11657.15,11714.35,11573.65,11588.35,15.9275,17.122499,13.5725,16.809999,NaN,NaN
1571802300,11596.2,11651.6,11554.4,11604.1,16.809999,16.85,14.83,16.535,NaN,NaN
1571888700,11661.65,11679.6,11534.65,11582.6,16.535,16.780001,14.7125,16.24,NaN,NaN
1571975100,11646.15,11646.9,11490.75,11583.9,16.24,16.24,15.195,15.315,NaN,NaN
1572179400,11662.25,11672.4,11604.6,11627.15,16.24,16.24,13.9825,15.585,NaN,NaN
1572320700,11643.95,11809.4,11627.35,11786.85,15.585,16.547501,15.4975,16.42,NaN,NaN
1572407100,11883.9,11883.95,11784.45,11844.1,16.42,16.844999,16.252501,16.657499,NaN,NaN
1572493500,11890.45,11945,11855.1,11877.45,16.657499,16.795,15.5025,16.280001,NaN,NaN
1572579900,11886.6,11918.3,11843.35,11890.6,16.280001,16.4725,15.1675,15.7325,NaN,NaN
1572839100,11928.9,11989.15,11905.35,11941.3,15.7325,16.365,13.495,15.925,NaN,NaN
1572925500,11974.6,11978.95,11861.9,11917.2,15.925,16.34,13.5075,15.9175,NaN,NaN
1573011900,11911.5,12002.9,11850.25,11966.05,15.9175,16.1525,13.3825,15.775,NaN,NaN
1573098300,12021.1,12021.4,11946.85,12012.05,15.775,15.9225,13.525,15.2075,NaN,NaN
1573184700,11987.15,12034.15,11888.75,11908.15,15.2075,15.99,13.71,15.855,NaN,NaN
1573443900,11879.2,11932.65,11853.95,11913.45,15.855,16.764999,15.195,16.25,NaN,NaN
1573616700,11908.3,11946.8,11823.2,11840.45,16.25,16.67,14.4725,16.4625,NaN,NaN
1573703100,11858.75,11895.65,11802.65,11872.1,16.4625,16.4625,14.0925,15.65,NaN,NaN
1573789500,11904.2,11973.65,11879.25,11895.45,15.65,15.65,12.5225,15.03,NaN,NaN
1574048700,11915.15,11946.2,11867.6,11884.5,15.03,16.065001,12.665,15.755,NaN,NaN
1574135100,11919.45,11958.85,11881.75,11940.1,15.755,15.755,12.61,15.4125,NaN,NaN
1574221500,12004.75,12038.6,11966.05,11999.1,15.4125,15.4125,11.6075,15.16,NaN,NaN
1574307900,12025.65,12028.2,11956.9,11968.4,15.16,15.595,12.61,14.975,NaN,NaN
1574394300,11967.3,11968.1,11883.5,11914.4,14.975,15.8775,12.2375,14.8725,NaN,NaN
1574653500,11922.45,12084.5,11919.75,12073.75,14.8725,15.2125,13,15.0025,NaN,NaN
1574739900,12110.2,12132.45,12006.35,12037.7,15.0025,15.1275,13.1075,14.8375,NaN,NaN
1574826300,12068.5,12114.9,12055.15,12100.7,14.8375,14.8375,12.3575,14.6175,NaN,NaN
1574912700,12132.1,12158.8,12099.95,12151.15,14.6175,14.6175,12.8875,13.9875,NaN,NaN
1574999100,12146.2,12147.4,12017.4,12056.05,13.9875,14.2925,13.14,13.8975,NaN,NaN
1575258300,12137.05,12137.15,12023.7,12048.2,13.8975,15.845,13.4975,14.2025,NaN,NaN
1575344700,12067.65,12068.6,11956.4,11994.2,14.2025,16.342501,12.07,14.5625,NaN,NaN
1575431100,11969.95,12054.7,11935.3,12043.2,14.5625,15.8725,12.2625,13.3225,NaN,NaN
1575517500,12071.25,12081.2,11998.75,12018.4,13.3225,15.12,12.8275,14.305,NaN,NaN
1575603900,12047.35,12057.05,11888.85,11921.5,14.305,14.7225,11.4075,13.64,NaN,NaN
1575863100,11939.1,11981.95,11888.05,11937.5,13.64,15.3625,12.465,14.5975,NaN,NaN
1575949500,11950.5,11953.2,11844.7,11856.8,14.5975,15.6625,11.735,14.29,NaN,NaN
1576035900,11867.35,11923.2,11832.3,11910.15,14.29,14.4475,11.71,13.3775,NaN,NaN
1576122300,11944.3,12005.5,11934,11971.8,13.3775,13.765,11.825,13.3475,NaN,NaN
1576208700,12026.4,12098.85,12023.6,12086.7,13.3475,14.67,12.185,13.3,NaN,NaN
1576467900,12131.35,12134.65,12046.3,12053.95,13.3,14.11,12.5,13.415,NaN,NaN
1576554300,12082.45,12182.75,12070.35,12165,13.415,13.425,11.955,12.5175,NaN,NaN
1576640700,12197,12237.7,12163.45,12221.65,12.5175,12.715,11.39,12.3375,NaN,NaN
1576727100,12223.4,12268.35,12191.15,12259.7,12.3375,12.415,11.325,12.1225,NaN,NaN
1576813500,12266.45,12293.9,12252.75,12271.8,12.1225,12.7325,11.9025,12.325,NaN,NaN
1577072700,12235.45,12287.15,12213.25,12262.75,12.325,14.505,10.695,11.9575,NaN,NaN
1577159100,12269.25,12283.7,12202.1,12214.55,11.9575,13.31,10.8875,11.625,NaN,NaN
1577331900,12211.85,12221.55,12118.85,12126.55,11.625,12.3475,10.8425,11.1225,NaN,NaN
1577418300,12172.9,12258.45,12157.9,12245.8,11.1225,11.4675,10.425,10.525,NaN,NaN
1577677500,12274.9,12286.45,12213.8,12255.85,10.525,11.4525,9.6175003,11.0075,NaN,NaN
1577763900,12247.1,12247.1,12151.8,12168.45,11.0075,11.7925,10.44,11.6675,NaN,NaN
1577850300,12202.15,12222.2,12165.3,12182.5,11.6675,11.73,11.085,11.5975,NaN,NaN
1577936700,12198.55,12289.9,12195.25,12282.2,11.5975,11.7,10.73,11.49,NaN,NaN
1578023100,12261.1,12265.6,12191.35,12226.65,11.49,12.94,10.685,12.695,NaN,NaN
1578282300,12170.6,12179.1,11974.2,11993.05,12.695,15.095,12.695,14.7775,NaN,NaN
1578368700,12079.1,12152.15,12005.35,12052.95,14.7775,14.9125,14.4625,14.61,NaN,NaN
1578455100,11939.1,12044.95,11929.6,12025.35,14.61,16.387501,13.7925,15.64,NaN,NaN
1578541500,12153.15,12224.05,12132.55,12215.9,15.64,15.64,12.995,13.9975,NaN,NaN
1578627900,12271,12311.2,12213.2,12256.8,13.9975,14.245,13.1775,14.0775,NaN,NaN
1578887100,12296.7,12337.75,12285.8,12329.55,14.0775,14.495,13.5775,14.275,NaN,NaN
1578973500,12333.1,12374.25,12308.7,12362.3,14.275,14.275,13.0625,13.9125,NaN,NaN
1579059900,12349.4,12355.15,12278.75,12343.3,13.9125,14.4575,13.585,14.12,NaN,NaN
1579146300,12347.1,12389.05,12315.8,12355.5,14.12,14.365,12.5975,14.1825,NaN,NaN
1579232700,12328.4,12385.45,12321.4,12352.35,14.1825,14.53,12.5025,14.1275,NaN,NaN
1579491900,12430.5,12430.5,12216.9,12224.55,14.1275,15.495,12.465,15.41,NaN,NaN
1579578300,12195.3,12230.05,12162.3,12169.85,15.41,16.040001,15.0725,15.8625,NaN,NaN
1579664700,12218.35,12225.05,12087.9,12106.9,15.8625,16.610001,15.3575,16.360001,NaN,NaN
1579751100,12123.75,12189,12094.1,12180.35,16.360001,16.7075,15.7775,15.855,NaN,NaN
1579837500,12174.55,12272.15,12149.65,12248.25,15.855,16.215,14.5925,15.56,NaN,NaN
1580096700,12197.1,12216.6,12107,12119,15.56,17.34,14.6825,17.174999,NaN,NaN
1580183100,12148.1,12163.55,12024.5,12055.8,17.174999,17.615,16.9575,17.297501,NaN,NaN
1580269500,12114.9,12169.6,12103.8,12129.5,17.297501,17.297501,15.6525,16.497499,NaN,NaN
1580355900,12147.75,12150.3,12010.6,12035.8,16.497499,17.139999,15.38,16.797501,NaN,NaN
1580442300,12100.4,12103.55,11945.85,11962.1,16.797501,17.59,14.9025,17.3675,NaN,NaN
1580528700,11939,12017.35,11633.3,11661.85,17.3675,17.93,16.032499,16.834999,NaN,NaN
1580701500,11627.45,11749.85,11614.5,11707.9,16.834999,17.030001,15.4825,15.7825,NaN,NaN
1580787900,11786.25,11986.15,11783.4,11979.65,15.7825,15.7825,14.31,14.38,NaN,NaN
1580874300,12005.85,12098.15,11953.35,12089.15,14.38,14.525,13.8175,14.1725,NaN,NaN
1580960700,12120,12160.6,12084.65,12137.95,14.1725,14.2425,12.645,13.78,NaN,NaN
1581047100,12151.15,12154.7,12073.95,12098.35,13.78,13.9925,12.975,13.7475,NaN,NaN
1581306300,12102.35,12103.55,11990.75,12031.5,13.7475,14.6,12.965,14.21,NaN,NaN
1581392700,12108.4,12172.3,12099,12107.9,14.21,14.21,11.375,13.88,NaN,NaN
1581479100,12151,12231.75,12144.3,12201.2,13.88,13.88,13.1475,13.6225,NaN,NaN
1581565500,12219.55,12225.65,12139.8,12174.65,13.6225,13.6725,11.8,13.37,NaN,NaN
1581651900,12190.15,12246.7,12091.2,12113.45,13.37,13.9875,11.9025,13.615,NaN,NaN
1581911100,12131.8,12159.6,12037,12045.8,13.615,14.6175,13.38,14.415,NaN,NaN
1581997500,12028.25,12030.75,11908.05,11992.5,14.415,14.82,11.375,14.51,NaN,NaN
1582083900,12090.6,12134.7,12042.1,12125.9,14.51,14.51,13.4825,14.0225,NaN,NaN
1582170300,12119,12152,12071.45,12080.85,14.0225,14.0275,10.165,13.7,NaN,NaN
1582515900,12012.55,12012.55,11813.4,11829.4,13.7,17.375,12.295,16.997499,NaN,NaN
1582602300,11877.5,11883.05,11779.9,11797.9,16.997499,17.317499,15.62,16.897499,NaN,NaN
1582688700,11738.55,11783.25,11639.6,11678.5,16.897499,18.865,16.502501,18.26,NaN,NaN
1582775100,11661.25,11663.85,11536.7,11633.3,18.26,19.155001,16.827499,17.764999,NaN,NaN
1582861500,11382,11384.8,11175.05,11201.75,17.764999,23.6975,17.4825,23.235001,NaN,NaN
1583120700,11387.35,11433,11036.25,11132.75,23.235001,26.342501,19.92,25.202499,NaN,NaN
1583207100,11217.55,11342.25,11152.55,11303.3,25.202499,26.49,21.5425,24.5425,NaN,NaN
1583293500,11351.35,11356.6,11082.15,11251,24.5425,26.2875,22.424999,24.225,NaN,NaN
1583379900,11306.05,11389.5,11244.6,11269,24.225,24.225,22.125,23.247499,NaN,NaN
1583466300,10942.65,11035.1,10827.4,10989.45,23.247499,27.549999,23.247499,25.6425,NaN,NaN
1583725500,10742.05,10751.55,10294.45,10451.45,25.6425,34.355,21.424999,30.799999,NaN,NaN
1583898300,10334.3,10545.1,10334,10458.4,30.799999,33.237499,29.65,31.555,NaN,NaN
1583984700,10039.95,10040.75,9508,9590.1504,31.555,42.327499,29.809999,41.162498,NaN,NaN
1584071100,9107.5996,10159.4,8555.1504,9955.2002,41.16249847,59.48249817,41.16249847,51.47249985,NaN,NaN
1584330300,9587.7998,9602.2002,9165.0996,9197.4004,51.4725,59.865002,51.4725,58.875,NaN,NaN
1584416700,9285.4004,9403.7998,8915.5996,8967.0498,58.875,63.439999,57.25,62.924999,NaN,NaN
1584503100,9088.4502,9127.5498,8407.0498,8468.7998,62.924999,64.577499,61.1525,63.955002,NaN,NaN
1584589500,8063.2998,8575.4502,7832.5498,8263.4502,63.955002,73.342499,63.095001,72.197502,NaN,NaN
1584675900,8284.4502,8883,8178.2002,8745.4502,72.197502,72.964996,65.379997,67.099998,NaN,NaN
1584935100,7945.7002,8159.25,7583.6001,7610.25,67.099998,73.3675,66.317497,71.985001,NaN,NaN
1585021500,7848.2998,8036.9502,7511.1001,7801.0498,71.985001,86.635002,71.985001,83.607498,NaN,NaN
1585107900,7735.1499,8376.75,7714.75,8317.8496,83.607498,84.597504,75.972504,77.625,NaN,NaN
1585194300,8451,8749.0498,8304.9004,8641.4502,77.625,79.404999,70.675003,71.532501,NaN,NaN
1585280700,8949.0996,9038.9004,8522.9004,8660.25,71.532501,73.029999,65.6325,70.385002,NaN,NaN
1585539900,8385.9502,8576,8244,8281.0996,70.385002,73.364998,70.279999,71.889999,NaN,NaN
1585626300,8529.3496,8678.2998,8358,8597.75,71.889999,71.889999,63.607498,64.407501,NaN,NaN
1585712700,8584.0996,8588.0996,8198.3496,8253.7998,64.407501,64.407501,59.779999,60.052502,NaN,NaN
1585885500,8356.5498,8356.5498,8055.7998,8083.7998,60.052502,60.59,54.900002,55.302502,NaN,NaN
1586231100,8446.2998,8819.4004,8360.9502,8792.2002,55.302502,55.302502,49.942501,51.799999,NaN,NaN
1586317500,8688.9004,9131.7002,8653.9004,8748.75,51.799999,53.732498,46.974998,52.2425,NaN,NaN
1586403900,8973.0498,9128.3496,8904.5498,9111.9004,52.2425,52.2425,46.9025,49.744999,NaN,NaN
1586749500,9103.9502,9112.0498,8912.4004,8993.8496,49.744999,52.4925,43.634998,51.4575,NaN,NaN
1586922300,9196.4004,9261.2002,8874.0996,8925.2998,51.4575,51.4575,44.647499,49.735001,NaN,NaN
1587008700,8851.25,9053.75,8821.9004,8992.7998,49.735001,49.735001,42.255001,46.095001,NaN,NaN
1587095100,9323.4502,9324,9091.3496,9266.75,46.095001,46.095001,40.305,42.592499,NaN,NaN
1587354300,9390.2002,9390.8496,9230.7998,9261.8496,42.592499,44.037498,40.294998,43.455002,NaN,NaN
1587440700,9016.9502,9044.4004,8909.4004,8981.4502,43.455002,45.962502,36.215,45.197498,NaN,NaN
1587527100,9026.75,9209.75,8946.25,9187.2998,45.197498,45.424999,40.465,42.822498,NaN,NaN
1587613500,9232.3496,9343.5996,9170.1504,9313.9004,42.822498,42.822498,36.997501,39.23,NaN,NaN
1587699900,9163.9004,9296.9004,9141.2998,9154.4004,39.23,39.947498,34.982498,39.1175,NaN,NaN
1587959100,9259.7002,9377.0996,9250.3496,9282.2998,39.1175,40.1675,35.212502,38.0425,NaN,NaN
1588045500,9389.7998,9404.4004,9260,9380.9004,38.0425,41.912498,35.067501,35.355,NaN,NaN
1588131900,9408.5996,9599.8496,9392.3496,9553.3496,35.355,35.355,31.4825,33.837502,NaN,NaN
1588218300,9753.5,9889.0498,9731.5,9859.9004,33.837502,34.252499,32.535,33.987499,NaN,NaN
1588563900,9533.5,9533.5,9266.9502,9293.5,33.987499,43.919998,33.987499,43.669998,NaN,NaN
1588650300,9429.4004,9450.9004,9190.75,9205.5996,43.669998,43.865002,38.147499,43.607498,NaN,NaN
1588736700,9226.7998,9346.9004,9116.5,9270.9004,43.607498,43.630001,40.197498,41.247501,NaN,NaN
1588823100,9234.0498,9277.8496,9175.9004,9199.0498,41.247501,41.715,39.657501,39.93,NaN,NaN
1588909500,9376.9502,9382.6504,9238.2002,9251.5,39.93,39.93,36.547501,38.407501,NaN,NaN
1589168700,9348.1504,9439.9004,9219.9502,9239.2002,38.407501,38.494999,36.947498,38.037498,NaN,NaN
1589255100,9168.8496,9240.8496,9043.9502,9196.5498,38.037498,38.8125,35.244999,38.205002,NaN,NaN
1589341500,9584.2002,9584.5,9351.0996,9383.5498,38.205002,39.047501,33.439999,38.834999,NaN,NaN
1589427900,9213.9502,9281.0996,9119.75,9142.75,38.834999,38.834999,35.794998,38.182499,NaN,NaN
1589514300,9182.4004,9182.4004,9050,9136.8496,38.182499,38.459999,34.055,38.017502,NaN,NaN
1589773500,9158.2998,9158.2998,8806.75,8823.25,38.017502,41.244999,27.934999,40.915001,NaN,NaN
1589859900,8961.7002,9030.3496,8855.2998,8879.0996,40.915001,40.915001,37.952499,39.452499,NaN,NaN
1589946300,8889.1504,9093.7998,8875.3496,9066.5498,39.452499,39.452499,34.095001,35.810001,NaN,NaN
1590032700,9079.4502,9178.5498,9056.0996,9106.25,35.810001,35.810001,32.575001,32.985001,NaN,NaN
1590119100,9067.9004,9149.5996,8968.5498,9039.25,32.985001,34.360001,26.334999,32.377499,NaN,NaN
1590464700,9099.75,9161.6504,8996.6504,9029.0498,32.377499,33.209999,30.9725,31.469999,NaN,NaN
1590551100,9082.2002,9334,9004.25,9314.9502,31.469999,32.014999,28.855,31.272499,NaN,NaN
1590637500,9364.9502,9511.25,9336.5,9490.0996,31.272499,31.272499,29.195,30.0175,NaN,NaN
1590723900,9422.2002,9598.8496,9376.9004,9580.2998,30.0175,30.567499,27.41,30.219999,NaN,NaN
1590983100,9726.8496,9931.5996,9706.9502,9826.1504,30.219999,32.172501,28.8325,30.7425,NaN,NaN
1591069500,9880.8496,9995.5996,9824.0498,9979.0996,30.7425,30.9175,27.9025,30.115,NaN,NaN
1591155900,10108.3,10176.2,10035.55,10061.55,30.115,30.4025,29.334999,30.0425,NaN,NaN
1591242300,10054.25,10123.85,9944.25,10029.1,30.0425,30.264999,28.450001,29.690001,NaN,NaN
1591328700,10093.8,10177.8,10040.75,10142.15,29.690001,29.690001,25.92,28.68,NaN,NaN
1591587900,10326.75,10328.5,10120.25,10167.45,28.68,30.145,27.797501,29.647499,NaN,NaN
1591674300,10181.15,10291.15,10021.45,10046.65,29.647499,30.34,27.24,30.205,NaN,NaN
1591760700,10072.6,10148.75,10036.85,10116.15,30.205,30.205,28.727501,29.4375,NaN,NaN
1591847100,10094.1,10112.05,9885.0498,9902,29.4375,30.42,28.389999,29.66,NaN,NaN
1591933500,9544.9502,9996.0498,9544.3496,9972.9004,29.66,32.875,29.66,30.8225,NaN,NaN
1592192700,9919.3496,9943.3496,9726.3496,9813.7002,30.8225,33.7775,29.915001,32.577499,NaN,NaN
1592279100,10014.8,10046.15,9728.5,9914,32.577499,35.3125,30.407499,32.965,NaN,NaN
1592365500,9876.7002,10003.6,9833.7998,9881.1504,32.965,34.017502,29.049999,33.355,NaN,NaN
1592451900,9863.25,10111.2,9845.0498,10091.65,33.355,33.422501,31.217501,31.455,NaN,NaN
1592538300,10119,10272.4,10072.65,10244.4,31.455,31.9125,29.6775,29.965,NaN,NaN
1592797500,10318.75,10393.65,10277.6,10311.2,29.965,30.9825,29.965,30.459999,NaN,NaN
1592883900,10347.95,10484.7,10301.75,10471,30.459999,31.147499,29.2425,29.34,NaN,NaN
1592970300,10529.25,10553.15,10281.95,10305.3,29.34,30.530001,27.790001,29.577499,NaN,NaN
1593056700,10235.55,10361.8,10194.5,10288.9,29.577499,31.285,29.057501,29.727501,NaN,NaN
1593143100,10378.9,10409.85,10311.25,10383,29.727501,30.065001,28.315001,28.735001,NaN,NaN
1593402300,10311.95,10337.95,10223.6,10312.4,28.735001,30.450001,27.98,28.91,NaN,NaN
1593488700,10382.6,10401.05,10267.35,10302.1,28.91,29.6325,28.405001,29.1175,NaN,NaN
1593575100,10323.8,10447.05,10299.6,10430.05,29.1175,29.1625,27.9375,28.1175,NaN,NaN
1593661500,10493.05,10598.2,10485.55,10551.7,28.1175,28.1175,26.315001,26.5075,NaN,NaN
1593747900,10614.95,10631.3,10562.65,10607.35,26.5075,26.775,25.627501,25.7675,NaN,NaN
1594007100,10723.85,10811.4,10695.1,10763.65,25.7675,26.174999,24.5425,25.1975,NaN,NaN
1594093500,10802.85,10813.8,10689.7,10799.65,25.1975,25.645,24.24,25.102501,NaN,NaN
1594179900,10818.65,10847.85,10676.55,10705.75,25.102501,26.355,25.030001,26.1,NaN,NaN
1594266300,10755.55,10836.85,10733,10813.45,26.1,27.657499,24.735001,24.9125,NaN,NaN
1594352700,10764.1,10819.4,10713,10768.05,24.9125,25.477501,23.485001,24.942499,NaN,NaN
1594611900,10851.85,10894.05,10756.05,10802.7,24.942499,25.907499,22.805,25.252501,NaN,NaN
1594698300,10750.85,10755.65,10562.9,10607.35,25.252501,27.264999,25.252501,26.637501,NaN,NaN
1594784700,10701,10827.45,10577.75,10618.2,26.637501,26.637501,23.74,26.290001,NaN,NaN
1594871100,10706.2,10755.3,10595.2,10739.95,26.290001,26.5975,25.245001,25.362499,NaN,NaN
1594957500,10752,10933.45,10749.65,10901.7,25.362499,25.502501,23.77,24.157499,NaN,NaN
1595216700,10999.45,11037.9,10953,11022.2,24.157499,25.120001,24.157499,24.7125,NaN,NaN
1595303100,11126.1,11179.55,11113.25,11162.25,24.7125,24.7125,23.725,24.4275,NaN,NaN
1595389500,11231.2,11238.1,11056.55,11132.6,24.4275,25.8025,23.73,24.885,NaN,NaN
1595475900,11135,11239.8,11103.15,11215.45,24.885,24.934999,24.0075,24.639999,NaN,NaN
1595562300,11149.95,11225.4,11090.3,11194.15,24.639999,25.295,22.737499,24.535,NaN,NaN
1595821500,11225,11225,11087.85,11131.8,24.535,25.717501,23.290001,25.0175,NaN,NaN
1595907900,11154.1,11317.75,11151.4,11300.55,25.0175,25.215,23.545,23.6425,NaN,NaN
1595994300,11276.9,11341.4,11149.75,11202.85,23.6425,24.497499,23.6425,24.112499,NaN,NaN
1596080700,11254.3,11299.95,11084.95,11102.15,24.112499,25.1425,22.09,24.727501,NaN,NaN
1596167100,11139.5,11150.4,11026.65,11073.45,24.727501,25.372499,23.967501,24.192499,NaN,NaN
1596426300,11057.55,11058.05,10882.25,10891.6,24.192499,25.690001,23.262501,25.184999,NaN,NaN
1596512700,10946.65,11112.25,10908.1,11095.25,25.184999,25.184999,23.555,23.815001,NaN,NaN
1596599100,11155.75,11225.65,11064.05,11101.65,23.815001,23.932501,21.825001,23.567499,NaN,NaN
1596685500,11185.7,11256.8,11127.3,11200.15,23.567499,23.705,22.525,23.15,NaN,NaN
1596771900,11186.65,11231.9,11142.05,11214.05,23.15,23.309999,21.754999,22.577499,NaN,NaN
1597031100,11270.25,11337.3,11238,11270.15,22.577499,23.014999,21.452499,22.51,NaN,NaN
1597117500,11322.25,11373.6,11299.15,11322.5,22.51,22.51,20.215,21.360001,NaN,NaN
1597203900,11289,11322,11242.65,11308.4,21.360001,21.922501,16.85,20.844999,NaN,NaN
1597290300,11334.85,11359.3,11269.95,11300.45,20.844999,21.190001,19.459999,20.567499,NaN,NaN
1597376700,11353.3,11366.25,11111.45,11178.4,20.567499,22.969999,16.34,21.672501,NaN,NaN
1597635900,11248.9,11267.1,11144.5,11247.1,21.672501,22.877501,19.557501,21.307501,NaN,NaN
1597722300,11259.8,11401.7,11253.15,11385.35,21.307501,21.307501,18.252501,20.43,NaN,NaN
1597808700,11452.15,11460.35,11394.1,11408.4,20.43,20.43,17.834999,19.9575,NaN,NaN
1597895100,11317.45,11361.45,11289.8,11312.2,19.9575,21.08,17.6625,20.6175,NaN,NaN
1597981500,11409.65,11418.5,11362.2,11371.6,20.6175,20.6175,14.885,19.9375,NaN,NaN
1598240700,11412,11497.25,11410.65,11466.45,19.9375,20.067499,17.887501,19.23,NaN,NaN
1598327100,11513.1,11525.9,11423.35,11472.25,19.23,19.805,15.4225,19.315001,NaN,NaN
1598413500,11512.85,11561.75,11461.85,11549.6,19.315001,19.592501,17.2225,19.3025,NaN,NaN
1598499900,11609.3,11617.35,11540.6,11559.25,19.3025,19.469999,17.452499,18.895,NaN,NaN
1598586300,11602.95,11686.05,11589.4,11647.6,18.895,18.895,16.655001,18.3475,NaN,NaN
1598845500,11777.55,11794.25,11325.85,11387.5,18.3475,23.872499,16.4,22.834999,NaN,NaN
1598931900,11464.3,11553.55,11366.9,11470.25,22.834999,23.2425,21.110001,21.799999,NaN,NaN
1599018300,11478.55,11554.75,11430.4,11535,21.799999,22.495001,19.852501,21.105,NaN,NaN
1599104700,11566.2,11584.95,11507.65,11527.45,21.105,21.105,18.16,20.502501,NaN,NaN
1599191100,11354.4,11452.05,11303.65,11333.85,20.502501,22.647499,19.8575,22.1525,NaN,NaN
1599450300,11359.6,11381.15,11251.7,11355.05,22.1525,23.247499,17.245001,22.0075,NaN,NaN
1599536700,11378.55,11437.25,11290.45,11317.35,22.0075,23.0725,17.57,22.7225,NaN,NaN
1599623100,11218.6,11298.15,11185.15,11278,22.7225,23.27,20.1975,22.23,NaN,NaN
1599709500,11363.3,11464.05,11327.4,11449.25,22.23,22.23,17.700001,21.262501,NaN,NaN
1599795900,11447.8,11493.5,11419.9,11464.45,21.262501,21.344999,18.172501,20.7125,NaN,NaN
1600055100,11540.15,11568.9,11383.55,11440.05,20.7125,21.74,17.532499,21.190001,NaN,NaN
1600141500,11487.2,11535.95,11442.25,11521.8,21.190001,21.190001,18.897499,20.5975,NaN,NaN
1600227900,11538.45,11618.1,11516.75,11604.55,20.5975,20.5975,16.325001,19.66,NaN,NaN
1600314300,11539.4,11587.2,11498.5,11516.1,19.66,20.682501,17.5525,20.1,NaN,NaN
1600400700,11584.1,11584.1,11446.1,11504.95,20.1,20.77,17.5825,20.045,NaN,NaN
1600659900,11503.8,11535.25,11218.5,11250.55,20.045,22.9925,18.2675,22.1875,NaN,NaN
1600746300,11301.75,11302.2,11084.65,11153.65,22.1875,23.275,15.755,21.41,NaN,NaN
1600832700,11258.75,11259.55,11024.4,11131.85,21.41,22.477501,19.370001,20.99,NaN,NaN
1600919100,11011,11015.3,10790.2,10805.55,20.99,23.817499,20.924999,23.51,NaN,NaN
1601005500,10910.4,11072.6,10854.85,11050.25,23.51,23.51,18.6675,20.674999,NaN,NaN
1601264700,11140.85,11239.35,11099.85,11227.55,20.674999,21.0975,19.35,19.5725,NaN,NaN
1601351100,11288.6,11305.4,11181,11222.4,19.5725,20.1975,18.4275,19.775,NaN,NaN
1601437500,11244.45,11295.4,11184.55,11247.55,19.775,20.215,17.674999,19.530001,NaN,NaN
1601523900,11364.45,11428.6,11347.05,11416.95,19.530001,19.530001,17.375,18.35,NaN,NaN
1601869500,11487.8,11578.05,11452.3,11503.35,18.35,20.025,18.35,19.705,NaN,NaN
1601955900,11603.45,11680.3,11564.3,11662.4,19.705,19.8925,18.360001,19.635,NaN,NaN
1602042300,11679.25,11763.05,11629.35,11738.85,19.635,20.3375,19.067499,20.059999,NaN,NaN
1602128700,11835.4,11905.7,11791.15,11834.6,20.059999,20.855,18.977501,20.379999,NaN,NaN
1602215100,11852.05,11938.6,11805.2,11914.2,20.379999,21.0075,17.51,20.379999,NaN,NaN
1602474300,11973.55,12022.05,11867.2,11930.95,20.379999,22.1,19.389999,21.127501,NaN,NaN
1602560700,11934.65,11988.2,11888.9,11934.5,21.127501,21.65,20.525,20.715,NaN,NaN
1602647100,11917.4,11997.2,11822.15,11971.05,20.715,20.9625,18.424999,20.209999,NaN,NaN
1602733500,12023.45,12025.45,11661.3,11680.35,20.209999,22.275,19.0375,22.057501,NaN,NaN
1602819900,11727.4,11789.75,11667.85,11762.45,22.057501,22.4175,20.485001,21.645,NaN,NaN
1603079100,11879.2,11898.25,11820.4,11873.05,21.645,22.317499,15.465,21.817499,NaN,NaN
1603165500,11861,11949.25,11837.25,11896.8,21.817499,22.7925,18.790001,22.690001,NaN,NaN
1603251900,11958.55,12018.65,11775.75,11937.65,22.690001,23.545,18.377501,22.915001,NaN,NaN
1603338300,11890,11939.55,11823.45,11896.45,22.915001,23.514999,17.440001,22.635,NaN,NaN
1603424700,11957.9,11974.55,11908.75,11930.35,22.635,22.780001,19.8325,21.827499,NaN,NaN
1603683900,11937.4,11942.85,11711.7,11767.75,21.827499,23.405001,21.32,22.8325,NaN,NaN
1603770300,11807.1,11899.05,11723,11889.4,22.8325,23.1675,22.122499,22.195,NaN,NaN
1603856700,11922.6,11929.4,11684.85,11729.6,22.195,23.465,20.08,23.280001,NaN,NaN
1603943100,11633.3,11744.15,11606.45,11670.8,23.280001,24.360001,22.282499,24.022499,NaN,NaN
1604029500,11678.45,11748.95,11535.45,11642.4,24.022499,26.299999,21.725,24.752501,NaN,NaN
1604288700,11697.35,11725.65,11557.4,11669.15,24.752501,25.9175,24.219999,25.209999,NaN,NaN
1604375100,11734.45,11836.2,11723.3,11813.5,25.209999,25.3325,22.9175,24.24,NaN,NaN
1604461500,11783.35,11929.65,11756.4,11908.5,24.24,24.24,20.672501,23.200001,NaN,NaN
1604547900,12062.4,12131.1,12027.6,12120.3,23.200001,23.200001,19.99,20.965,NaN,NaN
1604634300,12156.65,12280.4,12131.85,12263.55,20.965,20.965,19.282499,20.497499,NaN,NaN
1604893500,12399.4,12474.05,12367.35,12461.05,20.497499,21.047501,17.58,20.112499,NaN,NaN
1604979900,12556.4,12643.9,12475.25,12631.1,20.112499,21.844999,19.895,21.577499,NaN,NaN
1605066300,12680.6,12769.75,12571.1,12749.15,21.577499,22.375,18.995001,22.032499,NaN,NaN
1605152700,12702.15,12741.15,12624.85,12690.8,22.032499,22.032499,19.7875,20.620001,NaN,NaN
1605239100,12659.7,12735.95,12607.7,12719.95,20.620001,29.525,19.557501,19.702499,NaN,NaN
1605357000,12823.35,12828.7,12749.45,12780.25,19.7025,19.7025,16.175,19.13,NaN,NaN
1605584700,12932.5,12934.05,12797.1,12874.2,19.129999,20.405001,18.4025,19.8025,NaN,NaN
1605671100,12860.1,12948.85,12819.35,12938.25,19.8025,19.8025,15.72,19.120001,NaN,NaN
1605757500,12839.5,12963,12745.75,12771.7,19.120001,19.9825,16.325001,19.57,NaN,NaN
1605843900,12813.4,12892.45,12730.25,12859.05,19.57,19.807501,16.997499,19.6175,NaN,NaN
1606103100,12960.3,12968.85,12825.7,12926.45,19.6175,20.862499,16.91,20.797501,NaN,NaN
1606189500,13002.6,13079.1,12978,13055.15,20.797501,22,20.025,21.057501,NaN,NaN
1606275900,13130,13145.85,12833.65,12858.4,21.057501,23.495001,20.68,23.127501,NaN,NaN
1606362300,12906.45,13018,12790.4,12987,23.127501,23.127501,19.4375,20.022499,NaN,NaN
1606448700,13012.05,13035.3,12914.3,12968.95,20.022499,21.280001,17.625,19.817499,NaN,NaN
1606794300,13062.2,13128.4,12962.8,13109.05,19.817499,21.235001,19.245001,20.182501,NaN,NaN
1606880700,13121.4,13128.5,12983.55,13113.75,20.182501,20.5525,17.9625,19.907499,NaN,NaN
1606967100,13215.3,13216.6,13107.9,13133.9,19.907499,19.907499,17.7225,19,NaN,NaN
1607053500,13177.4,13280.05,13152.85,13258.55,19,19.035,16.530001,18.0275,NaN,NaN
1607312700,13264.85,13366.65,13241.95,13355.75,18.0275,18.315001,16.950001,18.025,NaN,NaN
1607399100,13393.85,13435.45,13311.05,13392.95,18.025,18.795,16.2675,18.6175,NaN,NaN
1607485500,13458.1,13548.9,13449.6,13529.1,18.6175,19.629999,16.219999,18.92,NaN,NaN
1607571900,13488.5,13503.55,13399.3,13478.3,18.92,19.385,17.422501,18.7125,NaN,NaN
1607658300,13512.3,13579.35,13402.85,13513.85,18.7125,19.285,17.362499,18.790001,NaN,NaN
1607917500,13571.45,13597.5,13472.45,13558.15,18.790001,19.6425,15.3275,19.4025,NaN,NaN
1608003900,13547.2,13589.65,13447.05,13567.85,19.4025,19.827499,15.6925,19.344999,NaN,NaN
1608090300,13663.1,13692.35,13606.45,13682.7,19.344999,19.397499,18.6075,19.200001,NaN,NaN
1608176700,13713.55,13773.25,13673.55,13740.7,19.200001,21.622499,14.0525,19.157499,NaN,NaN
1608263100,13764.4,13772.85,13658.6,13760.55,19.157499,19.4925,14.555,18.622499,NaN,NaN
1608522300,13741.9,13777.5,13131.45,13328.4,18.622499,23.68,18.622499,23.190001,NaN,NaN
1608608700,13373.65,13492.05,13192.9,13466.3,23.190001,24.48,16.592501,21.985001,NaN,NaN
1608695100,13473.5,13619.45,13432.2,13601.1,21.985001,22.0825,19.395,20.495001,NaN,NaN
1608781500,13672.15,13771.75,13626.9,13749.25,20.495001,20.952499,15.645,19.967501,NaN,NaN
1609127100,13815.15,13885.3,13811.55,13873.2,19.967501,21.022499,18.5975,20.4275,NaN,NaN
1609213500,13910.35,13967.6,13859.9,13932.6,20.4275,21.2125,17.627501,20.790001,NaN,NaN
1609299900,13980.9,13997,13864.95,13981.95,20.790001,21.5875,20.790001,21.110001,NaN,NaN
1609386300,13970,14024.85,13936.45,13981.75,21.110001,21.504999,19.190001,21.094999,NaN,NaN
1609472700,13996.1,14049.85,13991.35,14018.5,21.094999,21.3325,19.262501,19.559999,NaN,NaN
1609731900,14104.35,14147.95,13953.75,14132.9,19.559999,21.0275,19.334999,20.030001,NaN,NaN
1609818300,14075.15,14215.6,14048.15,14199.5,20.030001,21.004999,20.030001,20.459999,NaN,NaN
1609904700,14240.95,14244.15,14039.9,14146.25,20.459999,21.629999,20.424999,20.995001,NaN,NaN
1609991100,14253.75,14256.25,14123.1,14137.35,20.995001,20.995001,20.137501,20.615,NaN,NaN
1610077500,14258.4,14367.3,14221.65,14347.25,20.615,20.85,17.379999,20.639999,NaN,NaN
1610336700,14474.05,14498.2,14383.1,14484.75,20.639999,22.745001,20.639999,22.3825,NaN,NaN
1610423100,14473.8,14590.65,14432.85,14563.45,22.3825,23.26,22.2925,22.8475,NaN,NaN
1610509500,14639.8,14653.35,14435.7,14564.85,22.8475,24.047501,22.370001,23.2925,NaN,NaN
1610595900,14550.05,14617.8,14471.5,14595.6,23.2925,23.702499,22.807501,23.0275,NaN,NaN
1610682300,14594.35,14617.45,14357.85,14433.7,23.0275,24.6775,23.0275,24.01,NaN,NaN
1610941500,14453.3,14459.15,14222.8,14281.3,24.01,25.4125,23.567499,24.395,NaN,NaN
1611027900,14371.65,14546.05,14350.85,14521.15,24.395,24.395,20.360001,22.897499,NaN,NaN
1611114300,14538.3,14666.45,14517.55,14644.7,22.897499,23.184999,19.33,21.549999,NaN,NaN
1611200700,14730.95,14753.55,14517.25,14590.35,21.549999,22.7775,18.6175,22.18,NaN,NaN
1611287100,14583.4,14619.9,14357.75,14371.9,22.18,23.040001,18.73,22.422501,NaN,NaN
1611546300,14477.8,14491.1,14218.6,14238.9,22.422501,23.809999,20.3375,23.245001,NaN,NaN
1611719100,14237.95,14237.95,13929.3,13967.5,23.245001,24.747499,20.83,24.3925,NaN,NaN
1611805500,13810.4,13898.25,13713.25,13817.55,24.3925,25.295,23.434999,24.290001,NaN,NaN
1611891900,13946.6,13966.85,13596.75,13634.6,24.290001,25.99,22.08,25.342501,NaN,NaN
1612151100,13758.6,14336.35,13661.75,14281.2,25.342501,25.924999,22.6,23.3225,NaN,NaN
1612237500,14481.1,14731.7,14469.15,14647.85,23.3225,23.610001,21.002501,23.344999,NaN,NaN
1612323900,14754.9,14868.85,14574.15,14789.95,23.344999,24.1975,20.9475,23.745001,NaN,NaN
1612410300,14789.05,14913.7,14714.75,14895.65,23.745001,23.932501,22.09,23.122499,NaN,NaN
1612496700,14952.6,15014.65,14864.75,14924.25,23.122499,23.934999,20.08,23.415001,NaN,NaN
1612755900,15064.3,15159.9,15041.05,15115.8,23.415001,24.344999,22.1775,23.9575,NaN,NaN
1612842300,15164.15,15257.1,15064.3,15109.3,23.9575,24.467501,21.432501,24.27,NaN,NaN
1612928700,15119.05,15168.25,14977.2,15106.5,24.27,24.955,20.907499,23.952499,NaN,NaN
1613015100,15073.25,15188.5,15065.4,15173.3,23.952499,24.2225,21.0175,23.045,NaN,NaN
1613101500,15186.2,15243.5,15081,15163.3,23.045,23.065001,20.8925,22.0425,NaN,NaN
1613360700,15270.3,15340.15,15243.4,15314.7,22.0425,22.389999,20.8225,21.475,NaN,NaN
1613447100,15371.45,15431.75,15242.2,15313.45,21.475,22.115,20.535,21.780001,NaN,NaN
1613533500,15279.9,15314.3,15170.75,15208.9,21.780001,21.879999,21.0975,21.504999,NaN,NaN
1613619900,15238.7,15250.75,15078.05,15118.95,21.504999,22.084999,19.9625,21.5425,NaN,NaN
1613706300,15074.8,15144.05,14898.2,14981.75,21.5425,22.8675,19.344999,22.25,NaN,NaN
1613965500,14999.05,15010.1,14635.05,14675.7,22.25,25.82,20.022499,25.469999,NaN,NaN
1614051900,14782.25,14854.5,14651.85,14707.8,25.469999,25.6425,23.8575,25.227501,NaN,NaN
1614138300,14729.15,15008.8,14723.05,14982,25.227501,25.227501,23.4825,25.227501,NaN,NaN
1614224700,15079.85,15176.5,15065.35,15097.35,24.1675,24.1675,22.627501,22.8925,NaN,NaN
1614311100,14888.6,14919.45,14467.75,14529.15,22.8925,29.645,22.8925,28.1425,NaN,NaN
1614570300,14702.5,14806.8,14638.55,14761.55,28.1425,28.1425,24.950001,25.625,NaN,NaN
1614656700,14865.3,14959.1,14760.8,14919.1,25.625,25.625,23.209999,23.605,NaN,NaN
1614743100,15064.4,15273.15,14995.8,15245.6,23.605,23.605,21.815001,22.09,NaN,NaN
1614829500,15026.75,15202.35,14980.2,15080.75,22.09,24.577499,22.09,24.15,NaN,NaN
1614915900,14977.95,15092.35,14862.1,14938.1,24.15,26.407499,22.862499,25.559999,NaN,NaN
1615175100,15002.45,15111.15,14919.9,14956.2,25.559999,25.6525,21.202499,24.674999,NaN,NaN
1615261500,15049.9,15126.85,14925.45,15098.4,24.674999,24.674999,21.4375,22.495001,NaN,NaN
1615347900,15202.15,15218.45,15100.85,15174.8,22.495001,22.495001,19.315001,20.747499,NaN,NaN
1615520700,15321.15,15336.3,14953.6,15030.95,20.747499,22.67,18.5375,21.7075,NaN,NaN
1615779900,15048.4,15048.4,14745.85,14929.5,21.7075,22.932501,20.995001,21.227501,NaN,NaN
1615866300,14996.1,15051.6,14890.65,14910.45,21.227501,21.227501,18.0625,20.190001,NaN,NaN
1615952700,14946.55,14956.55,14696.05,14721.3,20.190001,20.42,18.620001,20.157499,NaN,NaN
1616039100,14855.5,14875.2,14478.6,14557.85,20.157499,20.9475,16.682501,20.08,NaN,NaN
1616125500,14471.15,14788.25,14350.1,14744,20.08,21.865,18.725,19.987499,NaN,NaN
1616384700,14736.3,14763.9,14597.85,14736.4,19.987499,21.2325,18.969999,20.4925,NaN,NaN
1616471100,14768.55,14878.6,14707,14814.75,20.4925,22.135,20.4925,20.665001,NaN,NaN
1616557500,14712.45,14752.35,14535,14549.4,20.665001,22.6875,19.745001,22.455,NaN,NaN
1616643900,14570.9,14575.6,14264.4,14324.9,22.455,23.3125,21.120001,22.6975,NaN,NaN
1616730300,14506.3,14572.9,14414.25,14507.3,22.6975,22.9175,18.225,20.65,NaN,NaN
1617075900,14628.5,14876.3,14617.6,14845.1,20.65,20.65,19.567499,20.485001,NaN,NaN
1617162300,14811.85,14813.75,14670.25,14690.7,20.485001,20.83,19.995001,20.645,NaN,NaN
1617248700,14798.4,14883.2,14692.45,14867.35,20.645,20.674999,19.73,19.987499,NaN,NaN
1617594300,14837.7,14849.85,14459.5,14637.8,19.987499,23.305,19.987499,21.215,NaN,NaN
1617680700,14737,14779.1,14573.9,14683.5,21.215,22.24,19.805,20.84,NaN,NaN
1617767100,14716.45,14879.8,14649.85,14819.05,20.84,21.297501,19.43,20.247499,NaN,NaN
1617853500,14875.65,14984.15,14821.1,14873.8,20.247499,20.584999,19.17,20.3125,NaN,NaN
1617939900,14882.65,14918.45,14785.65,14834.85,20.3125,20.967501,19.682501,19.785,NaN,NaN
1618199100,14644.65,14652.5,14248.7,14310.8,19.785,23.3025,19.785,22.995001,NaN,NaN
1618285500,14364.9,14528.9,14274.9,14504.8,22.995001,22.995001,20.297501,20.459999,NaN,NaN
1618458300,14522.4,14597.55,14353.2,14581.45,20.459999,21.545,18.245001,20.889999,NaN,NaN
1618544700,14599.6,14697.7,14559,14617.85,20.889999,21.09,19.4825,20.4025,NaN,NaN
1618803900,14306.6,14382.3,14191.4,14359.45,20.4025,23.1075,19.807501,22.485001,NaN,NaN
1618890300,14526.7,14526.95,14207.3,14296.4,22.485001,22.745001,21.237499,22.424999,NaN,NaN
1619063100,14219.15,14424.75,14151.4,14406.15,22.424999,23.6075,22.424999,23.025,NaN,NaN
1619149500,14326.35,14461.15,14273.3,14341.35,23.025,23.0525,20.209999,22.690001,NaN,NaN
1619408700,14449.45,14557.5,14421.3,14485,22.690001,23.555,22.6175,23.495001,NaN,NaN
1619495100,14493.8,14667.55,14484.85,14653.05,23.495001,23.625,22.32,23.0825,NaN,NaN
1619581500,14710.5,14890.25,14694.95,14864.55,23.0825,23.112499,20.967501,22.58,NaN,NaN
1619667900,14979,15044.35,14814.45,14894.9,22.58,23.422501,22.1075,23.305,NaN,NaN
1619754300,14747.35,14855.45,14601.7,14631.1,23.305,23.764999,22.5975,23.0275,NaN,NaN
1620013500,14481.05,14673.85,14416.25,14634.15,23.0275,24.540001,21.84,23.692499,NaN,NaN
1620099900,14687.25,14723.4,14461.5,14496.5,23.692499,23.692499,22.1775,23.01,NaN,NaN
1620186300,14604.15,14637.9,14506.6,14617.85,23.01,23.190001,21.135,21.9625,NaN,NaN
1620272700,14668.35,14743.9,14611.5,14724.8,21.9625,22.612499,20.122499,22.035,NaN,NaN
1620359100,14816.85,14863.05,14765.5,14823.15,22.035,22.035,20.309999,20.8225,NaN,NaN
1620618300,14928.25,14966.9,14892.5,14942.35,20.8225,21.147499,20.135,20.225,NaN,NaN
1620704700,14789.7,14900,14771.4,14850.75,20.225,21.1175,19.7225,19.83,NaN,NaN
1620791100,14823.55,14824.05,14649.7,14696.5,19.83,20.905001,18.360001,20.08,NaN,NaN
1620963900,14749.4,14749.65,14591.9,14677.8,20.08,21.1525,18.227501,20.2675,NaN,NaN
1621223100,14756.25,14938,14725.35,14923.15,20.2675,20.424999,18.362499,19.6075,NaN,NaN
1621309500,15067.2,15137.25,15043.7,15108.1,19.6075,19.6075,18.305,19.24,NaN,NaN
1621395900,15058.6,15133.4,15008.85,15030.15,19.24,19.567499,17.23,19.317499,NaN,NaN
1621482300,15042.6,15069.8,14884.9,14906.05,19.317499,19.8375,18.092501,19.6525,NaN,NaN
1621568700,14987.8,15190,14985.85,15175.3,19.6525,19.6525,17.129999,19.08,NaN,NaN
1621827900,15211.35,15256.25,15145.45,15197.7,19.08,19.885,18.719999,19.129999,NaN,NaN
1621914300,15291.75,15293.85,15163.4,15208.45,19.129999,21.049999,17.6875,18.842501,NaN,NaN
1622000700,15257.05,15319.9,15194.95,15301.45,18.842501,21.3025,17.23,20.872499,NaN,NaN
1622087100,15323.95,15384.55,15272.5,15337.85,20.872499,21.3225,18.352501,19.91,NaN,NaN
1622173500,15421.2,15469.65,15394.75,15435.65,19.91,19.91,17.355,17.4025,NaN,NaN
1622432700,15437.75,15606.35,15374,15582.8,17.4025,17.99,16.432501,16.885,NaN,NaN
1622519100,15629.65,15660.75,15528.3,15574.85,16.885,17.9625,15.31,17.387501,NaN,NaN
1622605500,15520.35,15597.45,15459.85,15576.2,17.387501,17.647499,15.1675,17.209999,NaN,NaN
1622691900,15655.55,15705.1,15611,15690.35,17.209999,17.209999,14.1475,15.745,NaN,NaN
1622778300,15712.5,15733.6,15622.35,15670.25,15.745,16.3825,14.9425,15.94,NaN,NaN
1623037500,15725.1,15773.45,15678.1,15751.65,15.94,15.94,14.7425,15.5675,NaN,NaN
1623123900,15773.9,15778.8,15680,15740.1,15.5675,15.6,13.5675,15.225,NaN,NaN
1623210300,15766.3,15800.45,15566.9,15635.35,15.225,15.7425,11.945,14.7525,NaN,NaN
1623296700,15692.1,15751.25,15648.5,15737.75,14.7525,15.2,14.1775,15.0025,NaN,NaN
1623383100,15796.45,15835.55,15749.8,15799.35,15.0025,15.0025,13.9375,14.1025,NaN,NaN
1623642300,15791.4,15823.05,15606.5,15811.85,14.1025,15.3075,13.74,14.715,NaN,NaN
1623728700,15866.95,15901.6,15842.4,15869.25,14.715,15.1625,13.2775,14.605,NaN,NaN
1623815100,15847.5,15880.85,15742.6,15767.55,14.605,15.3225,13.6175,14.865,NaN,NaN
1623901500,15648.3,15769.35,15616.75,15691.4,14.865,16.049999,14.5275,15.2875,NaN,NaN
1623987900,15756.5,15761.5,15450.9,15683.35,15.2875,16.620001,10.6,14.7975,NaN,NaN
1624247100,15525.85,15765.15,15505.65,15746.5,14.7975,16.459999,14.375,15.06,NaN,NaN
1624333500,15840.5,15895.75,15752.1,15772.75,15.06,15.1125,14.425,14.7375,NaN,NaN
1624419900,15862.8,15862.95,15673.95,15686.95,14.7375,15.535,13.625,15.365,NaN,NaN
1624506300,15737.3,15821.4,15702.7,15790.45,15.365,15.6375,14.925,15.0975,NaN,NaN
1624592700,15839.35,15870.8,15772.3,15860.35,15.0975,15.2675,13.275,13.3675,NaN,NaN
1624851900,15915.35,15915.65,15792.15,15814.7,13.3675,13.77,13.1175,13.4025,NaN,NaN
1624938300,15807.5,15835.9,15724.05,15748.45,13.4025,13.4025,12.9025,13.0025,NaN,NaN
1625024700,15776.9,15839.1,15708.75,15721.5,13.0025,13.14,12.6,13.045,NaN,NaN
1625111100,15755.05,15755.55,15667.05,15680,13.045,13.2825,12.33,12.84,NaN,NaN
1625197500,15705.85,15738.35,15635.95,15722.2,12.84,13.02,12.0225,12.09,NaN,NaN
1625456700,15793.4,15845.95,15762.05,15834.35,12.09,12.6225,11.9875,12.0675,NaN,NaN
1625543100,15813.75,15914.2,15801,15818.25,12.0675,12.36,11.29,12.275,NaN,NaN
1625629500,15819.6,15893.55,15779.7,15879.65,12.275,12.585,11.1475,12.2125,NaN,NaN
1625715900,15855.4,15885.75,15682.9,15727.9,12.2125,14.0075,12.055,13.56,NaN,NaN
1625802300,15688.25,15730.85,15632.75,15689.8,13.56,14.0025,12.175,12.9425,NaN,NaN
1626061500,15766.8,15789.2,15644.75,15692.6,12.9425,13.6075,11.81,12.9925,NaN,NaN
1626147900,15794,15820.8,15744.6,15812.35,12.9925,12.9925,10.6725,12.6225,NaN,NaN
1626234300,15808.7,15877.35,15764.2,15853.95,12.6225,12.96,10.485,12.59,NaN,NaN
1626320700,15872.15,15952.35,15855,15924.2,12.59,12.945,11.0825,12.27,NaN,NaN
1626407100,15958.35,15962.25,15882.6,15923.4,12.27,12.37,11.625,11.705,NaN,NaN
1626666300,15754.5,15836.9,15707.5,15752.4,11.705,13.1975,11.705,12.68,NaN,NaN
1626752700,15703.95,15728.45,15578.55,15632.1,12.68,14.0925,11.7875,13.205,NaN,NaN
1626925500,15736.6,15834.8,15726.4,15824.05,13.205,13.205,11.7175,11.885,NaN,NaN
1627011900,15856.8,15899.8,15768.4,15856.05,11.885,12.115,11.5675,11.7625,NaN,NaN
1627271100,15849.3,15893.35,15797,15824.45,11.7625,12.54,10.395,12.45,NaN,NaN
1627357500,15860.5,15881.55,15701,15746.45,12.45,13.525,12.1025,13.2325,NaN,NaN
1627443900,15761.55,15767.5,15513.45,15709.4,13.2325,15.98,11.355,13.6925,NaN,NaN
1627530300,15762.7,15817.35,15737.8,15778.45,13.6925,13.6925,12.435,12.945,NaN,NaN
1627616700,15800.6,15862.8,15744.85,15763.05,12.945,13.32,12.175,12.8025,NaN,NaN
1627875900,15874.9,15892.9,15834.65,15885.15,12.8025,13.09,11.5175,12.805,NaN,NaN
1627962300,15951.55,16146.9,15914.35,16130.75,12.805,13.905,11.9625,13.7475,NaN,NaN
1628048700,16195.25,16290.2,16176.15,16258.8,13.7475,14.0575,12.65,13.2125,NaN,NaN
1628135100,16288.95,16349.45,16210.3,16294.6,13.2125,13.4175,11.2025,12.8725,NaN,NaN
1628221500,16304.4,16336.75,16223.3,16238.2,12.8725,13.1625,11.64,12.6075,NaN,NaN
1628480700,16281.35,16320.75,16179.05,16258.25,12.6075,13.11,12.03,12.605,NaN,NaN
1628567100,16274.8,16359.25,16202.25,16280.1,12.605,13.0675,9.9825,12.705,NaN,NaN
1628653500,16327.3,16338.75,16162.55,16282.25,12.705,13.3275,10.4725,12.7125,NaN,NaN
1628739900,16303.65,16375.5,16286.9,16364.4,12.7125,12.8175,11.3625,12.3725,NaN,NaN
1628826300,16385.699,16543.6,16376.3,16529.1,12.3725,13.1625,11.395,12.99,NaN,NaN
1629085500,16518.4,16589.4,16480.75,16563.051,12.99,13.6575,11.375,13.4575,NaN,NaN
1629171900,16545.25,16628.551,16495.4,16614.6,13.4575,13.61,12.0275,13.4125,NaN,NaN
1629258300,16691.949,16701.85,16535.85,16568.85,13.4125,13.4125,11.12,12.905,NaN,NaN
1629431100,16382.5,16509.551,16376.05,16450.5,12.905,14.14,12.3475,14.015,NaN,NaN
1629690300,16592.25,16592.5,16395.699,16496.449,14.015,14.44,12.725,13.685,NaN,NaN
1629776700,16561.4,16647.1,16495.301,16624.6,13.685,14.5075,13.0975,13.1875,NaN,NaN
1629863100,16654,16712.45,16617.5,16634.65,13.1875,13.9725,12.265,13.4975,NaN,NaN