time,open,high,low,close,Volume,Volume MA
1425267000,37140,37490,36840,36888,30962,NaN
1425353400,36938,37085,36325,36489,39188,NaN
1425439800,36459,36799,36377,36554,30576,NaN
1425526200,36600,36799,36464,36574,25800,NaN
1425871800,35920,36200,35684,35941,22541,NaN
1425958200,35869,36027,35580,35725,36683,NaN
1426044600,35755,35843,34931,35072,36066,NaN
1426131000,35071,35561,35071,35348,30748,NaN
1426217400,35440,35668,35375,35553,25291,NaN
1426476600,35690,35875,35371,35589,27935,NaN
1426563000,35451,35679,35051,35384,33708,NaN
1426649400,35343,35475,35160,35339,26589,NaN
1426735800,35450,36446,35450,36391,36740,NaN
1426822200,36465,37835,36260,37805,44073,NaN
1427081400,37700,37987,37356,37803,27896,NaN
1427167800,37747,38100,37680,38005,26993,NaN
1427254200,37871,38345,37763,38175,25992,NaN
1427340600,38221,39121,38221,38630,32716,NaN
1427427000,38501,38650,37940,38404,30196,NaN
1427686200,38256,38256,37425,37469,27424,30905.85
1427772600,37400,37678,37060,37180,29735,30844.5
1427859000,37300,38100,37012,37912,36335,30701.85
1428291000,37431,38580,37431,38177,34615,30903.8
1428377400,38100,38100,37580,37698,24973,30862.45
1428463800,37785,37845,36800,36965,30799,31275.35
1428550200,36817,36817,36103,36297,31419,31012.15
1428636600,36380,37178,36330,36719,37382,31077.95
1428895800,36765,36850,36450,36575,24703,30775.7
1429068600,36300,36645,36082,36593,27292,30875.75
1429155000,36665,36850,36138,36494,31071,31032.55
1429241400,36311,36895,36311,36466,30805,30887.4
1429500600,36526,36752,35974,36081,32299,31172.9
1429587000,36191,36515,36050,36168,30824,30877.1
1429673400,36079,36350,35611,35798,32241,30285.5
1429759800,35800,36199,35792,36119,31386,30460
1429846200,36428,36695,36150,36427,5161,29368.4
1430105400,36531,37771,36485,37626,11415,28639.55
1430191800,37589,38120,37465,38047,8729,27440.2
1430278200,37968,38315,37670,38278,11969,26528.85
1430364600,38115,38429,36575,37174,38773,27096.3
1430710200,37340,38500,37340,37877,28647,27041.9
1430796600,38088,38312,37620,37989,32842,26867.25
1430883000,38000,38280,37760,38021,34575,26865.25
1430969400,37960,38200,37664,37886,34963,27364.75
1431055800,37823,38160,37682,37953,33320,27490.8
1431315000,37881,38148,37555,37692,29077,27373.7
1431401400,37706,38475,37557,38390,37280,27368.6
1431487800,38380,39650,38261,39545,48142,28540.55
1431574200,39430,40140,39300,39767,47963,29574.1
1431660600,39547,40050,39372,39971,36853,29863.2
1431919800,40020,40590,39860,40493,34025,30024.2
1432006200,40346,40346,38877,39284,53128,31065.65
1432092600,39250,39590,38953,39306,33005,31174.7
1432179000,39339,39473,38960,39182,26591,30892.2
1432265400,39267,39546,38780,38952,35261,31085.95
1432524600,38860,39220,38860,39147,17126,31684.2
1432611000,39068,39135,38310,38529,39695,33098.2
1432697400,38603,38685,38254,38369,24262,33874.85
1432783800,38386,38480,38050,38310,30415,34797.15
1432870200,38400,38547,38210,38358,23261,34021.55
1433129400,38358,39180,38051,38252,39729,34575.65
1433215800,38245,38555,38125,38461,28861,34376.6
1433302200,38424,38489,37825,37960,32337,34264.7
1433388600,37985,38078,37132,37177,36273,34330.2
1433475000,37190,37291,36749,37022,29792,34153.8
1433734200,37280,37310,36780,36871,21781,33789
1433820600,37020,37180,36800,36873,25639,33206.95
1433907000,36983,37236,36672,36743,31145,32357.1
1433993400,36778,36870,36450,36825,30864,31502.15
1434079800,36772,36844,36555,36604,19595,30639.25
1434339000,36695,37380,36525,37103,36612,30768.6
1434425400,37060,37146,36672,36859,23100,29267.2
1434511800,36838,37037,36670,36884,18744,28554.15
1434598200,36949,37486,36856,36912,38040,29126.6
1434684600,36900,36970,36262,36695,25603,28643.7
1434943800,36650,36918,36454,36745,27248,29149.8
1435030200,36780,36780,35902,35950,35269,28928.5
1435116600,36678,36819,36500,36743,4278,27929.3
1435203000,36792,36820,36500,36635,5070,26662.05
1435289400,36632,36722,36000,36501,11785,26088.25
1435548600,36645,36980,36390,36428,13683,24785.95
1435635000,36375,36600,35821,36164,31983,24942.05
1435721400,36300,36300,35952,36055,20885,24369.45
1435807800,36008,36288,35753,35897,29717,24041.65
1435894200,35974,36238,35851,36175,16892,23396.65
1436153400,36180,36343,35805,36202,25508,23583
1436239800,36140,36140,34030,34680,56713,25136.7
1436326200,34600,35176,34119,35021,40343,25596.6
1436412600,34971,35741,34734,35344,37374,25922.1
1436499000,35400,35890,35356,35634,22392,26061.95
1436758200,35625,35749,35260,35539,28007,25631.7
1436844600,35450,35468,35110,35191,23260,25639.7
1436931000,35294,35294,34560,34715,31090,26257
1437017400,34750,34799,34256,34523,28452,25777.6
1437103800,34445,34550,34123,34219,20729,25533.9
1437363000,34110,34484,33452,34165,45193,26431.15
1437449400,34011,34340,33897,34046,24016,25868.5
1437535800,33997,34240,33684,33975,33123,27310.75
1437622200,34070,34390,33875,33921,26029,28358.7
1437708600,33850,33880,33325,33708,33779,29458.4
1437967800,33616,34149,33616,33946,27370,30142.75
1438054200,33902,33902,33579,33784,20819,29584.55
1438140600,33810,34270,33680,33985,28910,29985.8
1438227000,33980,34195,33765,34036,26543,29827.1
1438313400,33900,34461,33650,34039,38556,30910.3
1438572600,34001,34002,33425,33520,23357,30802.75
1438659000,33425,33646,33322,33497,21431,29038.65
1438745400,33441,33690,33368,33489,21385,28090.75
1438831800,33487,33798,33380,33721,23713,27407.7
1438918200,33712,34370,33589,34049,40953,28335.75
1439177400,34005,35200,33988,35037,37770,28823.9
1439263800,35022,35390,34830,35334,39024,29612.1
1439350200,35290,36180,35246,36103,39563,30035.75
1439436600,36003,36190,35702,36021,29036,30064.95
1439523000,36000,36290,35372,35445,31954,30626.2
1439782200,35510,35937,35510,35830,21212,29427.15
1439868600,35900,35925,34566,34801,37782,30115.45
1439955000,34836,35744,34666,35531,37887,30353.65
1440041400,35700,36400,35700,36320,35398,30822.1
1440127800,36420,36795,35700,36204,45240,31395.15
1440387000,35940,36142,34950,35414,50622,32557.75
1440473400,36235,36284,35300,35464,6623,31847.95
1440559800,35435,35435,34004,34211,11998,31002.35
1440646200,34248,35175,34110,34792,11411,30245.75
1440732600,34890,35430,34710,35111,13047,28970.3
1440991800,35000,35517,34936,35353,17565,28680.7
1441078200,35421,35690,35100,35337,30265,29122.4
1441164600,35210,35750,34880,35384,40600,30083.15
1441251000,35399,35880,35155,35422,40352,30915.1
1441337400,35500,35826,35230,35403,33662,30550.55
1441596600,35410,35567,35125,35220,16170,29470.55
1441683000,35150,35970,35055,35672,37066,29372.65
1441769400,35750,35999,35278,35309,32040,28996.5
1441855800,35400,35850,35325,35403,31219,29105.65
1441942200,35450,35550,34577,34990,38051,29410.5
1442201400,35100,35182,34632,34731,25376,29618.7
1442287800,34700,34788,34468,34638,21840,28821.6
1442374200,34665,35888,34601,35797,42678,29061.15
1442547000,35845,36700,35845,36096,41829,29382.7
1442806200,36015,36245,35867,36190,23509,28296.15
1442892600,36150,36171,35210,35292,36966,27613.35
1442979000,35270,35640,35177,35467,27408,28652.6
1443065400,35558,36392,35382,36241,36065,29855.95
1443411000,36021,36037,34836,35024,43964,31483.6
1443497400,35092,35230,34725,34969,34357,32549.1
1443583800,34900,35025,34450,34567,43816,33861.65
1443670200,34600,34889,34425,34564,35418,34119.3
1444015800,34723,36850,34723,36750,73095,35744.05
1444102200,36717,37740,36620,37355,47110,36081.95
1444188600,37457,37599,37030,37508,40576,36427.65
1444275000,37400,37400,36150,36882,44061,37822.2
1444361400,36713,37340,36702,36846,36652,37801.5
1444620600,36900,37430,36845,37002,32321,37815.55
1444707000,36915,37430,36630,37289,36001,38054.65
1444793400,37250,37645,36980,37576,40148,38159.5
1444879800,37620,37680,37102,37530,34137,38597.55
1444966200,37400,37500,37156,37399,26577,38834.4
1445225400,37250,37280,36745,36949,28182,38109.6
1445311800,36900,37200,36792,37055,31187,37577.5
1445398200,37040,37115,36636,36797,24416,37622.85
1445571000,36925,37390,36682,36945,34982,37523.65
1445830200,36927,37190,36872,37027,19652,37135.85
1445916600,36910,37145,36855,37074,19985,36331.85
1446003000,37160,37979,37101,37843,32319,35749.6
1446089400,37700,37700,36500,36551,55453,36804.4
1446175800,36582,36599,36350,36500,23059,35766.55
1446435000,36419,36475,35965,36186,24290,35210.15
1446521400,36249,36291,35762,35804,24661,32788.45
1446607800,35936,35975,35485,35512,24832,31674.55
1446694200,35487,35590,35277,35507,24251,30858.3
1446780600,35418,35572,34885,34916,25162,29913.35
1447039800,35060,35172,34517,34560,20536,29107.55
1447126200,34670,34670,34060,34278,24536,28718.3
1447212600,34460,34460,34171,34207,3000,27068.25
1447385400,33916,34170,33765,33854,19843,26053
1447644600,33960,34322,33776,33806,22912,25491.75
1447731000,33830,33875,33502,33720,23602,25343
1447817400,33600,33840,33418,33564,20850,24976.4
1447903800,33610,34180,33600,33838,29425,24888.3
1447990200,33870,34180,33480,33599,27195,25027.25
1448249400,34270,34433,33870,34247,4278,23492.05
1448335800,34275,34691,34219,34550,3234,22671.15
1448508600,34490,34900,34490,34731,5184,21931.1
1448595000,34671,34671,34111,34390,9841,20807.2
1448854200,34329,34500,34186,34227,15427,18805.9
1448940600,34430,34533,34161,34194,19092,18607.55
1449027000,34300,34384,33929,34061,16663,18226.2
1449113400,34020,34328,33801,34274,24990,18242.65
1449199800,34328,35330,34170,35216,36861,18844.1
1449459000,35216,35385,34765,34791,22627,18762.9
1449545400,34727,34727,34228,34391,22924,18651
1449631800,34371,34799,34324,34519,23508,18799.6
1449718200,34442,34500,34200,34233,16403,18392.95
1449804600,34250,34308,33650,33998,28661,19676
1450063800,33901,33970,33400,33501,22048,19786.25
1450150200,33476,33667,33340,33620,21419,19711.6
1450236600,33661,34480,33511,34414,27578,19910.4
1450323000,34180,34180,33051,33187,36069,20671.35
1450409400,33244,34163,33129,33948,32365,20818.35
1450668600,34019,34370,33884,34320,28681,20892.65
1450755000,34270,34537,34150,34305,21288,21743.15
1450841400,34200,34345,34080,34234,17660,22464.45
1450927800,34237,34400,34200,34364,9207,22665.6
1451273400,34353,34353,33440,33474,25941,23470.6
1451359800,33475,33824,33475,33573,21648,23781.65
1451446200,33717,33717,33225,33400,22515,23952.8
1451532600,33525,33577,33200,33319,17960,24017.65
1451619000,33301,33426,33250,33349,4439,22990.1
1451878200,33456,34180,33360,33549,41993,23246.7
1451964600,33475,33921,33475,33684,25149,23372.8
1452051000,33720,34134,33676,33784,34647,23958.95
1452137400,33845,34600,33640,34548,40548,24810.95
1452223800,34309,34309,33751,33850,30702,25525.9
1452483000,33999,34000,33553,33679,21410,25163.35
1452569400,33680,33680,33328,33399,24101,25266
1452655800,33471,34243,33343,34185,33986,25894.35
1452742200,34180,34331,33601,33659,33547,26192.8
1452828600,33710,34500,33700,34072,35096,26144.15
1453087800,34150,34161,33851,34107,16328,25342.3
1453174200,34035,34490,33973,34436,29572,25386.85
1453260600,34399,34850,34350,34697,31356,25890.25
1453347000,34650,34760,34040,34383,33405,26677.5
1453433400,34381,34880,34242,34293,30146,27724.45
1453692600,34319,34811,34296,34692,25812,27718
1453865400,34780,35430,34780,35308,26812,27976.2
1453951800,35325,35368,34537,34817,32395,28470.2
1454038200,34849,34869,34526,34764,22254,28684.9
1454297400,34826,35060,34620,34873,22712,29598.55
1454383800,34829,35091,34730,34808,19758,28486.8
1454470200,34890,35805,34825,35748,37387,29098.7
1454556600,35631,36000,35561,35845,26698,28701.25
1454643000,35876,36098,35521,35815,30821,28214.9
1454902200,36000,37300,36000,37136,40898,28724.7
1454988600,37247,37350,36875,37260,28307,29069.55
1455075000,37058,37058,36410,36779,28311,29280.05
1455161400,36900,38795,36900,38321,52168,30189.15
1455247800,38100,38250,37761,37996,25910,29807.3
1455507000,37805,37805,36840,37092,24004,29252.7
1455593400,37060,37469,36627,37220,28753,29873.95
1455679800,37387,37410,36932,37199,22315,29511.1
1455766200,37170,37588,36970,37529,22143,29050.45
1455852600,37472,37749,37310,37512,26153,28687.85
1456111800,37380,37380,36388,36994,28437,28602.4
1456198200,37490,37820,37372,37576,2500,27436.8
1456284600,37667,38290,37402,37596,5513,26371.85
1456371000,37568,37849,37269,37584,5202,25012.2
1456457400,37478,37525,36477,36620,9181,24358.55
1456716600,36525,36774,36373,36673,15001,23973
1456803000,36825,36998,36073,36103,28593,24414.75
1456889400,36150,36600,36112,36516,23594,23725.1
1456975800,36400,36899,36168,36758,24098,23595.1
1457062200,36749,38076,36749,37827,53891,24748.6
1457407800,37666,38160,37351,37446,29101,24158.75
1457494200,37351,37383,36907,37243,27671,24126.95
1457580600,37150,37750,36665,37685,40335,24728.15
1457667000,37750,37839,37480,37634,26294,23434.45
1457926200,37550,38151,37300,37442,34889,23883.4
1458012600,37360,37360,36905,37091,27308,24048.6
1458099000,37051,37199,36872,36915,17067,23464.3
1458185400,37170,38300,37170,38163,45676,24632.35
1458271800,38260,38600,37600,37766,34294,25239.9
1458531000,37757,37947,37507,37877,25691,25216.8
1458617400,37878,38298,37778,37884,30690,25329.45
1458703800,37810,37857,36750,36773,39082,27158.55
1459135800,36630,36891,36464,36572,20844,27925.1
1459222200,36577,36750,36261,36581,31476,29238.8
1459308600,36520,36840,36283,36338,25721,30065.8
1459395000,36300,36940,36300,36759,25526,30592.05
1459481400,36786,36850,35429,35931,44482,31386.5
1459740600,35957,35999,35551,35591,19713,31192.45
1459827000,35770,36350,35770,36097,30001,31487.6
1459913400,36050,36280,35777,36007,28792,30232.65
1459999800,36121,36637,36015,36387,34357,30495.45
1460086200,36355,36713,36163,36685,27075,30465.65
1460345400,36720,37850,36720,37778,36423,30270.05
1460431800,37622,38367,37530,38325,39751,30942.9
1460518200,38300,38627,37975,38573,35317,30964.3
1460950200,38380,38535,38207,38328,21153,30656.55
1461123000,39900,40347,39573,40135,40001,31803.25
1461209400,40300,41449,39500,40094,74460,33242.45
1461295800,40210,40828,39810,39976,43443,33699.9
1461555000,40748,41010,40384,40759,4406,32635.65
1461641400,40850,40899,40379,40828,5057,31354
1461727800,40946,41526,40885,41232,8187,29809.25
1461814200,41232,41888,41065,41802,9854,29259.75
1461900600,41850,42658,41850,42305,27587,29065.3
1462159800,42330,42750,41675,41864,39325,29745.5
1462246200,41900,42063,41362,41622,39649,30451.65
1462332600,41583,41650,41081,41307,34913,29973.2
1462419000,41378,41940,41201,41239,38682,30921.65
1462505400,41270,41848,41150,41741,37932,31318.2
1462764600,41632,41632,40531,40752,34868,31622
1462851000,40753,40929,40625,40850,21555,30981.9
1462937400,41045,41850,41045,41268,35836,31419.95
1463023800,41404,41488,40670,40821,34094,31303.5
1463110200,40846,41025,40300,40985,34867,31059.3
1463369400,41168,41490,40907,40997,25908,30588.85
1463455800,41100,41369,40800,41193,30015,31031.95
1463542200,41051,41107,40575,41057,33874,30725.6
1463628600,40870,40870,39627,39824,46740,29339.6
1463715000,39800,40175,39710,39842,26738,28504.35
1463974200,39806,39834,39387,39677,25235,29545.8
1464060600,39550,39750,39277,39345,26399,30612.9
1464147000,39520,39520,39112,39231,23949,31401
1464233400,39350,39650,39001,39057,31028,32459.7
1464319800,39000,39134,38801,38886,21022,32131.45
1464579000,38800,38800,38370,38586,18160,31073.2
1464665400,38699,38793,38333,38405,22624,30221.95
1464751800,38480,38786,38277,38468,26185,29785.55
1464838200,38425,38620,38400,38535,16783,28690.6
1464924600,38599,39350,38520,39092,30301,28309.05
1465183800,39245,39449,39077,39145,20745,27602.9
1465270200,39180,39240,38729,39015,22132,27631.75
1465356600,39100,40444,39100,40258,41324,27906.15
1465443000,40400,40994,40175,40917,36999,28051.4
1465529400,40871,41143,40700,41073,31285,27872.3
1465788600,40920,41500,40756,41464,32788,28216.3
1465875000,41350,41635,41120,41523,29884,28209.75
1465961400,41325,41620,41325,41560,23576,27694.85
1466047800,41541,42444,41460,41704,44839,27599.8
1466134200,41450,41480,41000,41368,29919,27758.85
1466393400,41201,41979,40880,41802,35099,28252.05
1466479800,41750,41750,41167,41362,29505,28407.35
1466566200,41250,41348,40945,41205,23572,28388.5
1466652600,41138,41526,40882,41193,34639,28569.05
1466739000,42100,43733,42100,43189,8260,27930.95
1466998200,43005,43450,43005,43152,4617,27253.8
1467084600,43040,43300,42734,43195,5542,26399.7
1467171000,43299,44220,43299,43972,13797,25780.3
1467257400,43975,44529,43950,44349,18134,25847.85
1467343800,44550,46500,44550,46418,54684,27067
1467603000,46647,48934,46647,48258,82497,30154.6
1467689400,48200,48350,46805,47380,59677,32031.85
1467862200,47949,47998,46445,46892,43331,32132.2
1467948600,46907,47598,45850,47476,52801,32922.3
1468207800,47690,48627,47633,47820,39730,33344.55
1468294200,47950,48245,47020,47341,41540,33782.15
1468380600,47525,48100,47460,47835,30558,33815.85
1468467000,47660,47679,47022,47517,39041,34589.1
1468553400,47500,47698,47120,47282,31671,33930.7
1468812600,47085,47276,46570,47173,32515,34060.5
1468899000,47055,47120,46730,47031,24926,33551.85
1468985400,46905,46979,45969,46080,39262,34039.7
1469071800,45944,46669,45525,46630,41671,34944.65
1469158200,46625,46646,46175,46320,28159,34620.65
1469417400,46155,46595,45812,46479,29400,35677.65
1469503800,46498,46649,46300,46408,19919,36442.75
1469590200,46282,47350,46162,47026,36960,38013.65
1469676600,47350,48124,47210,47364,44727,39560.15
1469763000,47500,47648,46967,47483,41749,40740.9
1470022200,47599,48054,47599,47733,27672,39390.3
1470108600,47689,48438,47550,48076,34281,36979.5
1470195000,48198,48440,47631,47678,33503,35670.8
1470281400,47501,47928,46875,47681,32800,35144.25
1470367800,47652,47723,46159,46229,45053,34756.85
1470627000,46155,46438,45875,46298,27849,34162.8
1470713400,46350,46440,45924,46373,25005,33336.05
1470799800,46420,47680,46420,47124,37602,33688.25
1470886200,47099,47240,46453,46766,36630,33567.7
1470972600,46701,47080,46056,46139,41267,34047.5
1471318200,46400,46821,46071,46338,34927,34168.1
1471404600,46313,46422,45750,45892,29583,34400.95
1471491000,46030,46344,45884,46096,25901,33732.9
1471577400,46000,46067,45220,45449,32054,33252.05
1471836600,45400,45400,44427,44521,29255,33306.85
1471923000,44700,44880,44465,44505,23915,33032.6
1472009400,44431,44550,43721,43777,31855,33629.4
1472095800,44766,44899,44511,44642,2679,31915.35
1472182200,44755,45650,44619,44918,6061,29982.05
1472441400,44786,45432,44464,45337,4945,28141.85
1472527800,45252,45252,44808,44839,6294,27072.95
1472614200,45041,45344,44750,44831,16371,26177.45
1472700600,44940,45332,44681,45203,25827,25793.65
1472787000,45247,46085,44975,46034,41427,26225
1473132600,46473,47700,46352,47617,31151,25529.9
1473219000,47551,47583,46917,47022,28386,25556.75
1473305400,47185,47363,46620,46725,28733,25743.15
1473391800,46795,46795,46135,46200,27914,25258.75
1473651000,46111,46111,45100,45451,40100,25432.25
1473823800,45600,45839,45415,45618,24778,24607.8
1473910200,45570,46066,45265,45640,35678,24645.35
1473996600,45504,45620,45058,45279,24495,24390.95
1474255800,45299,46250,45299,46054,25848,24388.3
1474342200,46150,46249,45860,46143,19877,23779.45
1474428600,46200,47336,45935,47184,41540,24393.7
1474515000,47265,47649,47058,47578,32945,24845.2
1474601400,47475,47475,46700,46828,27444,24624.65
1474860600,46670,46786,46315,46514,26732,25827.3
1474947000,46501,46501,45380,45509,33208,27184.65
1475033400,45380,45700,45230,45593,22932,28084
1475119800,45700,46048,45550,45845,28610,29199.8
1475206200,45830,46900,45623,45744,44179,30590.2
1475465400,45650,45899,44833,44916,34269,31012.3
1475551800,44946,45115,42605,42897,59226,31902.25
1475638200,43000,43232,42166,42647,45877,32638.55
1475724600,42700,42793,41165,41548,53804,33909.45
1475811000,41627,42338,41105,41893,65127,35729.15
1476070200,42111,42660,42111,42239,28144,35740.65
1476329400,42250,42395,41825,41906,25223,34996.8
1476415800,41913,42130,41580,41841,25601,35037.95
1476675000,41899,42019,41680,41885,17328,34120.45
1476761400,42030,42380,41977,42199,27281,34259.75
1476847800,42200,42498,42078,42217,23567,34145.7
1476934200,42300,42430,41833,42016,25752,34439.45
1477020600,41890,42080,41845,41976,14575,33091.2
1477279800,41998,42637,41952,42083,28878,32887.85
1477366200,42165,42474,42165,42439,21394,32585.35
1477452600,42343,42599,42074,42127,20818,32289.65
1477539000,42150,42342,42006,42240,17325,31495.5
1477625400,42309,42650,41851,42544,30013,31849.55
1477971000,42575,43739,42560,43595,33529,32095.5
1478057400,43699,44200,43628,44105,28500,31311.55
1478143800,44100,44100,42666,43380,39562,31576.2
1478230200,43250,43640,43020,43415,27812,30005.5
1478489400,43325,43325,42625,42951,24547,28939
1478575800,42806,44276,42806,43318,41391,28318.35
1478662200,43520,44820,43267,43403,45238,27323.9
1478748600,43637,44407,43553,44172,28860,27359.7
1478835000,44250,44420,41900,42197,46162,28406.65
1479180600,41160,41600,40789,41423,22196,28236.4
1479267000,41550,41649,41065,41254,18439,28291.95
1479353400,41190,41380,40683,40756,16381,27746.95
1479439800,40630,40656,40150,40397,23292,27733.2
1479699000,40455,40799,40410,40523,15187,27204.95
1479785400,40750,41099,40570,40809,19874,27469.9
1479871800,40807,40887,39912,40535,28527,27452.35
1479958200,40876,41025,40700,40919,1687,26467
1480044600,40741,41250,40493,41084,2749,25563.55
1480303800,41649,41938,41204,41326,5110,24952.8
1480390200,41250,41640,41011,41553,5916,23747.95
1480476600,41435,41850,40910,40992,13648,22753.9
1480563000,41150,41150,40525,40678,20349,22346.35
1480649400,40800,41457,40521,41356,24371,21586.8
1480908600,41295,41438,40777,41382,20930,21242.7
1480995000,41448,41520,41000,41042,17157,20873.2
1481081400,41194,42067,40860,41982,26569,20132.1
1481167800,41851,41869,41400,41550,18545,18797.45
1481254200,41410,41700,41150,41238,21073,18408.1
1481513400,41255,41850,41064,41745,15493,16874.65
1481599800,41725,41770,41012,41245,21961,16862.9
1481686200,41349,41950,41319,41745,24344,17158.15
1481772600,41500,41500,39241,39312,57184,19198.3
1481859000,39400,39925,39226,39714,33836,19725.5
1482118200,39700,39700,39350,39453,17283,19830.3
1482204600,39630,39630,38709,39437,29453,20309.25
1482291000,39650,39800,39095,39162,26096,20187.7
1482377400,39247,39433,38882,38994,23630,21284.85
1482463800,38930,39036,38558,38616,16400,21967.4
1482723000,38720,38720,38377,38537,6345,22029.15
1482809400,38698,39480,38698,39132,23652,22915.95
1482895800,39250,39547,39081,39442,19766,23221.85
1482982200,39490,39937,39376,39641,20601,23234.45
1483068600,39724,39890,38960,39067,22246,23128.2
1483327800,38760,39380,38750,39172,7722,22467.8
1483414200,39362,40570,39266,40296,38438,23531.85
1483500600,40267,40378,40015,40291,21342,23270.5
1483587000,40308,40697,40308,40477,24435,23565
1483673400,40401,40536,39777,40361,29406,23981.65
1483932600,40500,40775,40250,40706,20096,24211.8
1484019000,40779,41329,40564,41115,21827,24205.1
1484105400,41157,41270,40570,41008,24829,24229.35
1484191800,41000,41316,40801,40877,23781,22559.2
1484278200,40750,41100,40620,40905,20339,21884.35
1484537400,40950,41280,40901,40972,12958,21668.1
1484623800,40960,41784,40960,41621,27263,21558.6
1484710200,41650,42095,41534,42020,20420,21274.8
1484796600,41778,41778,40851,41275,27976,21492.1
1484883000,41385,41628,41116,41421,28611,22102.65
1485142200,41588,41878,41560,41706,17904,22680.6
1485228600,41775,41935,41582,41750,15252,22260.6
1485315000,41600,41600,40856,41198,24773,22510.95
1485487800,41000,41756,40505,41456,31824,23072.1
1485747000,41530,41637,41328,41391,18869,22903.25
1485833400,41571,41999,41435,41934,25829,23808.6
1485919800,41830,42270,41724,41914,26002,23186.8
1486006200,42000,42477,41740,41822,26081,23423.75
1486092600,41745,41885,41460,41813,19522,23178.1
1486351800,41950,42347,41950,42299,15452,22480.4
1486438200,42250,42597,42175,42516,21160,22533.6
1486524600,42412,42541,42212,42370,17817,22333.1
1486611000,42375,42437,41900,42037,22217,22202.5
1486697400,41878,42777,41800,42607,24594,22243.15
1486956600,42611,42750,42354,42445,15003,21976.35
1487043000,42444,42875,42233,42486,24517,22554.3
1487129400,42568,42690,42309,42664,17740,22078.15
1487215800,42749,43150,42660,43024,22012,22157.75
1487302200,43007,43007,42800,42948,14935,21505.7
1487561400,42804,42946,42620,42909,9647,20557.5
1487647800,42800,42931,42400,42851,20804,20702.5
1487734200,43264,43395,43191,43273,1387,20009.25
1487820600,43245,43587,43120,43424,2609,18901.05
1488166200,43860,44156,43545,44033,4989,17559.3
1488252600,43912,44097,43726,43983,12247,17228.2
1488339000,43916,44140,43735,44068,19390,16906.25
1488425400,43950,44000,42510,42659,31018,17157.05
1488511800,42570,42750,42388,42545,19437,16824.85
1488771000,42632,42941,42400,42447,14308,16564.15
1488857400,42341,42485,41902,41960,17123,16647.7
1488943800,41930,41969,41400,41445,18080,16493.7
1489030200,41386,41425,40761,40849,21477,16676.7
1489116600,40750,40932,40440,40552,23032,16717.45
1489462200,40419,40486,40036,40104,17768,16376.15
1489548600,40104,40138,39850,40065,16784,16465.2
1489635000,40397,41243,40397,40611,26647,16571.7
1489721400,40900,40965,40702,40926,12441,16306.75
1489980600,41145,41244,40824,40889,10745,15743.4
1490067000,40782,41328,40700,41297,17458,15869.55
1490153400,41188,41375,41081,41247,13561,16065.25
1490239800,41200,41538,41188,41314,16286,15839.35
1490326200,41347,41624,41174,41551,14254,16482.7
1490585400,41575,42180,41575,42141,16845,17194.5
1490671800,42053,42468,42012,42415,15950,17742.55
1490758200,42090,42330,42000,42302,13711,17815.75
1490844600,42327,42427,42001,42165,15980,17645.25
1490931000,42100,42378,41920,42340,14071,16797.9
1491190200,42376,42437,42070,42341,14117,16531.9
1491363000,42537,42537,42200,42275,15084,16570.7
1491449400,42366,42408,41956,42107,13304,16379.75
1491535800,42270,42444,41002,41390,22887,16620.1
1491795000,41380,41480,41030,41379,15315,16312
1491881400,41465,42280,41332,42202,21433,16232.05
1491967800,42220,42441,42151,42218,12908,15989.05
1492054200,42330,42729,42330,42573,16358,15967.75
1492399800,42700,42750,42450,42503,11306,15200.7
1492486200,42325,42387,41653,42191,19764,15566.85
1492572600,42001,42076,41738,41913,14919,15775.55
1492659000,41881,41989,41222,41512,20149,15910.1
1492745400,41470,41491,41113,41304,16092,16036.65
1493004600,41652,41780,41350,41709,3558,15400.25
1493091000,41657,41667,40859,40955,4389,14907
1493177400,40825,40896,40250,40358,6000,14364.75
1493263800,40400,40649,40100,40168,5749,13854.7
1493350200,40243,40469,40005,40098,14443,13891.3
1493695800,39495,39536,39059,39089,15060,13845.3
1493782200,39150,39249,38511,38592,20980,14190.75
1493868600,38700,38700,37861,38077,29286,14949.2
1493955000,38102,38549,37911,38042,26542,15522.1
1494214200,38150,38302,37950,38032,17059,15709.85
1494300600,38100,38150,37752,37811,17902,15460.6
1494387000,37925,38290,37888,37976,19549,15672.3
1494473400,38000,38244,37880,38015,19006,15550.95
1494559800,38075,38327,38075,38175,15831,15697.1
1494819000,38215,38925,38215,38528,21787,15968.55
1494905400,38625,38800,38602,38767,14760,16141.25
1494991800,38820,39390,38820,39221,22130,16259.55
1495078200,39298,39426,38575,38921,40720,17549.6
1495164600,38921,39250,38814,39135,22025,17643.4
1495423800,39224,39937,39149,39898,25482,18112.9
1495510200,39711,40270,39685,39981,29253,19397.65
1495596600,39790,39906,39501,39856,22007,20278.55
1495683000,39859,40017,39786,39832,15559,20756.5
1495769400,39832,40210,39817,40112,20043,21471.2
1496028600,40150,40390,40116,40349,11905,21344.3
1496115000,40400,40500,39950,40304,25437,21863.15
1496201400,40190,40279,39901,40128,21336,21880.95
1496287800,40139,40139,39355,39839,31063,21969.8
1496374200,39621,40418,39495,40294,30635,22174.45
1496633400,40350,40640,40310,40475,18064,22224.7
1496719800,40560,40856,40382,40794,18952,22277.2
1496806200,40799,40799,40435,40585,21364,22367.95
1496892600,40500,40675,39805,40060,27647,22800
1496979000,39907,39960,39570,39711,18959,22956.4
1497238200,39560,39629,39100,39177,22910,23012.55
1497324600,39100,39100,38663,38782,21644,23356.75
1497411000,38900,39819,38855,39432,29609,23730.7
1497497400,39151,39170,38576,38733,25938,22991.6
1497583800,38579,38848,38453,38496,17706,22775.65
1497843000,38454,38495,38151,38181,17432,22373.15
1497929400,38256,38383,37957,38079,19845,21902.75
1498015800,38195,38240,37825,37987,18123,21708.55
1498102200,38200,38540,38150,38238,19471,21904.15
1498188600,38850,39180,38840,38998,2437,21023.85
1498534200,38775,38998,38700,38833,4236,20640.4
1498620600,38915,39330,38915,39150,5632,19650.15
1498707000,39353,39375,38856,39040,8572,19011.95
1498793400,39050,39125,38666,38822,14477,18182.65
1499052600,38797,38835,37805,37853,30509,18176.35
1499139000,37925,37925,37550,37656,18196,18182.95
1499225400,37745,37864,37261,37374,28037,18637.2
1499311800,37530,37630,37352,37477,20480,18593
1499398200,37468,37468,36010,36256,50228,19722.05
1499657400,36320,36625,35500,36577,51201,21334.15
1499743800,36446,36848,36104,36795,36080,21992.65
1499830200,36900,37220,36708,36995,33535,22587.2
1499916600,37100,37148,36550,36621,25500,22381.75
1500003000,36550,37248,36355,36999,35132,22841.45
1500262200,37100,37530,37100,37434,24756,23193.95
1500348600,37480,37795,37351,37727,27989,23721.8
1500435000,37680,37840,37467,37779,25938,24026.45
1500521400,37701,37979,37456,37917,33084,24774.5
1500607800,37850,38200,37769,38174,21982,24900.05
1500867000,38179,38390,38065,38107,21203,25838.35
1500953400,38110,38438,37672,38307,39682,27610.65
1501039800,38200,38200,37803,38106,24549,28556.5
1501126200,38200,38700,38200,38288,29361,29595.95
1501212600,38200,38550,38120,38482,22527,29998.45
1501471800,38411,38870,38410,38665,21751,29560.55
1501558200,38747,38776,38250,38530,28376,30069.55
1501644600,38400,38400,37710,38139,36593,30497.35
1501731000,38100,38130,37570,38046,31812,31063.95
1501817400,38064,38249,37042,37274,43177,30711.4
1502076600,37348,37398,36955,37288,22210,29261.85
1502163000,37350,37634,37175,37516,27751,28845.4
1502249400,37600,38699,37600,38608,39854,29161.35
1502335800,38620,39534,38620,39225,39859,29879.3
1502422200,39225,39400,38800,39208,35640,29904.7
1502681400,39250,39393,38900,39198,25950,29964.4
1502854200,39120,39120,38321,38876,31260,30127.95
1502940600,38950,39360,38950,39110,26644,30163.25
1503027000,39000,39676,38910,39063,38366,30427.35
1503286200,38970,39265,38800,39097,22528,30454.65
1503372600,39050,39230,38725,38945,26865,30737.75
1503459000,38920,39150,38887,39078,18455,29676.4
1503545400,39721,39818,39250,39513,3109,28604.4
1503891000,39844,40470,39715,40411,6245,27448.6
1503977400,40475,40950,40417,40493,8487,26746.6
1504063800,40485,40530,40180,40431,8100,26064.05
1504150200,40431,40780,40230,40721,17861,25538.3
1504236600,40606,41000,40459,40949,32267,25322
1504495800,41299,41540,41120,41435,20011,24731.95
1504582200,41580,41679,41267,41444,27169,23931.55
1504668600,41550,41630,41250,41339,23284,23985.25
1504755000,41220,41830,41171,41631,33529,24274.15
1504841400,41699,41932,41350,41587,29356,23749.25
1505100600,41410,41410,40910,41189,28329,23172.75
1505187000,41052,41280,40975,41235,21916,22486.55
1505273400,41130,41450,40927,41128,26605,22519.3
1505359800,41015,41200,40716,41148,26155,22264.05
1505446200,41250,41250,40719,40832,25263,22195
1505705400,40750,40750,39626,39778,31060,21829.7
1505791800,39850,40179,39660,40079,21485,21777.55
1505878200,40133,40377,40061,40264,18313,21349.95
1505964600,40155,40155,39552,39856,25708,21712.6
1506051000,39980,40085,39650,39735,18150,22464.65
1506310200,39700,40444,39610,40305,26521,23478.45
1506396600,40395,40625,39702,39870,28075,24457.85
1506483000,39980,40039,39700,39763,21629,25134.3
1506569400,39719,39845,39563,39771,18935,25188
1506655800,39760,39890,39328,39468,21363,24642.8
1507001400,39336,39431,39260,39355,10868,24185.65
1507087800,39445,39639,39026,39103,23467,24000.55
1507174200,39070,39328,39032,39194,17430,23707.85
1507260600,39110,39845,38721,39621,36522,23857.5
1507519800,39700,40025,39700,39947,16416,23210.5
1507606200,40010,40485,40000,40354,21038,22845.95
1507692600,40326,40326,40102,40154,12641,22382.2
1507779000,40264,40439,40140,40368,17033,21903.6
1507865400,40263,40490,40195,40417,20028,21597.25
1508124600,40425,40650,40327,40364,14898,21079
1508211000,40310,40310,39750,39784,20616,20556.8
1508297400,39834,39935,39612,39785,13900,20177.55
1508383800,39736,39895,39698,39861,3477,19435.75
1508729400,39800,39998,39510,39924,20870,19193.85
1508815800,39960,40050,39685,39737,16466,19109.65
1508902200,39692,39710,39402,39506,19699,18768.55
1508988600,39500,39680,39251,39296,19203,18324.95
1509075000,39320,39320,38940,39163,20800,18283.5
1509334200,39133,39375,38982,39290,14834,18078.45
1509420600,39299,39330,38662,38833,19403,17980.45
1509507000,38838,39799,38822,39721,32871,19080.6
1509593400,39820,39936,39504,39630,21661,18990.3
1509679800,39662,39780,39012,39066,23389,19288.25
1509939000,39066,39950,39066,39910,23004,18612.35
1510025400,39777,40044,39565,39611,23723,18977.7
1510111800,39660,40125,39612,39912,22757,19063.65
1510198200,39850,39920,39470,39656,20651,19464.15
1510284600,39601,39975,39352,39524,21942,19709.6
1510543800,39531,39950,39476,39925,19004,19658.4
1510630200,39974,39986,39553,39847,20789,19952.95
1510716600,39870,40086,39662,39729,21712,20007.75
1510803000,39700,39850,39612,39813,14763,20050.9
1510889400,39715,40225,39553,40028,18651,20809.6
1511148600,40120,40120,39220,39283,25555,21043.85
1511235000,39357,39490,39233,39319,17032,21072.15
1511321400,39300,39629,39273,39584,14657,20820.05
1511407800,39569,39569,39375,39407,9655,20342.65
1511494200,40189,40239,39850,39941,2099,19407.6
1511753400,39999,40170,39859,39968,2658,18798.8
1511839800,39988,39989,39279,39433,8007,18229
1511926200,39511,39577,38710,38755,11234,17147.15
1512012600,38895,38895,38310,38391,17576,16942.9
1512099000,38594,38800,38160,38488,25925,17069.7
1512358200,38420,38450,38075,38192,18493,16844.15
1512444600,38163,38268,37567,37657,21764,16746.2
1512531000,37561,37880,37450,37479,19170,16566.85
1512617400,37477,37513,37026,37060,21748,16621.7
1512703800,37056,37234,36906,37084,21739,16611.55
1512963000,37172,37200,36910,36963,14682,16395.45
1513049400,36999,37099,36711,36770,18483,16280.15
1513135800,36836,37050,36732,36998,15892,15989.15
1513222200,37111,37590,36971,37084,24671,16484.55
1513308600,37110,37389,36960,37241,19127,16508.35
1513567800,37270,37597,37270,37570,17503,16105.75
1513654200,37532,37650,37350,37423,17355,16121.9
1513740600,37450,37775,37450,37678,16614,16219.75
1513827000,37705,37712,37406,37561,15032,16488.6
1513913400,37600,38069,37490,37984,18262,17296.75
1514259000,38020,38347,38001,38321,14533,17890.5
1514345400,38356,38748,38271,38702,19469,18463.6
1514431800,38750,38977,38555,38933,22921,19047.95
1514518200,38933,39329,38780,39259,21501,19244.2
1514777400,39260,39263,39098,39203,3693,18132.6
1514863800,39150,39300,38980,39201,16738,18044.85
1514950200,39200,39348,39005,39311,18134,17863.35
1515036600,39250,39395,38900,39297,25999,18204.8
1515123000,39284,39370,39061,39272,20874,18161.1
1515382200,39263,39284,38950,39057,17107,17929.5
1515468600,39030,39150,38822,38869,16265,18008.65
1515555000,38829,39326,38744,39017,25857,18377.35
1515641400,39023,39068,38651,38964,18435,18504.5
1515727800,39030,39235,38917,39082,21786,18360.25
1515987000,39200,39667,39200,39594,16423,18225.05
1516073400,39608,39712,38709,39432,26788,18689.3
1516159800,39418,39500,39077,39221,19197,18781.4
1516246200,39226,39226,38885,38939,18424,18871.9
1516332600,38956,39145,38907,38991,13880,18814.3
1516591800,38933,39156,38900,39001,13262,18564.3
1516678200,39086,39095,38450,38757,24049,19040.1
1516764600,38900,39790,38884,39726,32466,19689.95
1516851000,39799,40193,39661,39972,25911,19839.45
1517196600,39870,39870,39101,39163,22685,19898.65
1517283000,39165,39462,39042,39151,21427,20785.35
1517369400,39300,39390,39158,39333,15632,20730.05
1517455800,39400,39593,39255,39322,21862,20916.45
1517542200,39448,39628,38518,38675,33469,21289.95
1517801400,38722,38884,38410,38585,20313,21261.9
1517887800,38700,39145,38325,38365,27653,21789.2
1517974200,38401,38599,37720,37899,26037,22277.8
1518060600,37920,38168,37596,38029,25219,22245.9
1518147000,37974,38043,37561,37607,21301,22389.2
1518406200,37815,38320,37815,38281,21747,22387.25
1518579000,38300,38773,37800,38683,31909,23161.55
1518665400,38769,38864,38212,38514,23851,23014.7
1518751800,38600,38870,38600,38687,19172,23013.45
1519011000,38687,38697,38500,38609,10325,22608.5
1519097400,38400,38727,38252,38422,21299,22979.45
1519183800,38306,38700,38105,38658,24458,23539.25
1519270200,39010,39289,38821,39250,3870,22530.3
1519356600,39310,39310,38935,38977,3079,21060.95
1519615800,39160,39299,38880,39091,4999,20015.35
1519702200,39005,39200,38660,38753,9048,19333.5
1519788600,38700,38928,38660,38803,12537,18889
1519875000,38710,38710,38325,38582,23869,19300.85
1520220600,39010,39045,38637,38667,18512,19133.35
1520307000,38747,39527,38660,39307,33819,19150.85
1520393400,39299,39300,38675,38735,28875,19578.95
1520479800,38846,38914,38655,38787,18896,19141.1
1520566200,38700,39156,38610,38981,29573,19317.9
1520825400,38963,38967,38689,38773,17651,18939.5
1520911800,38794,38960,38651,38840,20266,18887.75
1520998200,38870,39089,38752,38779,19501,18775.45
1521084600,38890,38895,38525,38606,17481,18054.05
1521171000,38591,38719,38190,38372,25166,18119.8
1521430200,38350,38586,38231,38535,19594,18140.9
1521516600,38476,38515,38120,38242,18875,18568.4
1521603000,38210,38838,38210,38709,28154,18911.15
1521689400,38700,38946,38520,38601,22504,18813.45
1521775800,38689,39000,38689,38890,21122,19676.05
1522035000,38979,39170,38757,38977,17491,20396.65
1522121400,38972,39149,38611,38686,21746,21234
1522207800,38790,38800,38301,38333,20606,21811.9
1522639800,38399,39065,38399,39040,26806,22525.35
1522726200,39000,39000,38366,38443,26392,22651.5
1522812600,38453,38730,38163,38235,31173,23284.55
1522899000,38249,38320,37960,38247,27582,22972.7
1522985400,38323,38472,38112,38258,29270,22992.45
1523244600,38256,38580,38225,38556,19208,23008.05
1523331000,38500,38844,38411,38739,21364,22597.6
1523417400,38763,39478,38724,39201,33737,23401.9
1523503800,39101,39133,38660,38686,23449,23561.05
1523590200,38702,39050,38601,38940,19529,23562.45
1523849400,39050,39300,38870,39118,19950,23685.9
1523935800,39113,39436,39036,39381,24645,23659.85
1524022200,39370,40440,39305,40379,31285,24244.4
1524108600,40303,40773,40200,40643,30806,24840.95
1524195000,40544,40574,40166,40493,19189,24392.7
1524454200,40420,40420,39456,39522,26445,24589.75
1524540600,40177,40298,39960,40220,2821,23674.7
1524627000,40240,40286,40050,40133,2563,22928.3
1524713400,40061,40120,39760,39983,3477,22014.85
1524799800,39905,39964,39680,39694,5922,21280.65
1525059000,39722,39725,39100,39358,19142,20897.45
1525231800,39100,39695,39100,39526,21015,20628.6
1525318200,39550,39882,39425,39644,19812,20060.55
1525404600,39644,39780,39551,39757,15499,19456.4
1525663800,39798,40071,39798,39935,14078,18696.8
1525750200,39935,39944,39553,39820,19253,18699.05
1525836600,39899,40283,39825,40108,19948,18628.25
1525923000,40166,40500,39978,40409,22152,18049
1526009400,40392,40721,40371,40563,17235,17738.3
1526268600,40501,40550,40312,40383,14746,17499.15
1526355000,40301,40301,39860,39972,21669,17585.1
1526441400,39839,40050,39635,39992,18062,17255.95
1526527800,39900,40227,39856,40135,17297,16556.55
1526614200,40111,40270,40060,40212,13664,15699.45
1526873400,40166,40435,39912,40404,21501,15815.05
1526959800,40301,40773,40239,40509,20127,15499.15
1527046200,40580,40698,40201,40295,25872,16651.7
1527132600,40258,40929,40258,40893,27457,17896.4
1527219000,40860,40860,40210,40294,22790,18862.05
1527478200,40201,40201,39850,39944,14234,19277.65
1527564600,39950,40229,39830,39998,23372,19489.15
1527651000,39928,40134,39680,40069,21724,19524.6
1527737400,40051,40230,39870,39928,19861,19527.05
1527823800,39870,39870,39511,39562,20856,19794.9
1528083000,39563,39847,39455,39598,17206,19951.3
1528169400,39630,39860,39508,39825,17102,19843.75
1528255800,39786,40145,39633,39950,18886,19790.65
1528342200,39901,40733,39901,40485,26934,20029.75
1528428600,40421,40681,40240,40426,19702,20153.1
1528687800,40480,40827,40431,40799,20326,20432.1
1528774200,40767,40837,40452,40701,21157,20406.5
1528860600,40649,40926,40585,40782,17125,20359.65
1528947000,40785,41625,40785,41526,36900,21339.8
1529033400,41475,41696,40160,40212,46498,22981.5
1529292600,40156,40350,39950,40028,21432,22978.05
1529379000,40140,40150,39666,39703,20155,22979.45
1529465400,39666,39769,39557,39639,12381,22304.9
1529551800,39601,39601,39405,39571,14275,21645.8
1529638200,39530,39870,39514,39805,15260,21269.3
1529897400,40400,40565,40288,40313,2842,20699.7
1529983800,40330,40421,40050,40323,3780,19720.1
1530070200,40314,40448,40151,40354,4515,18859.65
1530156600,40254,40297,39785,39844,9069,18320.05
1530243000,39940,40042,39700,39958,13418,17948.15
1530502200,39954,39954,39294,39416,17219,17948.8
1530588600,39412,39837,39360,39738,17213,17954.35
1530675000,39765,39987,39730,39935,13404,17680.25
1530761400,39944,40035,39712,39900,14621,17064.6
1530847800,39840,40099,39675,39791,13189,16738.95
1531107000,39803,40186,39803,39907,16055,16525.4
1531193400,39987,40011,39550,39814,16758,16305.45
1531279800,39760,39760,39260,39319,16710,16284.7
1531366200,39255,39440,39151,39357,14990,15189.2
1531452600,39340,39390,38850,39071,18860,13807.3
1531711800,39148,39261,38951,39062,11323,13301.85
1531798200,39017,39112,38431,38540,21123,13350.25
1531884600,38492,38559,38150,38457,19741,13718.25
1531971000,38340,38424,37913,38317,25502,14279.6
1532057400,38159,38539,38071,38490,21941,14613.65
1532316600,38445,38570,38234,38308,18162,15379.65
1532403000,38226,38740,38177,38490,21256,16253.45
1532489400,38440,38700,38380,38578,17317,16893.55
1532575800,38540,38634,38275,38301,16510,17265.6
1532662200,38450,38503,38040,38356,21582,17673.8
1532921400,38270,38430,38200,38375,12024,17414.05
1533007800,38267,38460,38021,38353,25289,17817.85
1533094200,38240,38275,37920,37982,19582,18126.75
1533180600,38040,38222,37857,37971,19123,18351.85
1533267000,37950,38310,37774,38111,23948,18889.8
1533526200,38125,38160,37887,37923,15052,18839.65
1533612600,37979,38199,37890,37919,19707,18987.1
1533699000,37980,38116,37805,37971,21125,19207.85
1533785400,38023,38218,37925,38151,19463,19431.5
1533871800,38075,38149,37941,37996,20025,19489.75
1534131000,38010,38180,37682,37739,30099,20428.55
1534217400,37713,37895,37685,37824,16170,20180.9
1534390200,37760,37760,36432,36931,33931,20890.4
1534476600,36903,37019,36773,36808,17686,20499.6
1534735800,36829,37067,36752,36806,18934,20349.25
1534822200,36885,37085,36885,36981,16740,20278.15
1534995000,36888,36888,36572,36637,21331,20281.9
1535081400,36669,37145,36546,37031,25700,20701.05
1535340600,37801,38120,37786,38003,4000,20075.55
1535427000,38075,38400,37978,38013,6846,19338.75
1535513400,38050,38090,37829,38000,7225,19098.8
1535599800,37970,38029,37700,37723,10676,18368.15
1535686200,37764,38065,37502,37519,25993,18688.7
1535945400,37501,37684,37367,37655,14700,18467.55
1536031800,37555,37660,36690,36884,37231,19131.7
1536118200,36902,37170,36902,37071,20367,19397.45
1536204600,37141,37478,37120,37191,25862,19705.2
1536291000,37100,37371,36951,37207,25615,19929.7
1536550200,37150,37586,37149,37525,21011,20007.1
1536636600,37475,37535,37047,37425,26391,20325.4
1536723000,37399,37554,37000,37307,31072,20374.05
1536895800,37065,37279,36931,37020,19610,20546.05
1537155000,37100,37530,37100,37465,23757,20037.35
1537241400,37400,37680,37215,37474,25108,20408.45
1537327800,37549,37630,37330,37360,21436,20533.55
1537500600,37390,37866,37316,37628,42176,21805.35
1537759800,37550,38020,37406,37897,23041,21890.85
1537846200,37850,38433,37700,38273,27475,21979.6
1537932600,38300,38327,37880,37899,22765,22917.85
1538019000,38000,38090,37450,37625,27639,23957.5
1538105400,37658,38650,37541,38604,38462,25519.35
1538364600,38640,38640,38083,38469,30833,26527.2
1538537400,38550,39329,38550,39120,28017,26628.4
1538623800,38980,39350,38881,39003,27689,27277.85
1538710200,38952,39380,38760,39301,29218,26877.2
1538969400,39130,39130,38435,38486,28891,27303.4
1539055800,38550,38821,38482,38644,22115,27116.05
1539142200,38668,38760,38351,38518,18865,26778.55
1539228600,38538,39060,38451,38917,31772,27316.6
1539315000,38850,39115,38780,38943,21246,27059.35
1539574200,38990,39475,38990,39181,23402,26675.85
1539660600,39300,39340,38875,38898,22441,26817.4
1539747000,38803,39125,38774,38871,19559,26607.5
1539919800,38875,38980,38728,38820,17998,26252
1540179000,38804,38940,38640,38754,18477,26104.05
1540265400,38799,39290,38738,39148,27639,25377.2
1540351800,39145,39168,38820,38862,19869,25218.6
1540438200,38980,39048,38615,38650,20947,24892.2
1540524600,38699,39032,38630,38755,25879,25047.9
1540783800,38785,38995,38230,38319,29376,25134.75
1540870200,38444,38505,38203,38353,19842,24203.75
1540956600,38498,38500,38051,38082,21879,23756.05
1541043000,38123,38924,38031,38811,33480,24029.2
1541129400,38675,38871,38478,38653,28689,24079.2
1541388600,38550,38739,38350,38392,16821,23459.35
1541475000,38433,38559,38120,38168,17076,22868.6
1541561400,38250,38328,38175,38287,3270,21926.35
1541734200,37590,37644,36700,36915,22490,22107.6
1541993400,36920,37180,36700,36726,16641,21351.05
1542079800,36735,36810,36383,36416,20151,21296.3
1542166200,36316,36575,36055,36518,19118,21082.1
1542252600,36571,36778,36453,36707,18291,20874.6
1542339000,36580,37150,36580,37023,19758,20884.55
1542598200,37020,37116,36801,36891,13890,20679.15
1542684600,36811,37049,36515,36626,18988,20704.7
1542771000,36620,37047,36553,36953,17333,20189.4
1542857400,36999,37020,36573,36610,13068,19849.35
1543203000,36969,37338,36910,36922,3790,18991.5
1543289400,36980,37087,36626,36666,5823,17988.7
1543375800,36700,37138,36565,37006,6798,16859.8
1543462200,37000,37000,36451,36513,8840,16309.7
1543548600,36500,36700,35924,36068,20198,16225.65
1543807800,36240,37428,36240,37141,33173,16210.3
1543894200,37164,37719,37164,37513,23276,15939.65
1543980600,37400,37480,37135,37455,16146,15905.9
1544067000,37429,37555,37102,37252,19873,16045.75
1544153400,37299,38040,37216,38003,22196,16992.05
1544412600,38000,38498,37740,38405,26291,17182.1
1544499000,38380,38700,38112,38361,24903,17595.2
1544585400,38393,38640,38180,38597,20849,17630.1
1544671800,38500,38545,38251,38386,19375,17642.95
1544758200,38300,38330,38015,38084,17436,17600.2
1545017400,38030,38234,37909,38192,14679,17346.25
1545103800,38210,38210,37436,37480,20814,17692.45
1545190200,37430,37856,37392,37707,16694,17577.75
1545276600,37673,37680,37225,37548,24279,17925.05
1545363000,37465,37638,37232,37282,19245,18233.9
1545622200,37425,37620,37337,37573,15303,18809.55
1545795000,37601,38517,37601,38286,26553,19846.05
1545881400,38400,38818,38118,38724,26897,20851
1545967800,38849,38929,38618,38733,19956,21406.8
1546227000,38850,38899,38580,38851,20357,21414.75
1546313400,38830,38850,38701,38814,4192,19965.7
1546399800,38720,39283,38651,39151,28857,20244.75
1546486200,39175,39550,39175,39524,25764,20725.65
1546572600,39580,39690,39151,39213,26659,21064.95
1546831800,39273,39548,39193,39249,20206,20965.45
1546918200,39086,39385,38852,39362,19611,20631.45
1547004600,39341,39663,39254,39536,22129,20492.75
1547091000,39580,39800,39285,39311,20088,20454.7
1547177400,39245,39649,39230,39368,18849,20428.4
1547436600,39300,39585,39250,39572,15033,20308.25
1547523000,39600,39790,39486,39592,21750,20661.8
1547609400,39560,39770,39455,39617,19776,20609.9
1547695800,39650,39700,39369,39426,16872,20618.8
1547782200,39480,39613,39150,39229,21874,20498.55
1548041400,39199,39249,38811,38909,17698,20421.2
1548127800,38900,39168,38780,39102,19882,20650.15
1548214200,39147,39340,38961,39120,18642,20254.6
1548300600,39182,39183,38865,38905,15117,19665.6
1548387000,38911,39721,38911,39691,26122,19973.9
1548646200,39750,40119,39674,39954,20714,19991.75
1548732600,39955,40360,39926,40293,22777,20921
1548819000,40216,40495,40180,40357,18036,20379.95
1548905400,40397,40690,40364,40462,21387,20161.1
1548991800,40400,40800,40215,40604,25807,20118.5
1549251000,40500,40659,40251,40633,21254,20170.9
1549337400,40590,40749,40370,40388,18871,20133.9
1549423800,40433,40456,40145,40168,16535,19854.2
1549510200,40100,40100,39877,39941,17430,19721.3
1549596600,39878,40266,39752,40129,20327,19795.2
1549855800,40120,40120,39751,39835,15670,19827.05
1549942200,39970,39970,39460,39516,20080,19743.55
1550028600,39550,39925,39507,39603,19203,19714.9
1550115000,39593,39593,39278,39456,21732,19957.9
1550201400,39500,40071,39500,39970,21404,19934.4
1550460600,40080,40298,40080,40183,12686,19683.8
1550547000,40273,40594,40162,40570,18395,19609.45
1550633400,40645,40946,40542,40898,15055,19430.1
1550719800,40712,40712,40131,40175,20286,19688.55
1550806200,40771,40961,40671,40891,2468,18505.85
1551065400,40940,41030,40635,40660,3534,17646.85
1551151800,40800,40997,40600,40713,3887,16702.35
1551238200,40777,40918,40400,40435,6582,16129.65
1551324600,40500,40577,39905,39910,13830,15751.8
1551411000,39975,40070,39010,39071,25843,15753.6
1551756600,38820,38880,38415,38484,18484,15615.1
1551843000,38484,38674,38137,38194,21637,15753.4
1551929400,38248,38267,37930,38091,21063,15979.8
1552015800,38085,38830,38085,38759,26476,16432.1
1552275000,38737,38758,38410,38484,17895,16310.5
1552361400,38648,38880,38601,38714,18552,16454.6
1552447800,38750,38975,38730,38768,19442,16422.7
1552534200,38800,38800,37857,37962,30323,16978.7
1552620600,38100,38360,38050,38119,21612,16972.7
1552879800,38100,38150,37780,37942,18594,16832.2
1552966200,37976,38400,37976,38287,21013,17248.55
1553052600,38170,38241,37911,38011,22452,17451.4
1553225400,38285,38565,38200,38393,23001,17848.7
1553484600,38451,38647,38373,38619,18689,17768.85
1553571000,38526,38599,38297,38353,19672,18629.05
1553657400,38376,38424,38009,38054,24100,19657.35
1553743800,38088,38119,37305,37352,29682,20947.1
1553830200,37300,37872,37300,37785,23384,21787.2
1554089400,37818,37852,37542,37640,20444,22117.9
1554175800,37650,37650,37064,37396,24405,22046
1554262200,37480,37560,37177,37254,24550,22349.3
1554348600,37310,37540,37037,37490,30486,22791.75
1554435000,37450,37812,37444,37549,30448,23261
1554694200,37670,38136,37670,38039,22913,23082.85
1554780600,37980,38165,37838,37867,21131,23244.65
1554867000,37820,37922,37652,37882,21465,23390.3
1554953400,37801,37801,36907,36949,32547,24045.55
1555039800,37088,37480,37045,37254,25253,23792.05
1555299000,37135,37350,36925,37299,23196,23871.25
1555385400,37206,37360,37091,37287,21133,23998.2
1555558200,37250,37410,37143,37258,18466,23870.85
1555903800,37300,37625,37300,37404,16460,23571.25
1555990200,37417,37484,36860,36997,24099,23626.15
1556076600,37607,38123,37552,38100,4809,22932.15
1556163000,38015,38298,37886,38096,5166,22206.85
1556249400,38162,38320,37921,38153,6589,21331.3
1556595000,38100,38100,37485,37762,21790,20936.7
1556767800,37125,37125,36678,36743,26201,21077.55
1556854200,36896,37469,36686,37425,35675,21839.1
1557113400,37307,37445,37078,37406,23857,21811.7
1557199800,37450,37548,37209,37489,24466,21807.5
1557286200,37522,37699,37400,37432,23950,21480.7
1557372600,37410,37596,37323,37427,23582,21137.4
1557459000,37395,37519,37291,37384,18223,20902.9
1557718200,37300,37750,37236,37680,25177,21105.2
1557804600,37688,37786,37490,37554,21009,21082.4
1557891000,37598,37710,37450,37548,19276,20418.85
1557977400,37515,37585,36876,36894,28209,20566.65
1558063800,36998,36998,36570,36611,23624,20588.05
1558323000,36580,36580,36113,36401,20175,20540.15
1558409400,36413,36413,36220,36281,16252,20429.45
1558495800,36340,36465,36251,36344,14932,20353.05
1558582200,36300,36766,36080,36693,23577,20326.95
1558668600,36683,36683,36393,36417,15757,20874.35
1558927800,36500,36635,36455,36491,13297,21280.9
1559014200,36470,36535,35887,35950,29689,22435.9
1559100600,36099,36350,36060,36314,27370,22714.9
1559187000,36200,36575,36063,36445,23567,22583.2
1559273400,36400,36735,36323,36476,25368,22067.85
1559532600,36575,36780,36425,36732,24049,22077.45
1559619000,36660,36911,36534,36878,27845,22246.4
1559791800,36902,37265,36892,37050,24922,22295
1559878200,37052,37599,36960,37376,32664,22749.1
1560137400,37275,37275,36555,36611,26025,23139.2
1560223800,36685,36850,36520,36760,22033,22982
1560310200,36827,36975,36743,36777,19981,22930.6
1560396600,36780,37143,36685,37122,22867,23110.15
1560483000,37151,37693,37021,37060,38602,23629.8
1560742200,37150,37273,36971,37116,24471,23672.15
1560828600,37087,37470,37087,37324,33799,24353.35
1560915000,37323,37415,37231,37320,17852,24433.35
1561001400,37400,38465,37400,38369,45203,25946.9
1561087800,38500,38580,37741,37958,35972,26566.65
1561347000,38600,38728,38450,38598,3651,25961.35
1561433400,38664,38850,38380,38534,7884,25690.7
1561519800,38400,38463,38203,38427,7711,24591.8
1561606200,38350,38350,37983,38102,11474,23797
1561692600,38159,38268,38041,38151,15677,23402.5
1561951800,38025,38082,37691,37718,29685,23618.35
1562038200,37749,37875,37500,37838,24509,23641.35
1562124600,37900,38132,37820,37985,25352,23516.7
1562211000,37966,38048,37760,37803,16686,23104.9
1562297400,37840,39260,37700,37954,41561,23549.75
1562556600,38025,38215,37961,38048,19079,23202.45
1562643000,38050,38220,37886,38200,24767,23339.15
1562729400,38191,38468,38037,38329,24661,23573.15
1562815800,38360,38519,38115,38144,25117,23685.65
1562902200,38251,38440,38100,38407,21574,22834.25
1563161400,38356,38670,38284,38643,25763,22898.85
1563247800,38555,39490,38555,39346,45143,23466.05
1563334200,39400,40240,39254,40195,43188,24732.85
1563420600,40250,40800,40250,40755,50390,24992.2
1563507000,40820,41647,40533,40709,61525,26269.85
1563766200,40775,41378,40775,41298,33015,27738.05
1563852600,41160,41575,40836,41457,47022,29694.95
1563939000,41500,41838,41385,41793,38575,31238.15
1564025400,41727,41830,41244,41389,41209,32724.9
1564111800,41436,41470,41135,41174,33099,33596
1564371000,41247,41276,41077,41207,22072,33215.35
1564457400,41260,41620,41202,41577,30301,33504.95
1564543800,41494,41494,40980,41230,26975,33586.1
1564630200,41180,41311,40309,40993,48435,35173.55
1564716600,41300,41521,40866,41378,45082,35349.6
1564975800,41503,42664,41503,42485,48699,36830.6
1565062200,42485,42588,42132,42501,32379,37211.2
1565148600,42600,43850,42600,43797,55408,38748.55
1565235000,43500,43789,42800,43059,40359,39510.65
1565321400,43186,43550,43050,43332,39566,40410.25
1565667000,43798,44600,41933,43138,60159,42130.05
1565753400,43107,44300,43005,44091,46739,42209.85
1565926200,44250,44250,43551,43834,39010,42000.95
1566185400,43630,43630,43173,43444,33081,41135.5
1566271800,43398,43998,43236,43946,33744,39746.45
1566358200,43651,43888,43560,43820,26827,39437.05
1566444600,43660,44062,43601,43904,29613,38566.6
1566531000,43847,44647,43640,44601,38545,38565.1
1566790200,45996,46784,45996,46528,8276,36918.45
1566876600,46463,47510,46400,47472,11283,35827.65
1566963000,47400,48427,47338,48148,16628,35555.45
1567049400,48169,48800,47371,47687,23641,35222.45
1567135800,47650,48280,47650,47756,28368,35292.1
1567481400,48492,50706,48420,50600,63454,36043.05
1567567800,50700,51500,50477,51392,71633,37370.6
1567654200,51500,51500,48626,49466,79489,38910.1
1567740600,49250,49394,47488,47891,110330,42807.65
1567999800,47575,48200,47325,47744,62891,43181.8
1568172600,47800,48017,47232,47515,40776,43202.65
1568259000,47425,48098,46932,47143,63775,44413.1
1568345400,47130,47443,45635,45773,58608,44335.55
1568604600,45890,47361,45890,47233,43360,44166.6
1568691000,47140,47476,46740,47380,39317,44181.95
1568777400,47109,47171,46290,46600,38304,44443.1
1568863800,46480,46855,46122,46625,41636,44837.7
1568950200,46700,46726,46202,46464,32098,45101.25
1569209400,46648,48184,46648,48128,46088,45925
1569295800,48117,48250,47274,48040,51885,46592
1569382200,47982,48330,46500,46805,55565,48956.45
1569468600,46654,46777,46007,46395,53407,51062.65
1569555000,46322,46391,44675,45526,68320,53647.25
1569814200,45450,45450,43975,44126,54570,55193.7
1569900600,44000,45145,43970,44877,55175,56534.05
1570073400,44940,46022,44940,45651,53219,56022.3
1570159800,45730,45800,44801,45387,42545,54567.9
1570419000,45488,45586,45102,45230,29675,52077.2
1570591800,46100,46447,45811,46046,38278,48474.6
1570678200,46125,46176,45120,45429,42639,47462
1570764600,45431,45843,44905,45181,53960,48121.2
1571023800,45280,45871,45226,45828,33660,46615.45
1571110200,45828,46029,45163,45234,41694,45769.75
1571196600,45400,45480,44720,45246,48173,46010.4
1571283000,45170,45666,45003,45553,41750,46132.05
1571369400,45480,45541,45135,45465,33278,45880.75
1571628600,45599,46025,45420,45456,27679,45182.9
1571715000,45370,45625,45120,45194,34873,45321.65
1571801400,45275,45520,45272,45340,24190,44226.75
1571887800,45222,46089,45222,46010,35621,43413.55
1571974200,46050,47284,46050,46498,68041,44037.35
1572319800,45980,46200,45566,46012,46099,43671.95
1572406200,45850,46388,45845,46145,38556,42183.75
1572492600,46101,46920,46083,46770,53104,42110.45
1572579000,46695,46848,46300,46409,41405,41421.95
1572838200,46475,46895,46375,46617,36865,40604.25
1572924600,46452,46564,45380,45513,50667,41010.35
1573011000,45545,45740,45100,45673,51356,42094.4
1573097400,45631,45789,44050,44186,61445,43252.75
1573183800,44106,44465,43512,43892,56480,43944.8
1573443000,43999,44210,43642,44006,37605,43127.05
1573615800,44100,44730,44100,44546,45856,43736.85
1573702200,44603,44890,44380,44733,42662,43785.25
1573788600,44676,44676,44071,44457,35185,43135.85
1574047800,44350,44738,43925,44702,39600,43028.35
1574134200,44681,44958,44382,44872,45252,43627.05
1574220600,44790,45020,44579,44822,36617,44073.95
1574307000,44713,44872,44560,44754,32270,43943.8
1574393400,44758,44990,44464,44485,34050,44436.8
1574652600,45071,45136,44771,44962,5267,42919.1
1574739000,44962,45248,44646,45188,6964,39865.25
1574825400,45101,45113,44700,44768,6661,37893.35
1574911800,44795,44950,44703,44801,5760,36253.55
1574998200,44816,45149,44669,45078,17369,34466.8
1575257400,44945,44945,44557,44751,27653,33779.2
1575343800,44823,45487,44620,45314,38740,33872.95
1575430200,45260,45690,44337,44454,52191,33949.15
1575516600,44543,44713,44255,44634,35882,33175.45
1575603000,44556,44721,43535,43575,42880,32247.2
1575862200,43625,43745,43453,43521,23328,30589.6
1575948600,43522,43724,43435,43528,25052,29961.95
1576035000,43527,43977,43435,43853,26778,29008.05
1576121400,43910,44639,43722,43943,51365,29443.2
1576207800,43855,44389,43710,44151,41827,29775.3
1576467000,44186,44595,44134,44513,33214,29456
1576553400,44517,44668,44375,44535,29944,28690.6
1576639800,44351,44600,44203,44466,28326,28276.05
1576726200,44507,44850,44295,44818,35850,28455.05
1576812600,44740,45114,44604,44928,42811,28893.1
1577071800,45000,45750,45000,45692,43278,30793.65
1577158200,45775,46570,45775,46525,50817,32986.3
1577331000,46575,47250,46533,46837,68448,36075.65
1577417400,46900,47100,46517,46992,53650,38470.15
1577676600,47050,47050,46550,46875,44188,39811.1
1577763000,46944,47345,46607,46731,51449,41000.9
1577849400,46850,46850,46220,46680,10377,39582.75
1577935800,46743,47199,46618,47044,53571,39651.75
1578022200,47196,47930,47196,47540,63931,41054.2
1578281400,47549,48690,47351,47565,64861,42153.25
1578367800,47430,48188,47202,48130,68475,44410.6
1578454200,48200,48940,47101,47423,90334,47674.7
1578540600,47300,47360,46368,46592,62353,49453.45
1578627000,46589,47028,46323,46937,55506,49660.5
1578886200,46850,46850,46408,46471,41192,49628.75
1578972600,46355,46355,45835,45929,41620,50049.05
1579059000,46000,46464,45915,46404,44698,50786.75
1579145400,46250,46590,46190,46445,37574,51249.15
1579231800,46490,46995,46472,46768,39975,51455.4
1579491000,46750,46899,46619,46718,27016,50665.65
1579577400,46735,47015,45760,46167,61360,51569.75
1579663800,46075,46446,45937,46251,46449,51351.35
1579750200,46163,46500,45801,46398,51279,50492.9
1579836600,46300,47020,46108,46959,57765,50698.65
1580095800,47040,47617,46957,47025,51122,51045.35
1580182200,46852,46999,45442,45494,71794,52062.6
1580268600,45425,45745,45276,45567,40423,53564.9
1580355000,45655,46997,45655,46934,63635,54068.1
1580441400,46650,47186,46362,47010,52681,53505.6
1580700600,47000,47000,45786,45908,50480,52786.55
1580787000,46024,46346,45476,45559,54089,52067.25
1580873400,45722,46025,45369,45754,49912,50046.15
1580959800,45808,46338,45776,46238,44814,49169.2
1581046200,46200,46417,45930,46117,45914,48689.6
1581305400,46117,46350,46011,46250,31727,48216.35
1581391800,46160,46190,45625,45677,38168,48043.75
1581478200,45808,45808,45439,45519,35342,47575.95
1581564600,45630,46000,45630,45821,36976,47546.05
1581651000,45712,46297,45712,46247,30903,47092.45
1581910200,46300,46449,46071,46142,27152,47099.25
1581996600,46299,47335,46299,47273,49089,46485.7
1582083000,47350,47709,47262,47577,47405,46533.5
1582169400,47700,48085,47382,47906,57117,46825.4
1582284600,48120,48575,48120,48297,35780,45726.15
1582515000,49404,50144,49057,50023,15907,43965.4
1582601400,49709,49709,48015,48199,23456,41548.5
1582687800,48100,48100,46931,47146,22672,40660.95
1582774200,47400,47740,46584,46693,27271,38842.75
1582860600,46635,46697,44060,44468,61144,39265.9
1583119800,45000,45468,44777,45039,57174,39600.6
1583206200,45200,46840,45123,46402,64289,40110.6
1583292600,46300,46930,46270,46713,47899,40009.95
1583379000,46584,47515,46288,47410,52329,40385.7
1583465400,47270,47895,46500,46979,77550,41967.5
1583724600,47000,47110,45266,46743,87081,44735.2
1583839800,46515,47000,45884,46153,30128,44333.2
1583897400,46352,46582,45756,45850,45901,44861.15
1583983800,45700,45900,42960,44169,92421,47633.4
1584070200,43230,43577,40444,40553,95439,50860.2
1584329400,40546,41104,33300,36252,184022,58703.7
1584415800,36580,36903,34360,35449,133981,62948.3
1584502200,35989,36256,33622,33931,115868,66371.45
1584588600,34200,35432,33767,35131,68097,66920.45
1584675000,36000,37143,35456,35883,75259,68894.4
1584934200,35500,38150,35490,37938,57443,70971.2
1585020600,39101,40800,37900,40562,85320,74064.4
1585107000,40800,41978,40480,41781,64054,76133.5
1585193400,41234,41940,40600,41357,62122,77876.05
1585279800,41410,41500,40440,40938,54452,77541.45
1585539000,40567,40567,39343,39839,25157,75940.6
1585625400,40050,40260,39408,39564,24115,73931.9
1585711800,39680,40077,39482,39916,29883,73031.1
1585884600,40644,41437,40644,41257,27402,71784.75
1586230200,41495,43996,41495,43532,33421,69578.3
1586316600,42950,43300,42633,43156,22015,66325
1586403000,43120,43596,42878,43527,22292,65933.2
1586748600,43310,44075,43300,43769,21776,64726.95
1586921400,43979,44596,43315,44038,33183,61765.05
1587007800,43730,44370,43540,44271,24942,58240.2
1587094200,43777,43777,42515,42836,33510,50714.6
1587353400,42950,43187,42572,42754,24503,45240.7
1587439800,42820,43149,41519,41764,37528,41323.7
1587526200,41794,41881,40760,41698,43616,40099.65
1587612600,42253,42900,41727,41818,63005,39486.95
1587699000,42855,43378,42426,43045,10737,37151.65
1587958200,43274,43412,42666,42870,16731,33722.2
1588044600,42650,42880,42104,42713,21966,31617.8
1588131000,42730,43169,42612,42770,28817,29952.55
1588217400,42995,43487,41555,41813,65587,30509.3
1588332600,41909,42175,41651,42007,45345,31518.7
1588563000,42268,42268,41570,41685,61713,33398.6
1588649400,41798,42381,41400,42298,63143,35061.6
1588735800,42400,42777,42060,42257,56580,36520.5
1588822200,42302,43564,42121,43494,66326,38165.75
1588908600,43475,44131,43250,43667,85231,41326.55
1589167800,43801,43957,43270,43599,63844,43404.15
1589254200,43411,43780,43325,43442,56008,45115.75
1589340600,43550,43740,43155,43380,59038,46408.5
1589427000,43400,44590,43400,44515,69262,48624.5
1589513400,44600,47181,44600,47065,105162,52207.1
1589772600,48040,49495,47200,48060,133537,57658.8
1589859000,48246,49322,47680,49164,88840,60224.4
1589945400,49300,49982,48775,49415,94542,62770.7
1590031800,49071,49071,47500,47726,96185,64429.7
1590118200,47720,48799,47449,48704,90938,68439.75
1590406200,48200,48725,48020,48608,37329,69469.65
1590463800,48800,49363,48006,48198,89020,72822.35
1590550200,48150,48842,47318,48763,108639,76813.45
1590636600,48763,49350,48601,48925,90796,78073.9
1590723000,48940,50498,48832,50439,98169,80715.1
1590982200,50500,51400,50130,50949,113621,83310.5
1591068600,51200,51200,49024,49452,109091,85607.9
1591155000,49380,49828,48175,48864,123119,88934.85
1591241400,48712,49395,48453,49242,111175,91177.3
1591327800,49005,49083,47700,47913,101133,91972.4
1591587000,48105,48669,48070,48538,85609,93060.65
1591673400,48700,48781,48216,48513,78305,94175.5
1591759800,48503,49330,48251,48451,91882,95817.7
1591846200,48600,49826,48600,49026,112262,97967.7
1591932600,48556,48740,47957,48054,85230,96971.1
1592191800,48139,48139,46850,47737,101599,95374.2
1592278200,47905,48714,47801,48599,92169,95540.65
1592364600,48212,48738,48100,48689,59917,93809.4
1592451000,48800,48900,47930,48115,77257,92863
1592537400,48193,49040,48026,48838,83499,92491.05
1592796600,49350,49450,48524,48617,85765,94912.85
1592883000,48501,49060,48252,48966,61587,93541.2
1592969400,49751,49920,48218,48867,77631,91990.8
1593055800,48873,49284,48452,49194,65279,90714.95
1593142200,49196,49630,48480,49361,92258,90419.4
1593401400,49500,49687,48906,49129,67355,88106.1
1593487800,49225,50624,49080,50478,95139,87408.5
1593574200,50410,50961,49290,49560,120557,87280.4
1593660600,49530,49564,48644,49343,101338,86788.55
1593747000,49335,49500,49080,49319,47267,84095.25
1594006200,49644,50400,49006,49926,98581,84743.85
1594092600,49900,50380,49280,50318,106009,86129.05
1594179000,50240,51655,50115,51493,116208,87345.35
1594265400,51250,52198,50855,51209,153682,89416.35
1594351800,51250,51772,51040,51477,110244,90667.05
1594611000,51695,53180,51695,53079,122567,91715.45
1594697400,52700,52833,52072,52706,115627,92888.35
1594783800,52816,53190,52550,53108,101062,94945.6
1594870200,52950,53237,52530,52692,88329,95499.2
1594956600,52515,53069,52116,52977,82791,95463.8
1595215800,52883,54158,52810,54054,108865,96618.8
1595302200,54275,57500,54275,57380,166191,101849
1595388600,57599,62262,57599,61193,285402,112237.55
1595475000,60800,62430,60590,61302,178649,117906.05
1595561400,61398,61926,60648,61309,123829,119484.6
1595820600,63761,66233,63761,65588,161476,124190.65
1595907000,66800,67672,61653,65074,260310,132449.2
1595993400,65394,65768,64433,65413,112914,132067.05
1596079800,65360,65444,61900,62749,180177,136009
1596166200,63000,65690,63000,65063,144000,140845.65
1596425400,65500,66135,65165,65800,97938,140813.5
1596511800,65650,69990,65272,69800,141178,142571.95
1596598200,69908,72980,69567,71888,190951,146309.1
1596684600,72250,76170,72250,75906,179772,147613.6
1596771000,76200,77833,73555,74112,212194,152711.1
1597030200,74600,76075,74224,75379,125438,152854.65
1597116600,75110,75110,66334,66973,209314,157539
1597203000,64295,68499,60946,66802,205171,162744.45
1597289400,66819,71450,66250,71073,147858,165720.9
1597375800,70770,70971,66216,67241,150536,169108.15
1597635000,67500,70288,67050,69222,137593,170544.55
1597721400,69400,71400,65069,69537,168934,170681.7
1597807800,69500,69619,67073,67976,140719,163447.55
1597894200,67950,68120,66453,67576,111604,160095.3
1597980600,68400,68949,65220,67115,126244,160216.05
1598239800,66628,67400,65450,65736,95950,156939.75
1598326200,68250,68600,66522,66739,71547,147501.6
1598412600,66511,70181,65938,69970,111889,147450.35
1598499000,69600,70472,67255,67982,123568,144619.9
1598585400,68487,69450,68025,68836,80527,141446.25
1598844600,69500,70677,69050,70373,75631,140330.9
1598931000,70720,72039,70602,70866,77101,137127.05
1599017400,70185,70197,67841,68231,89621,132060.55
1599103800,68444,68875,66353,66948,112676,128705.75
1599190200,67051,67860,66278,67197,97149,122953.5
1599449400,68000,68499,67605,68253,48202,119091.7
1599535800,68500,68688,66203,68446,106764,113964.2
1599622200,68000,68500,67316,68399,71947,107303
1599708600,68633,69700,68450,68960,84361,104128.15
1599795000,68481,68540,67625,67904,64060,99804.35
1600054200,67955,69138,67910,68934,60663,95957.85
1600140600,69045,69837,68501,68913,69845,91003.4
1600227000,69088,69200,68560,68729,59336,86934.25
1600313400,68399,68399,66670,68109,77023,85205.2
1600399800,68070,68522,67500,67844,58398,81812.9
1600659000,67900,67900,60666,61344,124180,83224.4
1600745400,62000,62030,59550,61223,123901,85842.1
1600831800,60800,60800,58052,58511,128529,86674.1
1600918200,58100,59840,55978,59591,139462,87468.8
1601004600,59580,59748,57534,59026,108746,88879.75
1601263800,58600,60500,57666,60398,110622,90629.3
1601350200,60572,62596,60069,62466,107211,92134.8
1601436600,62000,62000,59455,59915,117908,93549.15
1601523000,60200,61542,59575,61156,109969,93413.8
1601868600,60500,62322,60260,61922,84672,92789.95
1601955000,61820,62350,60227,60586,98265,95293.1
1602041400,60100,60931,59323,60427,106268,95268.3
1602127800,60400,61470,60028,60509,88779,96109.9
1602214200,61300,63200,61200,62853,94293,96606.5
1602473400,63200,64138,62451,63105,87612,97784.1
1602559800,62800,62965,60222,60539,107366,100119.25
1602646200,60650,62250,60622,61610,93721,101313.05
1602732600,61230,61649,59831,61525,107794,103735.95
1602819000,61600,62165,61330,61689,71917,103480.65
1603078200,61601,63249,61178,62094,83360,104728.75
1603164600,61904,63255,61680,63112,80006,102520.05
1603251000,63327,64023,63102,63616,90031,100826.55
1603337400,63111,63222,61854,62604,77339,98267.05
1603423800,62550,63050,62057,62449,70945,94841.2
1603683000,62001,62453,61278,61924,81125,93460.15
1603769400,62400,62580,61652,62280,66872,91272.65
1603855800,62036,62480,59222,60153,119606,91892.4
1603942200,60166,60747,58425,60206,122511,92122.55
1604028600,60500,61339,59956,60905,90984,91173.3
1604287800,61300,62243,61300,62018,83140,91096.7
1604374200,62162,62750,61629,62685,74196,89893.25
1604460600,62300,62300,60831,61406,111750,90167.35
1604547000,61900,64342,61900,64222,103453,90901.05
1604633400,64500,66200,63975,65291,122093,92291.05
1604892600,65900,66435,60585,60901,168565,96338.7
1604979000,61070,63230,61070,63047,105942,96267.5
1605065400,63047,63047,61250,62532,92667,96214.8
1605151800,62767,63097,62150,62742,66569,94153.55
1605238200,62742,64134,62502,63726,60645,93589.95
1605357000,63992,64042,63521,63757,3125,89578.2
1605526200,64300,64300,62209,63688,57159,88435.85
1605583800,63701,63794,62852,63244,67157,87292.15
1605670200,62970,63300,62060,62560,81805,87515.45
1605756600,62401,62401,60786,61527,84384,88187.4
1605843000,61950,62699,61630,62138,61936,87227.95
1606102200,63832,64777,62000,62374,64334,87101.05
1606188600,62000,62045,60750,61456,65814,84411.45
1606275000,61371,62425,61030,61647,54351,81003.45
1606361400,61800,62049,61310,61646,41253,78516.9
1606447800,61351,61541,59431,60267,76705,78195.15
1606735800,59959,60490,58853,60279,51540,77062.35
1606793400,60270,63425,60270,63162,75753,75262.5
1606879800,62810,64276,62362,63306,90859,74632.8
1606966200,63644,64365,62918,63611,90791,73067.7
1607052600,63700,64490,63351,63792,82661,68772.5
1607311800,64000,65594,62377,65472,91241,68037.45
1607398200,65342,65755,64569,65143,77691,67288.65
1607484600,64765,64800,63201,63529,95130,68716.7
1607571000,63601,64360,62950,63530,77349,69551.9
1607657400,63560,63892,62750,63747,74650,73128.15
1607916600,63660,64050,62777,63467,77716,74156
1608003000,63689,64935,63567,64828,73933,74494.8
1608089400,64949,66743,64949,65893,102154,75512.25
1608175800,66000,68345,66000,68194,102979,76442
1608262200,68170,68280,67321,67864,72267,76958.55
1608521400,68000,71496,65664,68974,158280,81655.85
1608607800,69346,69648,66546,66842,117751,84252.7
1608694200,67000,67740,66254,67547,90717,86071
1608780600,67747,67870,66676,67478,64180,87217.35
1609126200,67894,69837,67894,68762,84438,87604
1609212600,68512,68729,67700,68052,81135,89083.75
1609299000,68485,68950,68020,68550,54099,88001.05
1609385400,68750,68750,67866,68079,48524,85884.3
1609471800,68188,68249,67800,68102,6865,81688
1609731000,68405,70600,68405,69916,93675,82238.7
1609817400,70200,70907,70012,70793,67960,81074.65
1609903800,70760,71444,68600,69352,120226,83201.4
1609990200,69200,70222,69200,69905,73765,82133.15
1610076600,69795,69795,63803,64305,147572,85644.3
1610335800,64305,65710,63880,65549,95678,86695.7
1610422200,65311,66350,65154,65897,75205,86570.15
1610508600,66100,66454,65207,66019,60644,85905.7
1610595000,65601,66819,64827,66665,70445,84320.25
1610681400,66197,66266,64111,64737,91860,83764.3
1610940600,64980,65690,64782,65407,54543,82878.1
1611027000,65500,66170,65352,66029,68122,78370.2
1611113400,66151,67177,65560,66979,79057,76435.5
1611199800,67279,67775,66927,67271,59870,74893.15
1611286200,67080,67080,65444,66620,79917,75680
1611545400,66800,67150,65901,66498,69108,74913.5
1611718200,66300,66604,65065,66520,80708,74892.15
1611804600,66400,70350,65512,67584,144923,79433.35
1611891000,68000,71125,68000,69668,137343,83874.3
1612150200,70000,74217,70000,73571,158585,91460.3
1612236600,72500,72500,67300,67521,141965,93874.8
1612323000,68000,69089,67700,68551,81154,94534.5
1612409400,68111,68150,66366,66801,78913,92468.85
1612495800,67122,68795,67122,68711,67525,92156.85
1612755000,68626,70235,68381,70021,64826,88019.55
1612841400,70550,70666,68950,69638,69875,86729.4
1612927800,69899,69990,68400,68865,68493,86393.8
1613014200,68280,69185,68112,68454,55310,86127.1
1613100600,68431,69429,68330,69082,53870,85298.35
1613359800,69500,70175,69500,70058,39943,82702.5
1613446200,70300,70789,68331,69315,91558,84553.25
1613532600,69480,69594,68350,69194,62669,84280.6
1613619000,69485,69646,68272,68497,55179,83086.7
1613705400,68100,69697,67500,68928,48147,82500.55
1613964600,70300,71646,70044,71523,54055,81207.45
1614051000,71699,71779,70057,70585,61261,80815.1
1614137400,70779,71060,69900,70777,60584,79808.9
1614223800,71000,71770,70405,70605,71008,76113.15
1614310200,70374,70374,68560,68777,85941,73543.05
1614569400,69299,69851,68620,68811,40981,67662.85
1614655800,68501,69369,66912,69214,60025,63565.85
1614742200,69290,69306,66859,67990,64682,62742.25
1614828600,67500,67750,65685,65953,74502,62521.7
1614915000,65800,66145,64939,65643,58968,62093.85
1615174200,66000,66631,65337,65908,52887,61496.9
1615260600,66100,67645,65950,67527,55124,60759.35
1615347000,67200,67663,66600,67524,48939,59781.65
1615462200,67800,68144,67081,67591,29384,58485.35
1615519800,67266,67317,66050,66919,54180,58500.85
1615779000,67227,67924,66923,67714,43096,58658.5
1615865400,67666,67849,66860,67005,45817,56371.45
1615951800,67005,67450,66880,67284,37621,55119.05
1616038200,67400,68490,67001,67818,65545,55637.35
1616124600,67551,67790,67110,67603,44205,55440.25
1616383800,67200,67200,65960,66461,53077,55391.35
1616470200,66205,66470,65050,65198,51357,54896.15
1616556600,65472,65785,65280,65463,33807,53557.3
1616643000,65375,65400,63663,65050,72759,53644.85
1616729400,65006,65390,64725,65016,36603,51177.95
1617017400,64900,64900,63934,64358,26282,50443
1617075000,64341,64380,63270,63353,46398,49761.65
1617161400,63280,64140,62632,64032,47192,48887.15
1617247800,63800,65284,63740,65218,42635,47293.8
1617593400,65250,65630,64640,64702,47369,46713.85
1617679800,65139,66188,65046,65966,48000,46469.5
1617766200,65900,66780,65751,66671,43985,45912.55
1617852600,66510,67723,66415,67533,44107,45670.95
1617939000,67100,67499,66456,67021,47434,46573.45
1618198200,66867,67350,66040,66172,46488,46188.85
1618284600,66360,67878,66125,67693,50384,46553.25
1618399800,67591,67850,67219,67664,25381,45531.45
1618457400,67664,68735,67664,68550,49963,46148.55
1618543800,68432,69223,68006,68679,52183,45480.45
1618803000,68400,69380,67924,68308,56853,46112.85
1618889400,68500,69285,68155,68739,59843,46451.15
1619004600,69050,70386,69044,70293,38178,45792.2
1619062200,70252,70395,69201,69248,46328,46418.25
1619148600,69311,69685,68400,68716,37110,44635.8
1619407800,69943,70117,69273,69893,40114,44811.35
1619494200,69893,70395,69667,70213,35528,45273.65
1619580600,69760,69760,68850,69106,46764,45291.95
1619667000,69500,69960,68107,68682,49280,45396.35
1619753400,68800,69174,68283,68447,39309,45230.05
1620012600,68786,71100,68680,70890,61039,45913.55
1620099000,70590,71380,68977,69665,83871,47707.1
1620185400,69958,70123,68870,69649,48099,47912.8
1620271800,69826,71894,69669,71683,67986,49106.75
1620358200,71816,72220,70951,71432,69955,50232.8
1620617400,71500,72649,71465,71558,60830,50949.9
1620703800,71519,71980,70906,71934,56032,51232.3
1620790200,71500,72199,71001,71149,64953,53210.9
1620905400,71000,71000,70125,70527,33152,52370.35
1620963000,70430,71450,70151,71117,49392,52230.8
1621222200,71295,73376,71295,73300,64382,52607.25
1621308600,73500,74171,72739,73192,63803,52805.25
1621395000,73000,73200,71180,72410,104673,56130
1621481400,72200,72548,71575,72323,57560,56691.6
1621567800,72120,72477,70577,71079,75805,58626.35
1621827000,71500,72090,71241,71836,50168,59129.05
1621913400,71701,72280,71060,72152,65842,60644.75
1621999800,72200,72900,71300,71485,58629,61238
1622086200,71465,71800,70928,71740,56060,61577
1622172600,71555,71788,70666,71650,59780,62600.55
1622431800,71842,72154,71770,71927,29201,61008.65
1622518200,72000,73549,72000,72279,63386,59984.4
1622604600,72000,72750,71763,72686,40791,59619
1622691000,72753,72848,69972,70864,77325,60085.95
1622777400,70785,71778,70415,71585,45948,58885.6
1623036600,71380,71875,70890,71839,38184,57753.3
1623123000,71670,71845,71060,71303,48615,57382.45
1623209400,71444,72153,71150,71903,41787,56224.15
1623295800,71600,72148,71116,72019,54608,57296.95
1623382200,72150,72785,72101,72261,41673,56911
1623641400,72215,72215,71050,71920,51013,56242.55
1623727800,71780,71780,70935,71300,40729,55088.85
1623814200,71500,71780,71220,71506,27688,51239.6
1623900600,71220,71220,67750,67858,84909,52607.05
1623987000,68500,68890,67704,67794,38679,50750.75
1624246200,67840,68100,66832,67932,33868,49935.75
1624332600,67900,68190,67341,67676,29108,48099.05
1624419000,67900,68600,67680,68086,28066,46570.9
1624505400,69100,69344,68500,68902,26451,45090.45
1624591800,69177,69620,68893,69093,27512,43477.05
1624851000,69158,69500,68960,69355,22460,43140
1624937400,69100,69245,67860,68432,35111,41726.25
1625023800,68450,69240,68405,69184,24792,40926.3
1625110200,69299,70088,68800,69252,32839,38702
1625196600,69350,70397,69350,70229,32429,38026.05
1625455800,70422,70641,69939,70108,15762,36904.95
1625542200,70280,70977,69400,69623,40263,36487.35
1625628600,69800,70238,69311,69509,26883,35742.15
1625715000,69350,69792,68828,69141,34729,34748.2
1625801400,69097,69550,68652,69437,29747,34151.9
1626060600,69277,69690,68860,69521,30458,33124.15
1626147000,69550,69777,69080,69258,28934,32534.4
1626233400,69253,70079,69162,69557,35381,32919.05
1626319800,69595,69970,69550,69806,21907,29768.95
1626406200,69965,70024,68360,68553,41428,29906.4
1626665400,68400,68400,67320,67524,36611,30043.55
1626751800,67584,67775,66605,66883,31170,30146.65
1626867000,67000,67432,66795,67379,19331,29709.9
1626924600,67425,67745,66871,67591,32659,30020.3
1627011000,67400,67771,66930,67269,32264,30257.9
1627270200,67400,67770,67225,67365,26205,30445.15
1627356600,67201,67483,66004,66320,40612,30720.2
1627443000,66499,66934,66311,66650,25663,30763.75
1627529400,66999,68590,66999,68400,41781,31210.85
1627615800,68344,68395,67817,68067,25249,30851.85
1627875000,68144,68350,67757,68092,24599,31293.7
1627961400,67820,68223,67526,68114,23802,30470.65
1628047800,68235,68994,67570,67800,43212,31287.1
1628134200,67619,67949,66910,67243,26083,30854.8
1628220600,67100,67219,65001,65303,45601,31647.5
1628479800,64600,64900,62542,62967,52179,32733.55
1628566200,63300,63549,62516,62949,35991,33086.4
1628652600,62949,63187,62635,63082,30315,32833.1
1628739000,62862,62996,61748,62190,31605,33318
1628825400,62427,63787,62293,63522,35812,33037.2
1629084600,63519,63795,62748,63718,29573,32685.3
1629171000,63800,64132,63277,63504,30040,32628.8
1629257400,63552,63820,62505,62764,29912,33157.85
1629372600,62890,63110,62390,62444,21358,32592.8
1629430200,62504,62610,61552,62028,32390,32599.1
1629689400,62410,63292,62111,63146,34883,33033
1629775800,63097,63775,62923,63467,31371,32570.95
1629862200,64214,64420,63800,64163,39266,33251.1
1629948600,64040,64170,63351,63569,29735,32648.8
1630035000,63649,64370,62801,64259,47807,33776.7
1630294200,64256,64419,63710,63851,35776,34335.55
1630380600,63962,64300,63251,63613,39455,35118.2
1630467000,63541,64320,63105,64076,31466,34530.9
1630553400,64050,64308,63281,63553,31615,34807.5
1630639800,63645,65782,63506,65357,52134,35134.15
1630899000,65500,65660,65221,65468,18060,33428.2
1630985400,65400,65499,64467,64844,40017,33629.5
1631071800,64844,65148,64180,64437,31899,33708.7
1631158200,64288,64820,63921,64397,32325,33744.7
1631273400,64200,64450,63751,63862,18984,32903.3
1631503800,63835,63835,62792,63562,35886,33218.95
1631590200,63474,63889,62902,63825,40168,33725.35
1631676600,63725,63833,63290,63564,30839,33771.7
1631763000,63701,63877,60800,61340,64888,35948.2
1631849400,61399,61930,60194,60303,49979,36827.65