time,open,high,low,close,"IN10Y, TVC: Open","IN10Y, TVC: High","IN10Y, TVC: Low","IN10Y, TVC: Close",Volume,Volume MA
1514778300,10531.7,10537.85,10423.1,10435.55,7.3148,7.3148,7.2152,7.2594,NaN,NaN
1514864700,10477.55,10495.2,10404.65,10442.2,7.2431,7.3108,7.2265,7.3108,NaN,NaN
1514951100,10482.65,10503.6,10429.55,10443.2,7.3012,7.3239,7.2581,7.3072,NaN,NaN
1515037500,10469.4,10513,10441.45,10504.8,7.3072,7.3382,7.2789,7.2825,NaN,NaN
1515123900,10534.25,10566.1,10520.1,10558.85,7.3226,7.3554,7.2243,7.3554,NaN,NaN
1515383100,10591.7,10631.2,10588.55,10623.6,7.3123,7.313,7.2642,7.3024,NaN,NaN
1515469500,10645.1,10659.15,10603.6,10637,7.3059,7.3657,7.2998,7.3657,NaN,NaN
1515555900,10652.05,10655.5,10592.7,10632.2,7.3439,7.457,7.3439,7.457,NaN,NaN
1515642300,10637.05,10664.6,10612.35,10651.2,7.4125,7.4177,7.3947,7.411,NaN,NaN
1515728700,10682.55,10690.4,10597.1,10681.25,7.4272,7.4291,7.4126,7.4194,NaN,NaN
1515987900,10718.5,10782.65,10713.8,10741.55,7.422,7.4221,7.4116,7.4212,NaN,NaN
1516074300,10761.5,10762.35,10687.85,10700.45,7.417,7.6149,7.417,7.5973,NaN,NaN
1516160700,10702.45,10803,10666.75,10788.55,7.577,7.5972,7.463,7.4726,NaN,NaN
1516247100,10873.4,10887.5,10782.4,10817,7.4702,7.6702,7.4702,7.6702,NaN,NaN
1516333500,10829.2,10906.85,10793.9,10894.7,7.6427,7.6469,7.5915,7.5981,NaN,NaN
1516592700,10883.2,10975.1,10881.4,10966.2,7.6471,7.6471,7.5019,7.5045,NaN,NaN
1516679100,10997.4,11092.9,10994.55,11083.7,7.5032,7.5186,7.4361,7.5145,NaN,NaN
1516765500,11069.35,11110.1,11046.15,11086,7.5333,7.5916,7.4995,7.5916,NaN,NaN
1516851900,11095.6,11095.6,11009.2,11069.65,7.5777,7.6277,7.5375,7.5724,NaN,NaN
1517197500,11079.35,11171.55,11075.95,11130.4,7.5615,7.695,7.5615,7.689,NaN,NaN
1517283900,11120.85,11121.1,11033.9,11049.65,7.6935,7.717,7.5378,7.6837,NaN,NaN
1517370300,11018.8,11058.5,10979.3,11027.7,7.6941,7.6941,7.5721,7.6446,NaN,NaN
1517456700,11044.55,11117.35,10878.8,11016.9,7.6446,7.8113,7.6446,7.8055,NaN,NaN
1517543100,10938.2,10954.95,10736.1,10760.6,7.8071,7.8071,7.7514,7.7549,NaN,NaN
1517802300,10604.3,10702.75,10586.8,10666.55,7.7611,7.8014,7.7611,7.8014,NaN,NaN
1517888700,10295.15,10594.15,10276.3,10498.25,7.7896,7.8323,7.6608,7.6608,NaN,NaN
1517975100,10607.2,10614,10446.4,10476.7,7.8288,7.9789,7.7726,7.9548,NaN,NaN
1518061500,10518.5,10637.8,10479.55,10576.85,7.9477,7.9518,7.6784,7.7319,NaN,NaN
1518147900,10416.5,10480.2,10398.2,10454.95,7.7367,7.7491,7.6581,7.6625,NaN,NaN
1518407100,10518.2,10555.5,10485.4,10539.75,7.6967,7.7383,7.6967,7.7256,NaN,NaN
1518579900,10585.75,10590.55,10456.65,10500.9,7.7431,7.7592,7.6468,7.7592,NaN,NaN
1518666300,10537.9,10618.1,10511.05,10545.5,7.7225,7.7992,7.6811,7.7992,NaN,NaN
1518752700,10596.2,10612.9,10434.05,10452.3,7.7943,7.841,7.7381,7.841,NaN,NaN
1519011900,10488.9,10489.35,10302.75,10378.4,7.8236,7.8236,7.8025,7.8025,NaN,NaN
1519098300,10391,10429.35,10347.65,10360.4,7.8236,7.9573,7.8236,7.9573,NaN,NaN
1519184700,10426,10426.1,10349.6,10397.45,7.9423,7.9469,7.9143,7.9441,NaN,NaN
1519271100,10354.35,10397.55,10340.65,10382.7,7.9313,8.0798,7.8721,7.9861,NaN,NaN
1519357500,10408.1,10499.1,10396.65,10491.05,7.9861,7.9864,7.8531,7.9426,NaN,NaN
1519616700,10526.55,10592.95,10520.2,10582.6,7.9276,7.938,7.9049,7.93,NaN,NaN
1519703100,10615.2,10631.65,10537.25,10554.3,7.9293,7.9585,7.8902,7.8904,NaN,NaN
1519789500,10488.95,10535.5,10461.55,10492.85,7.8908,7.9361,7.8908,7.9337,NaN,NaN
1519875900,10479.95,10525.5,10447.15,10458.35,7.9283,8.0545,7.9197,7.9553,NaN,NaN
1520221500,10428.3,10428.7,10323.9,10358.85,7.9499,7.999,7.9499,7.997,NaN,NaN
1520307900,10420.5,10441.35,10215.9,10249.25,7.9892,8.0075,7.9373,7.9853,NaN,NaN
1520394300,10232.95,10243.35,10141.55,10154.2,7.968,7.9686,7.843,7.9011,NaN,NaN
1520480700,10216.25,10270.35,10146.4,10242.65,7.9238,7.9507,7.8788,7.9311,NaN,NaN
1520567100,10271.3,10296.7,10211.9,10226.85,7.9217,7.9352,7.8866,7.9102,NaN,NaN
1520826300,10301.6,10433.65,10295.45,10421.4,7.9033,7.9361,7.8648,7.8998,NaN,NaN
1520912700,10389.5,10478.6,10377.85,10426.85,7.9045,7.9182,7.8897,7.9182,NaN,NaN
1520999100,10393.05,10420.35,10336.3,10410.9,7.918,7.9495,7.8767,7.9495,NaN,NaN
1521085500,10405.45,10420,10346.2,10360.15,7.941,7.941,7.8138,7.8903,NaN,NaN
1521171900,10345.15,10346.3,10180.25,10195.15,7.8926,7.8987,7.8286,7.8803,NaN,NaN
1521431100,10215.35,10224.55,10075.3,10094.25,7.8722,7.8722,7.7532,7.8187,NaN,NaN
1521517500,10051.55,10155.65,10049.1,10124.35,7.846,7.888,7.6533,7.8501,NaN,NaN
1521603900,10181.95,10227.3,10132.95,10155.25,7.8863,7.9089,7.8058,7.8414,NaN,NaN
1521690300,10167.5,10207.85,10105.4,10114.75,7.8134,7.8645,7.7797,7.7859,NaN,NaN
1521776700,9968.7998,10027.7,9951.9004,9998.0498,7.7771,7.878,7.7648,7.8304,NaN,NaN
1522035900,9989.1504,10143.5,9958.5498,10130.65,7.8313,7.8811,7.8313,7.8739,NaN,NaN
1522122300,10188,10207.9,10139.65,10184.15,7.8739,7.8739,7.5641,7.5707,NaN,NaN
1522208700,10143.6,10158.35,10096.9,10113.7,7.5707,7.746,7.5045,7.6745,NaN,NaN
1522640700,10151.65,10220.1,10127.75,10211.8,7.6746,7.6746,7.6746,7.6746,NaN,NaN
1522727100,10186.85,10255.35,10171.05,10245,7.6746,7.6747,7.5543,7.5543,NaN,NaN
1522813500,10274.6,10279.85,10111.3,10128.4,7.5543,7.5546,7.538,7.5463,NaN,NaN
1522899900,10228.45,10331.8,10227.45,10325.15,7.538,7.5381,7.432,7.432,NaN,NaN
1522986300,10322.75,10350.45,10290.85,10331.6,7.432,7.4321,7.3728,7.3728,NaN,NaN
1523245500,10333.7,10397.7,10328.5,10379.35,7.4223,7.505,7.161,7.1691,NaN,NaN
1523331900,10412.9,10424.85,10381.5,10402.25,7.1691,7.5634,7.1691,7.5634,NaN,NaN
1523418300,10428.15,10428.15,10355.6,10417.15,7.5634,7.5634,7.2748,7.3321,NaN,NaN
1523504700,10410.65,10469.9,10395.25,10458.65,7.3321,7.6308,7.2994,7.6308,NaN,NaN
1523591100,10495.3,10519.9,10451.45,10480.6,7.6308,7.6764,7.2962,7.2994,NaN,NaN
1523850300,10398.3,10540.15,10396.35,10528.35,7.2979,7.3126,7.2979,7.3077,NaN,NaN
1523936700,10557.3,10560.45,10495.65,10548.7,7.3077,7.6598,7.3077,7.3323,NaN,NaN
1524023100,10578.9,10594.2,10509.7,10526.2,7.3323,7.6821,7.3243,7.6821,NaN,NaN
1524109500,10563.65,10572.2,10546.2,10565.3,7.6821,7.818,7.6821,7.818,NaN,NaN
1524195900,10560.35,10582.35,10527.45,10564.05,7.818,7.99,7.818,7.8952,NaN,NaN
1524455100,10592.8,10638.35,10514.95,10584.7,7.8954,7.947,7.8954,7.947,NaN,NaN
1524541500,10578.1,10636.8,10569,10614.35,7.947,7.9473,7.9042,7.9042,NaN,NaN
1524627900,10612.4,10612.6,10536.45,10570.55,7.9042,7.9479,7.8894,7.9479,NaN,NaN
1524714300,10586.5,10628.4,10559.65,10617.8,7.9479,7.9483,7.9479,7.9483,NaN,NaN
1524800700,10651.65,10719.8,10647.55,10692.3,7.9485,7.9658,7.8848,7.9658,NaN,NaN
1525059900,10705.75,10759,10704.6,10739.35,7.966,7.966,7.966,7.966,NaN,NaN
1525232700,10783.85,10784.65,10689.8,10718.05,7.9667,8.01,7.9511,7.9511,NaN,NaN
1525319100,10720.15,10720.6,10647.45,10679.65,8.01,8.0103,8.01,8.0103,NaN,NaN
1525405500,10700.45,10700.45,10601.6,10618.25,8.0105,8.0105,8.0105,8.0105,NaN,NaN
1525664700,10653.15,10725.65,10635.65,10715.5,8.0107,8.0107,7.8897,7.8897,NaN,NaN
1525751100,10757.9,10758.55,10689.4,10717.8,7.8897,7.9486,7.8503,7.8555,NaN,NaN
1525837500,10693.35,10766.25,10689.85,10741.7,7.8555,7.9683,7.8389,7.9683,NaN,NaN
1525923900,10779.65,10785.55,10705,10716.55,7.9683,7.9685,7.9149,7.9373,NaN,NaN
1526010300,10741.95,10812.05,10724.45,10806.5,7.9373,8.0209,7.9373,7.948,NaN,NaN
1526269500,10815.15,10834.85,10774.75,10806.6,7.9482,8.0124,7.9482,8.0124,NaN,NaN
1526355900,10812.6,10929.2,10781.4,10801.85,7.9846,8.0913,7.9846,8.0563,NaN,NaN
1526442300,10751.95,10790.45,10699.7,10741.1,8.0563,8.1447,8.0563,8.0833,NaN,NaN
1526528700,10775.6,10777.25,10664.5,10682.7,8.0833,8.0836,7.6493,7.6493,NaN,NaN
1526615100,10671.85,10674.95,10589.1,10596.4,7.6495,8.1066,7.6495,8.0663,NaN,NaN
1526874300,10616.7,10621.7,10505.8,10516.7,8.0666,8.0666,8.0368,8.0386,NaN,NaN
1526960700,10518.45,10558.6,10490.55,10536.7,8.0386,8.1107,8.0319,8.0493,NaN,NaN
1527047100,10521.1,10533.55,10417.8,10430.35,8.0493,8.0764,8.0493,8.0676,NaN,NaN
1527133500,10464.85,10535.15,10419.8,10513.85,8.0676,8.1118,8.0626,8.0679,NaN,NaN
1527219900,10533.05,10628.05,10524,10605.15,8.0679,8.0769,8.0244,8.0244,NaN,NaN
1527479100,10648.35,10709.8,10640.55,10688.65,8.0244,8.0244,7.9703,7.9703,NaN,NaN
1527565500,10689.4,10717.25,10616.1,10633.3,7.9703,8.0421,7.9703,8.0072,NaN,NaN
1527651900,10579,10648.7,10558.45,10614.35,8.0072,8.008,8.001,8.008,NaN,NaN
1527738300,10670.1,10763.8,10620.4,10736.15,8.008,8.0432,8.008,8.0344,NaN,NaN
1527824700,10738.45,10764.75,10681.5,10696.2,8.0344,8.0874,8.0344,8.0593,NaN,NaN
1528083900,10765.95,10770.3,10618.35,10628.5,8.0595,8.0964,8.0595,8.0859,NaN,NaN
1528170300,10630.7,10633.15,10550.9,10593.15,8.0859,8.1134,8.0703,8.0703,NaN,NaN
1528256700,10603.45,10698.35,10587.5,10684.65,8.0703,8.0976,8.036,8.0976,NaN,NaN
1528343100,10722.6,10818,10722.6,10768.35,8.0976,8.1508,8.0363,8.1508,NaN,NaN
1528429500,10736.4,10779.45,10709.05,10767.65,8.1508,8.1511,8.1299,8.1299,NaN,NaN
1528688700,10781.85,10850.55,10777.05,10786.95,8.1869,8.1869,8.1691,8.1691,NaN,NaN
1528775100,10816.15,10856.55,10789.4,10842.85,8.1691,8.1783,8.1128,8.1694,NaN,NaN
1528861500,10887.5,10893.25,10842.65,10856.7,8.1694,8.1704,8.0978,8.1526,NaN,NaN
1528947900,10832.9,10833.7,10773.55,10808.05,8.1526,8.1529,8.1352,8.1352,NaN,NaN
1529034300,10808.65,10834,10755.4,10817.7,8.1352,8.1355,8.1352,8.1355,NaN,NaN
1529293500,10830.2,10830.2,10787.35,10799.85,8.1358,8.1358,8.0564,8.0736,NaN,NaN
1529379900,10789.45,10789.45,10701.2,10710.45,8.0736,8.1096,8.0672,8.0738,NaN,NaN
1529466300,10734.65,10781.8,10724.05,10772.05,8.0738,8.0752,8.0364,8.0558,NaN,NaN
1529552700,10808.45,10809.6,10725.9,10741.1,8.0558,8.056,8.0314,8.049,NaN,NaN
1529639100,10742.7,10837,10710.45,10821.85,8.049,8.0493,8.049,8.0493,NaN,NaN
1529898300,10822.9,10831.05,10753.05,10762.45,8.076,8.0849,8.076,8.0849,NaN,NaN
1529984700,10742.7,10805.25,10732.55,10769.15,8.0849,8.0852,8.0499,8.0499,NaN,NaN
1530071100,10785.5,10785.5,10652.4,10671.4,8.0507,8.1215,8.0507,8.1038,NaN,NaN
1530157500,10660.8,10674.2,10557.7,10589.1,8.1038,8.1573,8.1038,8.1573,NaN,NaN
1530243900,10612.85,10723.05,10612.35,10714.3,8.1573,8.1576,8.069,8.1576,NaN,NaN
1530503100,10732.35,10736.15,10604.65,10657.3,8.1579,8.1579,8.1224,8.1313,NaN,NaN
1530589500,10668.6,10713.3,10630.25,10699.9,8.1313,8.1583,8.1313,8.1583,NaN,NaN
1530675900,10715,10777.15,10677.75,10769.9,8.1583,8.1592,8.1583,8.1592,NaN,NaN
1530762300,10786.05,10786.05,10726.25,10749.75,8.1592,8.1596,8.1592,8.1596,NaN,NaN
1530848700,10744.15,10816.35,10735.05,10772.65,8.1596,8.1599,8.1296,8.1296,NaN,NaN
1531107900,10838.3,10860.35,10807.15,10852.9,8.13,8.13,8.13,8.13,NaN,NaN
1531194300,10902.75,10956.9,10876.65,10947.25,8.1303,8.1516,8.1303,8.1338,NaN,NaN
1531280700,10956.4,10976.65,10923,10948.3,8.1338,8.1973,8.1338,8.1973,NaN,NaN
1531367100,11006.95,11078.3,10999.65,11023.2,8.1973,8.1976,8.0641,8.0641,NaN,NaN
1531453500,11056.9,11071.35,10999.75,11018.9,8.1619,8.1622,8.0502,8.0821,NaN,NaN
1531712700,11018.95,11019.5,10926.25,10936.85,8.0824,8.0824,8.0736,8.0736,NaN,NaN
1531799100,10939.65,11018.5,10925.6,11008.05,8.0739,8.0739,8.0721,8.0721,NaN,NaN
1531885500,11060.2,11076.2,10956.3,10980.45,8.0721,8.073,8.0721,8.073,NaN,NaN
1531971900,10999.5,11006.5,10935.45,10957.1,8.0734,8.0751,8.0734,8.0751,NaN,NaN
1532058300,10963.5,11030.25,10946.2,11010.2,8.0751,8.0843,8.0751,8.0843,NaN,NaN
1532317500,11019.85,11093.4,11010.95,11084.75,8.0847,8.0935,8.0758,8.0935,NaN,NaN
1532403900,11109,11143.4,11092.5,11134.3,8.0935,8.1295,8.0935,8.1295,NaN,NaN
1532490300,11148.4,11157.15,11113.25,11132,8.1305,8.1663,8.1305,8.1663,NaN,NaN
1532576700,11132.95,11185.85,11125.7,11167.3,8.1663,8.1663,8.0949,8.0949,NaN,NaN
1532663100,11232.75,11283.4,11210.25,11278.35,8.0949,8.0952,8.0949,8.0952,NaN,NaN
1532922300,11296.65,11328.1,11261.45,11319.55,8.0955,8.0955,8.0777,8.0777,NaN,NaN
1533008700,11311.05,11366,11267.75,11356.5,8.0777,8.078,8.0777,8.078,NaN,NaN
1533095100,11359.8,11390.55,11313.55,11346.2,8.078,8.079,8.078,8.079,NaN,NaN
1533181500,11328.9,11328.9,11234.95,11244.7,8.0793,8.0793,7.9994,7.9994,NaN,NaN
1533267900,11297.8,11368,11294.55,11360.8,7.9994,8.0352,7.9994,8.0263,NaN,NaN
1533527100,11401.5,11427.65,11370.6,11387.1,8.0266,8.0533,8.0266,8.0533,NaN,NaN
1533613500,11423.15,11428.95,11359.7,11389.45,8.0533,8.0536,8.0447,8.0447,NaN,NaN
1533699900,11412.5,11459.95,11379.3,11450,8.0447,8.0457,8.0261,8.0457,NaN,NaN
1533786300,11493.25,11495.2,11454.1,11470.7,8.0457,8.046,8.0457,8.046,NaN,NaN
1533872700,11474.95,11478.75,11419.65,11429.5,8.0467,8.0467,8.0018,8.0022,NaN,NaN
1534131900,11369.6,11406.3,11340.3,11355.75,8.0025,8.0648,8.0025,8.0292,NaN,NaN
1534218300,11381.7,11452.45,11370.8,11435.1,8.0292,8.0302,8.0292,8.0302,NaN,NaN
1534391100,11397.15,11449.85,11366.25,11385.05,8.0305,8.093,8.0305,8.0912,NaN,NaN
1534477500,11437.15,11486.45,11431.8,11470.75,8.0912,8.0919,8.0022,8.0919,NaN,NaN
1534736700,11502.1,11565.3,11499.65,11551.75,8.0923,8.0923,8.0851,8.0851,NaN,NaN
1534823100,11576.2,11581.75,11539.6,11570.9,8.0851,8.0861,8.0486,8.0486,NaN,NaN
1534995900,11620.7,11620.7,11546.7,11582.75,8.0489,8.0865,8.0489,8.0722,NaN,NaN
1535082300,11566.6,11604.6,11532,11557.1,8.0722,8.0994,8.0722,8.0994,NaN,NaN
1535341500,11605.85,11700.95,11595.6,11691.95,8.0998,8.0998,8.0514,8.055,NaN,NaN
1535427900,11731.95,11760.2,11710.5,11738.5,8.055,8.0782,7.7893,8.0782,NaN,NaN
1535514300,11744.95,11753.2,11678.85,11691.9,8.0782,8.0793,8.0782,8.0793,NaN,NaN
1535600700,11694.75,11698.8,11639.7,11676.8,8.0796,8.1048,8.0796,8.1048,NaN,NaN
1535687100,11675.85,11727.65,11640.1,11680.5,8.1048,8.1052,8.098,8.098,NaN,NaN
1535946300,11751.8,11751.8,11567.4,11582.35,8.0983,8.1235,8.0893,8.1235,NaN,NaN
1536032700,11598.75,11602.55,11496.85,11520.3,8.1235,8.2527,8.1235,8.2527,NaN,NaN
1536119100,11514.85,11542.65,11393.85,11476.95,8.2527,8.2535,8.2527,8.253,NaN,NaN
1536205500,11514.15,11562.25,11436.05,11536.9,8.253,8.2533,8.1789,8.1789,NaN,NaN
1536291900,11558.25,11603,11484.4,11589.1,8.1789,8.1791,8.1789,8.1791,NaN,NaN
1536551100,11570.25,11573,11427.3,11438.1,8.2545,8.2924,8.2545,8.2545,NaN,NaN
1536637500,11476.85,11479.4,11274,11287.5,8.2545,8.2554,8.2545,8.2554,NaN,NaN
1536723900,11340.1,11380.75,11250.2,11369.9,8.2554,8.2561,8.2554,8.2561,NaN,NaN
1536896700,11443.5,11523.25,11430.55,11515.2,8.2564,8.2564,8.2564,8.2564,NaN,NaN
1537155900,11464.95,11464.95,11366.9,11377.75,8.2565,8.3384,8.256,8.256,NaN,NaN
1537242300,11381.55,11411.45,11268.95,11278.9,8.256,8.2568,8.256,8.2568,NaN,NaN
1537328700,11326.65,11332.05,11210.9,11234.35,8.2568,8.2809,8.2568,8.2754,NaN,NaN
1537501500,11271.3,11346.8,10866.45,11143.1,8.2757,8.2757,8.2757,8.2757,NaN,NaN
1537760700,11164.4,11170.15,10943.6,10967.4,8.2121,8.276,8.203,8.254,NaN,NaN
1537847100,10969.95,11080.6,10882.85,11067.45,8.254,8.2543,8.2433,8.2433,NaN,NaN
1537933500,11145.55,11145.55,10993.05,11053.8,8.2433,8.2442,8.1677,8.1677,NaN,NaN
1538019900,11079.8,11089.45,10953.35,10977.55,8.2405,8.2411,8.15,8.15,NaN,NaN
1538106300,11008.1,11034.1,10850.3,10930.45,8.2206,8.2208,8.1594,8.1685,NaN,NaN
1538365500,10930.9,11035.65,10821.55,11008.3,8.1687,8.1687,8.0781,8.0962,NaN,NaN
1538538300,10982.7,10989.05,10843.75,10858.25,8.0969,8.1114,8.0969,8.1114,NaN,NaN
1538624700,10754.7,10754.7,10547.25,10599.25,8.1117,8.2795,8.1117,8.2795,NaN,NaN
1538711100,10514.1,10540.65,10261.9,10316.45,8.2795,8.2798,8.1883,8.1883,NaN,NaN
1538970300,10310.15,10398.35,10198.4,10348.05,8.1886,8.1886,8.1886,8.1886,NaN,NaN
1539056700,10390.3,10397.6,10279.35,10301.05,8.1888,8.1888,8.0889,8.1161,NaN,NaN
1539143100,10331.85,10482.35,10318.25,10460.1,8.1888,8.1897,8.1441,8.1441,NaN,NaN
1539229500,10169.8,10335.95,10138.6,10234.65,8.1441,8.1444,8.108,8.108,NaN,NaN
1539315900,10331.55,10492.45,10322.15,10472.5,8.108,8.1174,8.0539,8.0901,NaN,NaN
1539575100,10524.2,10526.3,10410.15,10512.5,8.0907,8.0997,8.078,8.0816,NaN,NaN
1539661500,10550.15,10604.9,10525.3,10584.75,8.0816,8.0824,8.0461,8.0461,NaN,NaN
1539747900,10688.7,10710.15,10436.45,10453.05,8.0461,8.0464,7.9922,8.0373,NaN,NaN
1539920700,10339.7,10380.1,10249.6,10303.55,7.9924,8.0466,7.9924,8.0466,NaN,NaN
1540179900,10405.85,10408.55,10224,10245.25,8.0469,8.0469,7.9891,8.0107,NaN,NaN
1540266300,10152.6,10222.1,10102.35,10146.8,8.0107,8.011,7.9749,7.9749,NaN,NaN
1540352700,10278.15,10290.65,10126.7,10224.75,7.9749,7.9756,7.8947,7.9306,NaN,NaN
1540439100,10135.05,10166.6,10079.3,10124.9,7.9306,7.9488,7.9039,7.9398,NaN,NaN
1540525500,10122.35,10128.85,10004.55,10030,7.9398,7.9542,7.9362,7.9362,NaN,NaN
1540784700,10078.1,10275.3,10020.35,10250.85,7.9364,7.9364,7.8325,7.8325,NaN,NaN
1540871100,10239.4,10285.1,10175.35,10198.4,7.8327,7.9583,7.8327,7.9223,NaN,NaN
1540957500,10209.55,10396,10105.1,10386.6,7.9223,7.959,7.8942,7.914,NaN,NaN
1541043900,10441.7,10441.9,10341.9,10380.45,7.914,7.9214,7.914,7.9214,NaN,NaN
1541130300,10462.3,10606.95,10457.7,10553,7.9216,7.9216,7.9216,7.9216,NaN,NaN
1541389500,10558.75,10558.8,10477,10524,7.9221,7.9221,7.9221,7.9221,NaN,NaN
1541475900,10552,10600.25,10491.45,10530,7.9228,7.9228,7.9228,7.9228,NaN,NaN
1541562300,10614.45,10616.45,10582.3,10598.4,7.923,7.923,7.923,7.923,NaN,NaN
1541735100,10614.7,10619.55,10544.85,10585.2,7.9233,7.9233,7.8352,7.8352,NaN,NaN
1541994300,10607.8,10645.5,10464.05,10482.2,7.8713,7.8713,7.8265,7.8516,NaN,NaN
1542080700,10451.9,10596.25,10440.55,10582.5,7.8516,7.8518,7.8088,7.8356,NaN,NaN
1542167100,10634.9,10651.6,10532.7,10576.3,7.8356,7.8363,7.738,7.738,NaN,NaN
1542253500,10580.6,10646.5,10557.5,10616.7,7.738,7.7649,7.7222,7.7222,NaN,NaN
1542339900,10644,10695.15,10631.15,10682.2,7.7649,7.8098,7.7649,7.8098,NaN,NaN
1542599100,10731.25,10774.7,10688.8,10763.4,7.8101,7.927,7.8101,7.927,NaN,NaN
1542685500,10740.1,10740.85,10640.85,10656.2,7.928,7.928,7.928,7.928,NaN,NaN
1542771900,10670.95,10671.3,10562.35,10600.05,7.9283,7.9283,7.9283,7.9283,NaN,NaN
1542858300,10612.65,10646.25,10512,10526.75,7.9285,7.9285,7.6988,7.6988,NaN,NaN
1543203900,10568.3,10637.8,10489.75,10628.6,7.699,7.699,7.6883,7.6883,NaN,NaN
1543290300,10621.45,10695.15,10596.35,10685.6,7.6885,7.6885,7.6885,7.6885,NaN,NaN
1543376700,10708.75,10757.8,10699.85,10728.85,7.689,7.6962,7.6428,7.6428,NaN,NaN
1543463100,10808.7,10883.05,10782.35,10858.7,7.6428,7.643,7.5898,7.6075,NaN,NaN
1543549500,10892.1,10922.45,10835.1,10876.75,7.6075,7.6077,7.6075,7.6077,NaN,NaN
1543808700,10930.7,10941.2,10845.35,10883.75,7.6079,7.6256,7.6079,7.6256,NaN,NaN
1543895100,10877.1,10890.95,10833.35,10869.5,7.6256,7.6613,7.608,7.608,NaN,NaN
1543981500,10820.45,10821.05,10747.95,10782.9,7.608,7.6086,7.4762,7.4762,NaN,NaN
1544067900,10718.15,10722.65,10588.25,10601.15,7.4763,7.5344,7.4763,7.5344,NaN,NaN
1544154300,10644.8,10704.55,10599.35,10693.7,7.5346,7.5346,7.5346,7.5346,NaN,NaN
1544413500,10508.7,10558.85,10474.95,10488.45,7.5736,7.618,7.5736,7.618,NaN,NaN
1544499900,10350.05,10567.15,10333.85,10549.15,7.618,7.6182,7.618,7.6182,NaN,NaN
1544586300,10591,10752.2,10560.8,10737.6,7.6187,7.6187,7.4543,7.486,NaN,NaN
1544672700,10810.75,10838.6,10749.5,10791.55,7.486,7.4861,7.4597,7.4685,NaN,NaN
1544759100,10784.5,10815.75,10752.1,10805.45,7.4685,7.5216,7.4685,7.4933,NaN,NaN
1545018300,10853.2,10900.35,10844.85,10888.35,7.4935,7.4935,7.4336,7.4336,NaN,NaN
1545104700,10850.9,10915.4,10819.1,10908.7,7.4338,7.469,7.4127,7.4162,NaN,NaN
1545191100,10930.55,10985.15,10928,10967.3,7.4162,7.4162,7.3291,7.3291,NaN,NaN
1545277500,10885.2,10962.55,10880.05,10951.7,7.3291,7.3293,7.3276,7.3293,NaN,NaN
1545363900,10944.25,10963.65,10738.65,10754,7.3293,7.3557,7.3293,7.3295,NaN,NaN
1545623100,10780.9,10782.3,10649.25,10663.5,7.3558,7.3996,7.347,7.347,NaN,NaN
1545795900,10635.45,10747.5,10534.55,10729.85,7.3473,7.3473,7.3123,7.3211,NaN,NaN
1545882300,10817.9,10834.2,10764.45,10779.8,7.3211,7.3649,7.3124,7.3212,NaN,NaN
1545968700,10820.95,10893.6,10817.15,10859.9,7.3212,7.365,7.3212,7.3563,NaN,NaN
1546227900,10913.2,10923.55,10853.2,10862.55,7.3564,7.4531,7.3564,7.4531,NaN,NaN
1546314300,10881.7,10923.6,10807.1,10910.1,7.4531,7.4531,7.38600016,7.41800022,NaN,NaN
1546400700,10868.85,10895.35,10735.05,10792.5,7.40899992,7.41499996,7.3499999,7.35400009,NaN,NaN
1546487100,10796.8,10814.05,10661.25,10672.25,7.39699984,7.43300009,7.38100004,7.42700005,NaN,NaN
1546573500,10699.7,10741.05,10628.65,10727.35,7.40700006,7.4749999,7.40600014,7.44799995,NaN,NaN
1546832700,10804.85,10835.95,10750.15,10771.8,7.46700001,7.51900005,7.43900013,7.5079999,NaN,NaN
1546919100,10786.25,10818.45,10733.25,10802.15,7.50099993,7.50099993,7.43900013,7.454,NaN,NaN
1547005500,10862.4,10870.4,10749.4,10855.15,7.47599983,7.48199987,7.44399977,7.46999979,NaN,NaN
1547091900,10859.35,10859.35,10801.8,10821.6,7.48799992,7.51599979,7.46600008,7.47599983,NaN,NaN
1547178300,10834.75,10850.15,10739.4,10794.95,7.47900009,7.51900005,7.44899988,7.50299978,NaN,NaN
1547437500,10807,10808,10692.35,10737.6,7.47399998,7.47399998,7.42299986,7.43100023,NaN,NaN
1547523900,10777.55,10896.95,10777.55,10886.8,7.47200012,7.48999977,7.45699978,7.47300005,NaN,NaN
1547610300,10899.65,10928.15,10876.9,10890.3,7.47900009,7.57700014,7.46500015,7.5630002,NaN,NaN
1547696700,10920.85,10930.65,10844.65,10905.2,7.57299995,7.58699989,7.53299999,7.54899979,NaN,NaN
1547783100,10914.85,10928.2,10852.2,10906.95,7.59299994,7.60900021,7.56699991,7.59600019,NaN,NaN
1548042300,10919.35,10987.45,10885.75,10961.85,7.62799978,7.6500001,7.54500008,7.56899977,NaN,NaN
1548128700,10949.8,10949.8,10864.15,10922.75,7.55200005,7.55499983,7.51599979,7.53299999,NaN,NaN
1548215100,10931.05,10944.8,10811.95,10831.5,7.51999998,7.58500004,7.51100016,7.57700014,NaN,NaN
1548301500,10844.05,10866.6,10798.65,10849.8,7.56899977,7.60400009,7.55499983,7.55700016,NaN,NaN
1548387900,10859.75,10931.7,10756.45,10780.55,7.57800007,7.57800007,7.52400017,7.546,NaN,NaN
1548647100,10792.45,10804.45,10630.95,10661.55,7.55800009,7.5619998,7.53499985,7.54099989,NaN,NaN
1548733500,10653.7,10690.35,10583.65,10652.2,7.53299999,7.55100012,7.52199984,7.5250001,NaN,NaN
1548819900,10702.25,10710.2,10612.85,10651.8,7.54099989,7.55600023,7.53299999,7.55100012,NaN,NaN
1548906300,10690.55,10838.05,10678.55,10830.95,7.53200006,7.55100012,7.48199987,7.4829998,NaN,NaN
1548992700,10851.35,10983.45,10813.45,10893.65,7.46999979,7.65100002,7.42500019,7.61000013,NaN,NaN
1549251900,10876.75,10927.9,10814.15,10912.25,7.6500001,7.67399979,7.63199997,7.67199993,NaN,NaN
1549338300,10908.65,10956.7,10886.7,10934.35,7.66900015,7.67199993,7.60900021,7.61499977,NaN,NaN
1549424700,10965.1,11072.6,10962.7,11062.45,7.60200024,7.60200024,7.56500006,7.56500006,NaN,NaN
1549511100,11070.45,11118.1,11043.6,11069.4,7.57299995,7.58799982,7.46999979,7.50099993,NaN,NaN
1549597500,11023.5,11041.2,10925.45,10943.6,7.48799992,7.53100014,7.45900011,7.52400017,NaN,NaN
1549856700,10930.9,10930.9,10857.1,10888.8,7.52400017,7.54799986,7.50899982,7.52899981,NaN,NaN
1549943100,10879.7,10910.9,10823.8,10831.4,7.53999996,7.53999996,7.51000023,7.53399992,NaN,NaN
1550029500,10870.55,10891.65,10772.1,10793.65,7.46899986,7.47900009,7.43599987,7.46600008,NaN,NaN
1550115900,10786.1,10792.7,10718.75,10746.05,7.48500013,7.52400017,7.4829998,7.52099991,NaN,NaN
1550202300,10780.25,10785.75,10620.4,10724.4,7.53900003,7.58400011,7.53399992,7.57700014,NaN,NaN
1550461500,10738.65,10759.9,10628.4,10640.95,7.60099983,7.60099983,7.56500006,7.57999992,NaN,NaN
1550547900,10636.7,10722.85,10585.65,10604.35,NaN,NaN,NaN,NaN,NaN,NaN
1550634300,10655.45,10752.7,10646.4,10735.45,7.5710001,7.57200003,7.54099989,7.54500008,NaN,NaN
1550720700,10744.1,10808.85,10721.5,10789.85,7.57299995,7.57299995,7.54300022,7.54400015,NaN,NaN
1550807100,10782.7,10801.55,10758.4,10791.65,7.54400015,7.61000013,7.54400015,7.60500002,NaN,NaN
1551066300,10813.25,10887.1,10788.05,10880.1,7.59100008,7.61100006,7.58199978,7.58400011,NaN,NaN
1551152700,10775.3,10888.75,10729.3,10835.3,7.62400007,7.62400007,7.57800007,7.58699989,NaN,NaN
1551239100,10881.2,10939.7,10751.2,10806.65,7.6079998,7.69899988,7.59100008,7.67199993,NaN,NaN
1551325500,10865.7,10865.7,10784.85,10792.5,7.6789999,7.6789999,7.59100008,7.59100008,NaN,NaN
1551411900,10842.65,10877.9,10823.1,10863.5,7.58799982,7.58900023,7.54500008,7.55600023,NaN,NaN
1551757500,10864.85,10994.9,10817,10987.45,7.55000019,7.56099987,7.53000021,7.55600023,NaN,NaN
1551843900,11024.85,11062.3,10998.85,11053,7.5539999,7.58699989,7.54799986,7.57200003,NaN,NaN
1551930300,11077.95,11089.05,11027.1,11058.2,7.57499981,7.57999992,7.56099987,7.57999992,NaN,NaN
1552016700,11038.85,11049,11008.95,11035.4,7.56500006,7.5710001,7.52400017,7.53200006,NaN,NaN
1552275900,11068.75,11180.9,11059.85,11168.05,7.53999996,7.54199982,7.50299978,7.51200008,NaN,NaN
1552362300,11231.35,11320.4,11227,11301.2,7.52699995,7.53599977,7.49300003,7.51300001,NaN,NaN
1552448700,11326.2,11352.3,11276.6,11341.7,7.53399992,7.55299997,7.52299976,7.54799986,NaN,NaN
1552535100,11382.5,11383.45,11313.75,11343.25,7.59000015,7.59000015,7.53599977,7.55299997,NaN,NaN
1552621500,11376.85,11487,11370.8,11426.85,7.55800009,7.56099987,7.5,7.50199986,NaN,NaN
1552880700,11473.85,11530.15,11412.5,11462.2,7.47700024,7.48600006,7.45200014,7.48000002,NaN,NaN
1552967100,11500.3,11543.85,11451.25,11532.4,7.49399996,7.54500008,7.47900009,7.53599977,NaN,NaN
1553053500,11553.35,11556.1,11503.1,11521.05,7.53499985,7.54400015,7.51300001,7.5170002,NaN,NaN
1553226300,11549.2,11572.8,11434.55,11456.9,7.47700024,7.50600004,7.47399998,7.50400019,NaN,NaN
1553485500,11395.65,11395.65,11311.6,11354.25,7.47100019,7.47399998,7.45599985,7.47100019,NaN,NaN
1553571900,11375.2,11496.75,11352.45,11483.25,7.329,7.34299994,7.32800007,7.34200001,NaN,NaN
1553658300,11531.45,11546.2,11413,11445.05,7.34399986,7.35699987,7.32299995,7.32700014,NaN,NaN
1553744700,11463.65,11588.5,11452.45,11570,7.31899977,7.33400011,7.30100012,7.32299995,NaN,NaN
1553831100,11625.45,11630.35,11570.15,11623.9,7.329,7.35099983,7.30999994,7.34600019,NaN,NaN
1554090300,11665.2,11738.1,11644.75,11669.15,NaN,NaN,NaN,NaN,NaN,NaN
1554176700,11711.55,11729.35,11655.85,11713.2,7.35599995,7.35599995,7.27099991,7.27199984,NaN,NaN
1554263100,11735.3,11761,11629.15,11643.95,7.28000021,7.28800011,7.25500011,7.27099991,NaN,NaN
1554349500,11660.2,11662.55,11559.2,11598,7.27099991,7.34800005,7.22900009,7.34800005,NaN,NaN
1554435900,11638.4,11689.65,11609.5,11665.95,7.35200024,7.36199999,7.31599998,7.35300016,NaN,NaN
1554695100,11704.35,11710.3,11549.1,11604.5,7.37400007,7.41099977,7.37400007,7.4000001,NaN,NaN
1554781500,11612.05,11683.9,11569.7,11671.95,7.41099977,7.41800022,7.37300014,7.37400007,NaN,NaN
1554867900,11646.85,11680.05,11571.75,11584.3,7.36299992,7.37900019,7.35599995,7.3670001,NaN,NaN
1554954300,11592.55,11606.7,11550.55,11596.7,7.38100004,7.38100004,7.36199999,7.37099981,NaN,NaN
1555040700,11612.85,11657.35,11578.8,11643.45,7.3829999,7.40999985,7.38000011,7.40899992,NaN,NaN
1555299900,11667,11704.6,11648.25,11690.35,7.41099977,7.41400003,7.38700008,7.38999987,NaN,NaN
1555386300,11736.2,11810.95,11731.55,11787.15,7.38999987,7.40399981,7.37599993,7.38999987,NaN,NaN
1555559100,11856.15,11856.15,11738.5,11752.8,7.42000008,7.42999983,7.40799999,7.42000008,NaN,NaN
1555904700,11727.05,11727.05,11583.95,11594.45,7.45499992,7.49700022,7.45499992,7.47399998,NaN,NaN
1555991100,11612.95,11645.95,11564.8,11575.95,7.48899984,7.49499989,7.46000004,7.47300005,NaN,NaN
1556077500,11601.5,11740.85,11578.85,11726.15,7.4289999,7.43599987,7.421,7.42399979,NaN,NaN
1556163900,11735.7,11796.75,11624.3,11641.8,7.44099998,7.47700024,7.44099998,7.45100021,NaN,NaN
1556250300,11683.75,11762.9,11661.75,11754.65,7.43599987,7.4460001,7.40500021,7.40799999,NaN,NaN
1556595900,11748.75,11756.25,11655.9,11748.15,7.39499998,7.421,7.38700008,7.41400003,NaN,NaN
1556768700,11725.55,11789.3,11699.55,11724.75,7.41099977,7.41099977,7.38600016,7.38600016,NaN,NaN
1556855100,11722.6,11770.9,11699.35,11712.25,7.37200022,7.40100002,7.36899996,7.3920002,NaN,NaN
1557114300,11605.8,11632.55,11571.35,11598.25,7.40299988,7.40299988,7.36499977,7.39400005,NaN,NaN
1557200700,11651.5,11657.05,11484.45,11497.9,7.41699982,7.42399979,7.38100004,7.38199997,NaN,NaN
1557287100,11478.7,11479.1,11346.95,11359.45,7.3920002,7.3920002,7.36999989,7.375,NaN,NaN
1557373500,11322.4,11357.6,11255.05,11301.8,7.38700008,7.4000001,7.37099981,7.39699984,NaN,NaN
1557459900,11314.15,11345.8,11251.05,11278.9,7.40700006,7.42600012,7.40299988,7.41300011,NaN,NaN
1557719100,11258.7,11300.2,11125.6,11148.2,7.41800022,7.41900015,7.38500023,7.38800001,NaN,NaN
1557805500,11151.65,11294.75,11108.3,11222.05,7.38800001,7.38800001,7.34800005,7.37799978,NaN,NaN
1557891900,11271.7,11286.8,11136.95,11157,7.37900019,7.38399982,7.36000013,7.37900019,NaN,NaN
1557978300,11180.35,11281.55,11143.35,11257.1,7.39400005,7.40199995,7.375,7.37699986,NaN,NaN
1558064700,11261.9,11426.15,11259.85,11407.15,7.39699984,7.39699984,7.36000013,7.36199999,NaN,NaN
1558323900,11651.9,11845.2,11591.7,11828.25,7.28700018,7.30900002,7.2750001,7.28599977,NaN,NaN
1558410300,11863.65,11883.55,11682.8,11709.1,7.29300022,7.3119998,7.29300022,7.30299997,NaN,NaN
1558496700,11727.95,11784.8,11682.4,11737.9,7.30200005,7.30800009,7.26000023,7.26000023,NaN,NaN
1558583100,11901.3,12041.15,11614.5,11657.05,7.23199987,7.24399996,7.19099998,7.23899984,NaN,NaN
1558669500,11748,11859,11658.1,11844.1,7.21999979,7.23899984,7.20300007,7.22599983,NaN,NaN
1558928700,11855.5,11957.15,11812.4,11924.75,7.22599983,7.22599983,7.16200018,7.16699982,NaN,NaN
1559015100,11958.35,11958.55,11864.9,11928.75,7.17700005,7.1789999,7.13500023,7.14900017,NaN,NaN
1559101500,11905.8,11931.9,11836.8,11861.1,7.12699986,7.14300013,7.11600018,7.125,NaN,NaN
1559187900,11865.3,11968.55,11859.4,11945.9,7.13500023,7.13899994,7.12699986,7.1329999,NaN,NaN
1559274300,11999.8,12039.25,11829.45,11922.8,7.07499981,7.07700014,7.03000021,7.03200006,NaN,NaN
1559533500,11953.75,12103.05,11920.1,12088.55,6.94899988,7.00099993,6.94099998,6.98199987,NaN,NaN
1559619900,12052.65,12095.2,12005.85,12021.65,6.97900009,7.02400017,6.97700024,7.02199984,NaN,NaN
1559792700,12039.8,12039.8,11830.25,11843.75,7.01200008,7.01200008,6.87599993,6.93100023,NaN,NaN
1559879100,11865.2,11897.5,11769.5,11870.65,6.95100021,6.98400021,6.94799995,6.97399998,NaN,NaN
1560138300,11934.9,11975.05,11871.75,11922.7,6.98400021,7.08699989,6.9829998,7.07700014,NaN,NaN
1560224700,11959.85,12000.35,11904.35,11965.6,7.08300018,7.09700012,7.03599977,7.03700018,NaN,NaN
1560311100,11962.45,11962.45,11866.35,11906.2,7.02199984,7.0250001,6.99499989,7.01200008,NaN,NaN
1560397500,11873.9,11931.35,11817.05,11914.05,6.98899984,7.02799988,6.96500015,7.00899982,NaN,NaN
1560483900,11910.1,11911.85,11797.7,11823.3,6.99300003,6.99700022,6.91400003,6.91900015,NaN,NaN
1560743100,11844,11844.05,11657.75,11672.15,6.92999983,6.94700003,6.91499996,6.93100023,NaN,NaN
1560829500,11677.05,11727.2,11641.15,11691.5,6.92000008,6.92000008,6.80800009,6.80800009,NaN,NaN
1560915900,11744.45,11802.5,11625.1,11691.45,6.82999992,6.84899998,6.81699991,6.84100008,NaN,NaN
1561002300,11653.65,11843.5,11635.05,11831.75,6.76900005,6.79099989,6.73400021,6.79099989,NaN,NaN
1561088700,11827.6,11827.95,11705.1,11724.1,6.82499981,6.89300013,6.82499981,6.86100006,NaN,NaN
1561347900,11725.8,11754,11670.2,11699.65,6.84200001,6.8829999,6.81099987,6.85099983,NaN,NaN
1561434300,11681,11814.4,11651,11796.45,6.87099981,6.89599991,6.86499977,6.88199997,NaN,NaN
1561520700,11768.15,11871.85,11757.55,11847.55,6.921,6.94199991,6.91699982,6.93300009,NaN,NaN
1561607100,11860.85,11911.15,11821.05,11841.55,6.95499992,6.95499992,6.88000011,6.89699984,NaN,NaN
1561693500,11861.15,11871.7,11775.5,11788.85,6.88800001,6.9000001,6.86999989,6.87900019,NaN,NaN
1561952700,11839.9,11884.65,11830.8,11865.6,6.90500021,6.92999983,6.88199997,6.88199997,NaN,NaN
1562039100,11890.3,11917.45,11814.7,11910.3,6.86000013,6.87599993,6.829,6.84600019,NaN,NaN
1562125500,11932.15,11945.2,11887.05,11916.75,6.80900002,6.83500004,6.8039999,6.83300018,NaN,NaN
1562211900,11928.8,11969.25,11923.65,11946.75,6.83599997,6.84899998,6.75099993,6.75099993,NaN,NaN
1562298300,11964.75,11981.75,11797.9,11811.15,6.75500011,6.76599979,6.57600021,6.69500017,NaN,NaN
1562557500,11770.4,11771.9,11523.3,11558.6,6.71299982,6.71299982,6.5619998,6.5619998,NaN,NaN
1562643900,11531.6,11582.55,11461,11555.9,6.55499983,6.61000013,6.55499983,6.58799982,NaN,NaN
1562730300,11536.15,11593.7,11475.65,11498.9,6.58799982,6.61000013,6.51599979,6.54300022,NaN,NaN
1562816700,11561.45,11599,11519.5,11582.9,6.55800009,6.5619998,6.48699999,6.49300003,NaN,NaN
1562903100,11601.15,11639.55,11538.6,11552.5,6.52799988,6.54099989,6.45699978,6.48799992,NaN,NaN
1563162300,11614.75,11618.4,11532.3,11588.35,6.45900011,6.46700001,6.42999983,6.43300009,NaN,NaN
1563248700,11596.65,11670.05,11573.95,11662.6,6.41300011,6.41300011,6.31699991,6.33099985,NaN,NaN
1563335100,11670.75,11706.65,11651.15,11687.5,6.28100014,6.41300011,6.26599979,6.34499979,NaN,NaN
1563421500,11675.6,11677.15,11582.4,11596.9,6.30999994,6.40199995,6.30999994,6.38700008,NaN,NaN
1563507900,11627.95,11640.35,11399.3,11419.25,6.3829999,6.38500023,6.34800005,6.36100006,NaN,NaN
1563767100,11392.85,11398.15,11301.25,11346.2,6.42000008,6.45300007,6.40600014,6.41800022,NaN,NaN
1563853500,11372.25,11398.15,11302.8,11331.05,6.42999983,6.47700024,6.40799999,6.46400023,NaN,NaN
1563939900,11322.45,11359.75,11229.8,11271.3,6.47599983,6.47900009,6.42500019,6.4380002,NaN,NaN
1564026300,11290.4,11361.4,11239.35,11252.15,6.44099998,6.55100012,6.42199993,6.51399994,NaN,NaN
1564112700,11247.45,11307.6,11210.05,11284.3,6.53800011,6.55600023,6.50600004,6.5250001,NaN,NaN
1564371900,11307.5,11310.95,11152.4,11189.2,6.45200014,6.46000004,6.41200018,6.41200018,NaN,NaN
1564458300,11213.7,11267.45,11072.65,11085.4,6.41599989,6.4369998,6.37900019,6.38700008,NaN,NaN
1564544700,11034.05,11145.3,10999.4,11118,6.40299988,6.40299988,6.35900021,6.36899996,NaN,NaN
1564631100,11060.2,11076.75,10881,10980,6.39400005,6.43200016,6.38399982,6.42299986,NaN,NaN
1564717500,10930.3,11080.15,10848.95,10997.35,6.32399988,6.36100006,6.32399988,6.35200024,NaN,NaN
1564976700,10895.8,10895.8,10782.6,10862.6,6.3670001,6.42299986,6.36100006,6.38999987,NaN,NaN
1565063100,10815.4,11018.55,10813.8,10948.25,6.36600018,6.38100004,6.32499981,6.33799982,NaN,NaN
1565149500,10958.1,10975.65,10835.9,10855.5,6.31400013,6.39799976,6.296,6.36899996,NaN,NaN
1565235900,10899.2,11058.05,10842.95,11032.45,6.38100004,6.40399981,6.36399984,6.40199995,NaN,NaN
1565322300,11087.9,11181.45,11062.8,11109.65,6.40399981,6.52299976,6.39900017,6.49399996,NaN,NaN
1565667900,11139.4,11145.9,10901.6,10925.85,6.51100016,6.53800011,6.49599981,6.51800013,NaN,NaN
1565754300,11003.25,11078.15,10935.6,11029.4,6.54099989,6.63899994,6.52299976,6.61999989,NaN,NaN
1565927100,11043.65,11068.65,10924.3,11047.8,6.58400011,6.59600019,6.52699995,6.53499985,NaN,NaN
1566186300,11094.8,11146.9,11037.85,11053.9,6.55299997,6.59600019,6.54899979,6.58099985,NaN,NaN
1566272700,11063.9,11076.3,10985.3,11017,6.58400011,6.62699986,6.57200003,6.57800007,NaN,NaN
1566359100,11018.15,11034.2,10906.65,10918.7,6.57200003,6.57499981,6.53399992,6.55999994,NaN,NaN
1566445500,10905.3,10908.25,10718.3,10741.35,6.58199978,6.58199978,6.53100014,6.5539999,NaN,NaN
1566531900,10699.6,10862.55,10637.15,10829.35,6.57800007,6.57800007,6.55100012,6.56400013,NaN,NaN
1566791100,11000.3,11070.3,10756.55,11057.85,6.50099993,6.52600002,6.47200012,6.47200012,NaN,NaN
1566877500,11106.55,11141.75,11049.5,11105.35,6.39099979,6.53000021,6.39099979,6.52099991,NaN,NaN
1566963900,11101.3,11129.65,10987.65,11046.1,6.51800013,6.57600021,6.50099993,6.56400013,NaN,NaN
1567050300,10996.05,11021.1,10922.4,10948.3,6.56599998,6.62400007,6.53700018,6.54300022,NaN,NaN
1567136700,10987.8,11042.6,10874.8,11023.25,6.5619998,6.58199978,6.55299997,6.55600023,NaN,NaN
1567482300,10960.95,10967.5,10772.7,10797.9,6.50099993,6.52899981,6.49300003,6.51399994,NaN,NaN
1567568700,10790.4,10858.75,10746.35,10844.65,6.5079999,6.54699993,6.49900007,6.54500008,NaN,NaN
1567655100,10860.95,10920.1,10816,10847.9,6.58599997,6.59700012,6.55499983,6.5710001,NaN,NaN
1567741500,10883.8,10957.05,10867.45,10946.2,6.59499979,6.60200024,6.57399988,6.59700012,NaN,NaN
1568000700,10936.7,11028.85,10889.8,11003.05,6.60599995,6.60599995,6.5630002,6.57000017,NaN,NaN
1568173500,11028.5,11054.8,11011.65,11035.7,6.60599995,6.67500019,6.59499979,6.67399979,NaN,NaN
1568259900,11058.3,11081.75,10964.95,10982.8,6.66900015,6.70499992,6.63100004,6.65799999,NaN,NaN
1568346300,10986.8,11084.45,10945.75,11075.9,6.66599989,6.67399979,6.60699987,6.63100004,NaN,NaN
1568605500,10994.85,11052.7,10968.2,11003.5,6.72599983,6.74599981,6.68300009,6.71000004,NaN,NaN
1568691900,11000.1,11000.1,10796.5,10817.6,6.72800016,6.73699999,6.69999981,6.72800016,NaN,NaN
1568778300,10872.8,10885.15,10804.85,10840.65,6.65999985,6.67999983,6.60200024,6.6170001,NaN,NaN
1568864700,10845.2,10845.2,10670.25,10704.8,6.61100006,6.6420002,6.57299995,6.63399982,NaN,NaN
1568951100,10746.8,11381.9,10691,11274.2,6.58699989,6.87400007,6.55200005,6.78200006,NaN,NaN
1569210300,11542.7,11694.85,11471.35,11600.2,6.77899981,6.80100012,6.73000002,6.73899984,NaN,NaN
1569296700,11590.7,11655.05,11539.2,11588.2,6.7420001,6.78200006,6.7329998,6.7750001,NaN,NaN
1569383100,11564.85,11564.95,11416.1,11440.2,6.77400017,6.77699995,6.74399996,6.75400019,NaN,NaN
1569469500,11469.85,11610.85,11466.35,11571.2,6.76200008,6.77099991,6.69700003,6.71000004,NaN,NaN
1569555900,11556.35,11593.6,11499.75,11512.4,6.76399994,6.76399994,6.70800018,6.72900009,NaN,NaN
1569815100,11491.15,11508.25,11390.8,11474.45,6.70599985,6.71000004,6.68100023,6.69500017,NaN,NaN
1569901500,11515.4,11554.2,11247.9,11359.9,6.67999983,6.70200014,6.65199995,6.65700006,NaN,NaN
1570074300,11322.25,11370.4,11257.35,11314,6.60500002,6.61999989,6.59899998,6.60599995,NaN,NaN
1570160700,11388.45,11400.3,11158.35,11174.75,6.60200024,6.68400002,6.58199978,6.67999983,NaN,NaN
1570419900,11196.2,11233.85,11112.65,11126.4,6.69299984,6.69299984,6.65999985,6.66900015,NaN,NaN
1570592700,11152.95,11321.6,11090.15,11313.3,6.65899992,6.66599989,6.63600016,6.65500021,NaN,NaN
1570679100,11280.5,11293.35,11208.55,11234.55,6.65999985,6.68400002,6.65999985,6.6789999,NaN,NaN
1570765500,11257.7,11362.9,11189.4,11305.05,6.70300007,6.73099995,6.69799995,6.72700024,NaN,NaN
1571024700,11335.9,11420.45,11290.05,11341.15,6.73699999,6.73899984,6.67000008,6.67000008,NaN,NaN
1571111100,11360.85,11462.35,11342.1,11428.3,6.69700003,6.69700003,6.65100002,6.65999985,NaN,NaN
1571197500,11464.95,11481.05,11411.1,11464,6.66900015,6.77349997,6.6420002,6.76949978,NaN,NaN
1571283900,11466.3,11599.1,11439.65,11586.35,6.76749992,6.83249998,6.7505002,6.81349993,NaN,NaN
1571370300,11580.3,11684.7,11553.15,11661.85,6.81449986,6.81899977,6.8039999,6.80550003,NaN,NaN
1571715900,11657.15,11714.35,11573.65,11588.35,6.82649994,6.82649994,6.80550003,6.81449986,NaN,NaN
1571802300,11596.2,11651.6,11554.4,11604.1,6.80950022,6.80950022,6.7874999,6.79150009,NaN,NaN
1571888700,11661.65,11679.6,11534.65,11582.6,6.81150007,6.82299995,6.78999996,6.79150009,NaN,NaN
1571975100,11646.15,11646.9,11490.75,11583.9,6.79449987,6.80100012,6.77549982,6.78350019,NaN,NaN
1572179400,11662.25,11672.4,11604.6,11627.15,NaN,NaN,NaN,NaN,NaN,NaN
1572320700,11643.95,11809.4,11627.35,11786.85,6.81150007,6.81150007,6.79099989,6.79250002,NaN,NaN
1572407100,11883.9,11883.95,11784.45,11844.1,6.78350019,6.78900003,6.77250004,6.77750015,NaN,NaN
1572493500,11890.45,11945,11855.1,11877.45,6.77050018,6.78249979,6.75500011,6.75500011,NaN,NaN
1572579900,11886.6,11918.3,11843.35,11890.6,6.53649998,6.55350018,6.52050018,6.54850006,NaN,NaN
1572839100,11928.9,11989.15,11905.35,11941.3,6.5619998,6.58050013,6.55499983,6.57600021,NaN,NaN
1572925500,11974.6,11978.95,11861.9,11917.2,6.58900023,6.63549995,6.51000023,6.51399994,NaN,NaN
1573011900,11911.5,12002.9,11850.25,11966.05,6.52099991,6.52099991,6.48400021,6.48600006,NaN,NaN
1573098300,12021.1,12021.4,11946.85,12012.05,6.47300005,6.50600004,6.47300005,6.50199986,NaN,NaN
1573184700,11987.15,12034.15,11888.75,11908.15,6.53900003,6.5539999,6.52400017,6.5539999,NaN,NaN
1573443900,11879.2,11932.65,11853.95,11913.45,6.54400015,6.57399988,6.54400015,6.56099987,NaN,NaN
1573616700,11908.3,11946.8,11823.2,11840.45,6.5539999,6.5539999,6.52600002,6.52799988,NaN,NaN
1573703100,11858.75,11895.65,11802.65,11872.1,6.52600002,6.52600002,6.50500011,6.51499987,NaN,NaN
1573789500,11904.2,11973.65,11879.25,11895.45,6.52600002,6.52600002,6.50699997,6.51900005,NaN,NaN
1574048700,11915.15,11946.2,11867.6,11884.5,6.52600002,6.53000021,6.47599983,6.47700024,NaN,NaN
1574135100,11919.45,11958.85,11881.75,11940.1,6.47599983,6.48099995,6.46600008,6.47300005,NaN,NaN
1574221500,12004.75,12038.6,11966.05,11999.1,6.46400023,6.47300005,6.454,6.45800018,NaN,NaN
1574307900,12025.65,12028.2,11956.9,11968.4,6.46600008,6.50600004,6.44899988,6.50500011,NaN,NaN
1574394300,11967.3,11968.1,11883.5,11914.4,6.51200008,6.52400017,6.48899984,6.49499989,NaN,NaN
1574653500,11922.45,12084.5,11919.75,12073.75,6.50600004,6.50600004,6.46099997,6.46799994,NaN,NaN
1574739900,12110.2,12132.45,12006.35,12037.7,6.46999979,6.48899984,6.46299982,6.47800016,NaN,NaN
1574826300,12068.5,12114.9,12055.15,12100.7,6.48199987,6.49399996,6.46700001,6.46700001,NaN,NaN
1574912700,12132.1,12158.8,12099.95,12151.15,6.46199989,6.46299982,6.44199991,6.45300007,NaN,NaN
1574999100,12146.2,12147.4,12017.4,12056.05,6.45499992,6.47399998,6.44899988,6.46000004,NaN,NaN
1575258300,12137.05,12137.15,12023.7,12048.2,6.46199989,6.49399996,6.45200014,6.48400021,NaN,NaN
1575344700,12067.65,12068.6,11956.4,11994.2,6.48500013,6.49499989,6.46199989,6.46199989,NaN,NaN
1575431100,11969.95,12054.7,11935.3,12043.2,6.44999981,6.46799994,6.44799995,6.46199989,NaN,NaN
1575517500,12071.25,12081.2,11998.75,12018.4,6.46400023,6.61399984,6.454,6.6079998,NaN,NaN
1575603900,12047.35,12057.05,11888.85,11921.5,6.61100006,6.66800022,6.60200024,6.66099977,NaN,NaN
1575863100,11939.1,11981.95,11888.05,11937.5,6.69000006,6.69000006,6.65799999,6.65899992,NaN,NaN
1575949500,11950.5,11953.2,11844.7,11856.8,6.66499996,6.72300005,6.64300013,6.70300007,NaN,NaN
1576035900,11867.35,11923.2,11832.3,11910.15,6.71000004,6.76000023,6.6869998,6.76000023,NaN,NaN
1576122300,11944.3,12005.5,11934,11971.8,6.75299978,6.79099989,6.74100018,6.76999998,NaN,NaN
1576208700,12026.4,12098.85,12023.6,12086.7,6.82200003,6.83699989,6.76399994,6.78200006,NaN,NaN
1576467900,12131.35,12134.65,12046.3,12053.95,6.76399994,6.79799986,6.75899982,6.79400015,NaN,NaN
1576554300,12082.45,12182.75,12070.35,12165,6.80100012,6.80100012,6.74399996,6.74399996,NaN,NaN
1576640700,12197,12237.7,12163.45,12221.65,6.74900007,6.75899982,6.69299984,6.70499992,NaN,NaN
1576727100,12223.4,12268.35,12191.15,12259.7,6.73099995,6.74800014,6.704,6.74599981,NaN,NaN
1576813500,12266.45,12293.9,12252.75,12271.8,6.62099981,6.62599993,6.55499983,6.59800005,NaN,NaN
1577072700,12235.45,12287.15,12213.25,12262.75,6.60900021,6.60900021,6.55200005,6.5619998,NaN,NaN
1577159100,12269.25,12283.7,12202.1,12214.55,6.55700016,6.59299994,6.5539999,6.5710001,NaN,NaN
1577331900,12211.85,12221.55,12118.85,12126.55,6.59299994,6.59499979,6.57200003,6.57600021,NaN,NaN
1577418300,12172.9,12258.45,12157.9,12245.8,6.50899982,6.51599979,6.5,6.5,NaN,NaN
1577677500,12274.9,12286.45,12213.8,12255.85,6.50600004,6.54699993,6.50199986,6.54400015,NaN,NaN
1577763900,12247.1,12247.1,12151.8,12168.45,6.54199982,6.55900002,6.53200006,6.5539999,NaN,NaN
1577850300,12202.15,12222.2,12165.3,12182.5,6.54799986,6.54799986,6.50099993,6.50099993,NaN,NaN
1577936700,12198.55,12289.9,12195.25,12282.2,6.49800014,6.51200008,6.48899984,6.50199986,NaN,NaN
1578023100,12261.1,12265.6,12191.35,12226.65,6.49399996,6.51999998,6.48500013,6.51000023,NaN,NaN
1578282300,12170.6,12179.1,11974.2,11993.05,6.53100014,6.56699991,6.53100014,6.56500006,NaN,NaN
1578368700,12079.1,12152.15,12005.35,12052.95,6.55700016,6.5630002,6.52799988,6.55000019,NaN,NaN
1578455100,11939.1,12044.95,11929.6,12025.35,6.57800007,6.57800007,6.54400015,6.55700016,NaN,NaN
1578541500,12153.15,12224.05,12132.55,12215.9,6.52600002,6.5539999,6.51999998,6.52400017,NaN,NaN
1578627900,12271,12311.2,12213.2,12256.8,6.58300018,6.59499979,6.57600021,6.58500004,NaN,NaN
1578887100,12296.7,12337.75,12285.8,12329.55,6.58799982,6.62099981,6.58099985,6.59200001,NaN,NaN
1578973500,12333.1,12374.25,12308.7,12362.3,6.6869998,6.6869998,6.64799976,6.66200018,NaN,NaN
1579059900,12349.4,12355.15,12278.75,12343.3,6.65999985,6.66499996,6.62300014,6.62300014,NaN,NaN
1579146300,12347.1,12389.05,12315.8,12355.5,6.61199999,6.64300013,6.59800005,6.59800005,NaN,NaN
1579232700,12328.4,12385.45,12321.4,12352.35,6.60099983,6.62599993,6.60099983,6.62200022,NaN,NaN
1579491900,12430.5,12430.5,12216.9,12224.55,6.63000011,6.64699984,6.625,6.63899994,NaN,NaN
1579578300,12195.3,12230.05,12162.3,12169.85,6.62900019,6.64400005,6.61800003,6.6329999,NaN,NaN
1579664700,12218.35,12225.05,12087.9,12106.9,6.62900019,6.64300013,6.62699986,6.63500023,NaN,NaN
1579751100,12123.75,12189,12094.1,12180.35,6.62300014,6.63199997,6.59399986,6.59600019,NaN,NaN
1579837500,12174.55,12272.15,12149.65,12248.25,6.59899998,6.60200024,6.56899977,6.57800007,NaN,NaN
1580096700,12197.1,12216.6,12107,12119,6.54899979,6.57200003,6.54699993,6.55100012,NaN,NaN
1580183100,12148.1,12163.55,12024.5,12055.8,6.54899979,6.58099985,6.54899979,6.57499981,NaN,NaN
1580269500,12114.9,12169.6,12103.8,12129.5,6.59000015,6.59399986,6.5630002,6.56799984,NaN,NaN
1580355900,12147.75,12150.3,12010.6,12035.8,6.55299997,6.56500006,6.55299997,6.55800009,NaN,NaN
1580442300,12100.4,12103.55,11945.85,11962.1,6.57700014,6.5999999,6.57499981,6.59899998,NaN,NaN
1580528700,11939,12017.35,11633.3,11661.85,NaN,NaN,NaN,NaN,NaN,NaN
1580701500,11627.45,11749.85,11614.5,11707.9,6.50899982,6.51999998,6.49700022,6.50299978,NaN,NaN
1580787900,11786.25,11986.15,11783.4,11979.65,6.49399996,6.51000023,6.48799992,6.50400019,NaN,NaN
1580874300,12005.85,12098.15,11953.35,12089.15,6.51200008,6.51900005,6.49700022,6.50500011,NaN,NaN
1580960700,12120,12160.6,12084.65,12137.95,6.51300001,6.51300001,6.4460001,6.4460001,NaN,NaN
1581047100,12151.15,12154.7,12073.95,12098.35,6.43100023,6.44299984,6.40899992,6.43900013,NaN,NaN
1581306300,12102.35,12103.55,11990.75,12031.5,6.429,6.446,6.421,6.44,NaN,NaN
1581392700,12108.4,12172.3,12099,12107.9,6.447,6.469,6.433,6.464,NaN,NaN
1581479100,12151,12231.75,12144.3,12201.2,6.477,6.484,6.471,6.473,NaN,NaN
1581565500,12219.55,12225.65,12139.8,12174.65,6.488,6.488,6.423,6.423,NaN,NaN
1581651900,12190.15,12246.7,12091.2,12113.45,6.43,6.431,6.367,6.369,NaN,NaN
1581911100,12131.8,12159.6,12037,12045.8,6.346,6.391,6.346,6.387,NaN,NaN
1581997500,12028.25,12030.75,11908.05,11992.5,6.385,6.408,6.379,6.384,NaN,NaN
1582083900,12090.6,12134.7,12042.1,12125.9,NaN,NaN,NaN,NaN,NaN,NaN
1582170300,12119,12152,12071.45,12080.85,6.392,6.423,6.38,6.422,NaN,NaN
1582515900,12012.55,12012.55,11813.4,11829.4,6.384,6.387,6.339,6.367,NaN,NaN
1582602300,11877.5,11883.05,11779.9,11797.9,6.372,6.388,6.35,6.369,NaN,NaN
1582688700,11738.55,11783.25,11639.6,11678.5,6.342,6.348,6.326,6.346,NaN,NaN
1582775100,11661.25,11663.85,11536.7,11633.3,6.331,6.389,6.33,6.378,NaN,NaN
1582861500,11382,11384.8,11175.05,11201.75,6.356,6.404,6.356,6.371,NaN,NaN
1583120700,11387.35,11433,11036.25,11132.75,6.343,6.362,6.334,6.346,NaN,NaN
1583207100,11217.55,11342.25,11152.55,11303.3,6.369,6.38,6.342,6.342,NaN,NaN
1583293500,11351.35,11356.6,11082.15,11251,6.267,6.294,6.214,6.226,NaN,NaN
1583379900,11306.05,11389.5,11244.6,11269,6.239,6.263,6.227,6.239,NaN,NaN
1583466300,10942.65,11035.1,10827.4,10989.45,6.183,6.189,6.148,6.185,NaN,NaN
1583725500,10742.05,10751.55,10294.45,10451.45,6.094,6.094,5.995,6.066,NaN,NaN
1583898300,10334.3,10545.1,10334,10458.4,6.1,6.159,6.1,6.125,NaN,NaN
1583984700,10039.95,10040.75,9508,9590.1504,6.135,6.236,6.135,6.236,NaN,NaN
1584071100,9107.5996,10159.4,8555.1504,9955.2002,6.273,6.355,6.273,6.322,NaN,NaN
1584330300,9587.7998,9602.2002,9165.0996,9197.4004,6.239,6.252,6.123,6.208,NaN,NaN
1584416700,9285.4004,9403.7998,8915.5996,8967.0498,6.299,6.299,6.209,6.265,NaN,NaN
1584503100,9088.4502,9127.5498,8407.0498,8468.7998,6.336,6.343,6.232,6.296,NaN,NaN
1584589500,8063.2998,8575.4502,7832.5498,8263.4502,6.372,6.449,6.336,6.41,NaN,NaN
1584675900,8284.4502,8883,8178.2002,8745.4502,6.407,6.407,6.216,6.259,NaN,NaN
1584935100,7945.7002,8159.25,7583.6001,7610.25,6.301,6.391,6.252,6.379,NaN,NaN
1585021500,7848.2998,8036.9502,7511.1001,7801.0498,6.377,6.377,6.294,6.304,NaN,NaN
1585107900,7735.1499,8376.75,7714.75,8317.8496,NaN,NaN,NaN,NaN,NaN,NaN
1585194300,8451,8749.0498,8304.9004,8641.4502,6.379,6.379,6.215,6.225,NaN,NaN
1585280700,8949.0996,9038.9004,8522.9004,8660.25,6.183,6.183,6.004,6.144,NaN,NaN
1585539900,8385.9502,8576,8244,8281.0996,6.19,6.213,6.139,6.209,NaN,NaN
1585626300,8529.3496,8678.2998,8358,8597.75,6.21,6.21,6.079,6.138,NaN,NaN
1585712700,8584.0996,8588.0996,8198.3496,8253.7998,NaN,NaN,NaN,NaN,NaN,NaN
1585885500,8356.5498,8356.5498,8055.7998,8083.7998,6.287,6.315,6.266,6.306,NaN,NaN
1586231100,8446.2998,8819.4004,8360.9502,8792.2002,6.358,6.42,6.356,6.414,NaN,NaN
1586317500,8688.9004,9131.7002,8653.9004,8748.75,6.45,6.456,6.42,6.441,NaN,NaN
1586403900,8973.0498,9128.3496,8904.5498,9111.9004,6.471,6.504,6.466,6.49,NaN,NaN
1586749500,9103.9502,9112.0498,8912.4004,8993.8496,6.471,6.5,6.471,6.495,NaN,NaN
1586922300,9196.4004,9261.2002,8874.0996,8925.2998,6.49,6.49,6.425,6.425,NaN,NaN
1587008700,8851.25,9053.75,8821.9004,8992.7998,6.447,6.447,6.427,6.44,NaN,NaN
1587095100,9323.4502,9324,9091.3496,9266.75,6.376,6.419,6.298,6.347,NaN,NaN
1587354300,9390.2002,9390.8496,9230.7998,9261.8496,6.293,6.293,6.181,6.209,NaN,NaN
1587440700,9016.9502,9044.4004,8909.4004,8981.4502,6.237,6.237,6.183,6.212,NaN,NaN
1587527100,9026.75,9209.75,8946.25,9187.2998,6.21,6.243,6.201,6.224,NaN,NaN
1587613500,9232.3496,9343.5996,9170.1504,9313.9004,6.215,6.215,6.015,6.06,NaN,NaN
1587699900,9163.9004,9296.9004,9141.2998,9154.4004,6.092,6.172,6.083,6.167,NaN,NaN
1587959100,9259.7002,9377.0996,9250.3496,9282.2998,6.202,6.202,6.126,6.153,NaN,NaN
1588045500,9389.7998,9404.4004,9260,9380.9004,6.165,6.165,6.104,6.137,NaN,NaN
1588131900,9408.5996,9599.8496,9392.3496,9553.3496,6.125,6.147,6.113,6.125,NaN,NaN
1588218300,9753.5,9889.0498,9731.5,9859.9004,6.141,6.141,6.11,6.11,NaN,NaN
1588563900,9533.5,9533.5,9266.9502,9293.5,6.138,6.14,6.067,6.084,NaN,NaN
1588650300,9429.4004,9450.9004,9190.75,9205.5996,6.11,6.11,6.067,6.073,NaN,NaN
1588736700,9226.7998,9346.9004,9116.5,9270.9004,6.061,6.061,6.028,6.028,NaN,NaN
1588823100,9234.0498,9277.8496,9175.9004,9199.0498,NaN,NaN,NaN,NaN,NaN,NaN
1588909500,9376.9502,9382.6504,9238.2002,9251.5,6.013,6.047,5.966,5.967,NaN,NaN
1589168700,9348.1504,9439.9004,9219.9502,9239.2002,6.234,6.25,6.156,6.167,NaN,NaN
1589255100,9168.8496,9240.8496,9043.9502,9196.5498,6.207,6.207,6.144,6.163,NaN,NaN
1589341500,9584.2002,9584.5,9351.0996,9383.5498,6.243,6.243,6.089,6.095,NaN,NaN
1589427900,9213.9502,9281.0996,9119.75,9142.75,6.08,6.08,5.993,6.056,NaN,NaN
1589514300,9182.4004,9182.4004,9050,9136.8496,6.123,6.123,6.031,6.081,NaN,NaN
1589773500,9158.2998,9158.2998,8806.75,8823.25,6.102,6.102,6.045,6.05,NaN,NaN
1589859900,8961.7002,9030.3496,8855.2998,8879.0996,6.067,6.067,6.026,6.035,NaN,NaN
1589946300,8889.1504,9093.7998,8875.3496,9066.5498,6.038,6.047,6.024,6.041,NaN,NaN
1590032700,9079.4502,9178.5498,9056.0996,9106.25,6.07,6.07,6.029,6.034,NaN,NaN
1590119100,9067.9004,9149.5996,8968.5498,9039.25,5.99,5.99,5.879,5.961,NaN,NaN
1590464700,9099.75,9161.6504,8996.6504,9029.0498,5.99,5.994,5.949,5.975,NaN,NaN
1590551100,9082.2002,9334,9004.25,9314.9502,6.001,6.001,5.966,5.984,NaN,NaN
1590637500,9364.9502,9511.25,9336.5,9490.0996,5.995,5.995,5.98,5.99,NaN,NaN
1590723900,9422.2002,9598.8496,9376.9004,9580.2998,5.99,6.027,5.978,6.013,NaN,NaN
1590983100,9726.8496,9931.5996,9706.9502,9826.1504,6.055,6.055,6.021,6.042,NaN,NaN
1591069500,9880.8496,9995.5996,9824.0498,9979.0996,6.089,6.089,5.998,5.998,NaN,NaN
1591155900,10108.3,10176.2,10035.55,10061.55,6.01,6.031,5.998,6.031,NaN,NaN
1591242300,10054.25,10123.85,9944.25,10029.1,5.839,5.839,5.796,5.796,NaN,NaN
1591328700,10093.8,10177.8,10040.75,10142.15,5.827,5.846,5.821,5.821,NaN,NaN
1591587900,10326.75,10328.5,10120.25,10167.45,5.855,5.855,5.804,5.807,NaN,NaN
1591674300,10181.15,10291.15,10021.45,10046.65,5.787,5.791,5.775,5.775,NaN,NaN
1591760700,10072.6,10148.75,10036.85,10116.15,5.779,5.779,5.768,5.772,NaN,NaN
1591847100,10094.1,10112.05,9885.0498,9902,5.775,5.788,5.755,5.781,NaN,NaN
1591933500,9544.9502,9996.0498,9544.3496,9972.9004,5.784,5.801,5.772,5.796,NaN,NaN
1592192700,9919.3496,9943.3496,9726.3496,9813.7002,5.835,5.835,5.784,5.792,NaN,NaN
1592279100,10014.8,10046.15,9728.5,9914,5.828,5.862,5.799,5.846,NaN,NaN
1592365500,9876.7002,10003.6,9833.7998,9881.1504,5.861,5.861,5.834,5.835,NaN,NaN
1592451900,9863.25,10111.2,9845.0498,10091.65,5.855,5.855,5.818,5.822,NaN,NaN
1592538300,10119,10272.4,10072.65,10244.4,5.842,5.855,5.828,5.849,NaN,NaN
1592797500,10318.75,10393.65,10277.6,10311.2,5.862,5.886,5.835,5.877,NaN,NaN
1592883900,10347.95,10484.7,10301.75,10471,5.915,5.915,5.88,5.903,NaN,NaN
1592970300,10529.25,10553.15,10281.95,10305.3,5.937,5.937,5.885,5.918,NaN,NaN
1593056700,10235.55,10361.8,10194.5,10288.9,5.936,5.936,5.891,5.891,NaN,NaN
1593143100,10378.9,10409.85,10311.25,10383,5.917,5.921,5.883,5.913,NaN,NaN
1593402300,10311.95,10337.95,10223.6,10312.4,5.938,5.938,5.892,5.903,NaN,NaN
1593488700,10382.6,10401.05,10267.35,10302.1,5.924,5.924,5.875,5.888,NaN,NaN
1593575100,10323.8,10447.05,10299.6,10430.05,5.907,5.907,5.822,5.838,NaN,NaN
1593661500,10493.05,10598.2,10485.55,10551.7,5.848,5.848,5.821,5.841,NaN,NaN
1593747900,10614.95,10631.3,10562.65,10607.35,5.853,5.873,5.845,5.845,NaN,NaN
1594007100,10723.85,10811.4,10695.1,10763.65,5.851,5.851,5.825,5.836,NaN,NaN
1594093500,10802.85,10813.8,10689.7,10799.65,5.836,5.846,5.792,5.792,NaN,NaN
1594179900,10818.65,10847.85,10676.55,10705.75,5.802,5.802,5.76,5.778,NaN,NaN
1594266300,10755.55,10836.85,10733,10813.45,5.764,5.794,5.764,5.772,NaN,NaN
1594352700,10764.1,10819.4,10713,10768.05,5.775,5.775,5.747,5.76,NaN,NaN
1594611900,10851.85,10894.05,10756.05,10802.7,5.78,5.787,5.77,5.786,NaN,NaN
1594698300,10750.85,10755.65,10562.9,10607.35,5.822,5.847,5.796,5.825,NaN,NaN
1594784700,10701,10827.45,10577.75,10618.2,5.836,5.836,5.814,5.815,NaN,NaN
1594871100,10706.2,10755.3,10595.2,10739.95,5.828,5.828,5.808,5.813,NaN,NaN
1594957500,10752,10933.45,10749.65,10901.7,5.822,5.829,5.795,5.805,NaN,NaN
1595216700,10999.45,11037.9,10953,11022.2,5.812,5.818,5.794,5.799,NaN,NaN
1595303100,11126.1,11179.55,11113.25,11162.25,5.814,5.833,5.795,5.829,NaN,NaN
1595389500,11231.2,11238.1,11056.55,11132.6,5.841,5.841,5.814,5.814,NaN,NaN
1595475900,11135,11239.8,11103.15,11215.45,5.825,5.825,5.805,5.805,NaN,NaN
1595562300,11149.95,11225.4,11090.3,11194.15,5.815,5.825,5.8,5.817,NaN,NaN
1595821500,11225,11225,11087.85,11131.8,5.835,5.86,5.813,5.859,NaN,NaN
1595907900,11154.1,11317.75,11151.4,11300.55,5.889,5.889,5.85,5.85,NaN,NaN
1595994300,11276.9,11341.4,11149.75,11202.85,5.87,5.87,5.832,5.835,NaN,NaN
1596080700,11254.3,11299.95,11084.95,11102.15,5.852,5.852,5.819,5.825,NaN,NaN
1596167100,11139.5,11150.4,11026.65,11073.45,5.833,5.845,5.814,5.837,NaN,NaN
1596426300,11057.55,11058.05,10882.25,10891.6,5.846,5.848,5.836,5.837,NaN,NaN
1596512700,10946.65,11112.25,10908.1,11095.25,5.855,5.855,5.823,5.833,NaN,NaN
1596599100,11155.75,11225.65,11064.05,11101.65,5.84,5.84,5.824,5.826,NaN,NaN
1596685500,11185.7,11256.8,11127.3,11200.15,5.834,5.887,5.808,5.862,NaN,NaN
1596771900,11186.65,11231.9,11142.05,11214.05,5.879,5.893,5.868,5.886,NaN,NaN
1597031100,11270.25,11337.3,11238,11270.15,5.91,5.916,5.893,5.893,NaN,NaN
1597117500,11322.25,11373.6,11299.15,11322.5,5.91,5.91,5.885,5.903,NaN,NaN
1597203900,11289,11322,11242.65,11308.4,5.922,5.926,5.88,5.884,NaN,NaN
1597290300,11334.85,11359.3,11269.95,11300.45,5.885,5.898,5.876,5.895,NaN,NaN
1597376700,11353.3,11366.25,11111.45,11178.4,5.993,5.993,5.934,5.965,NaN,NaN
1597635900,11248.9,11267.1,11144.5,11247.1,6.004,6.004,5.96,5.975,NaN,NaN
1597722300,11259.8,11401.7,11253.15,11385.35,5.991,5.994,5.975,5.986,NaN,NaN
1597808700,11452.15,11460.35,11394.1,11408.4,5.993,6.01,5.993,6.008,NaN,NaN
1597895100,11317.45,11361.45,11289.8,11312.2,6.013,6.013,5.994,6,NaN,NaN
1597981500,11409.65,11418.5,11362.2,11371.6,6.047,6.144,6.034,6.14,NaN,NaN
1598240700,11412,11497.25,11410.65,11466.45,6.182,6.231,6.152,6.221,NaN,NaN
1598327100,11513.1,11525.9,11423.35,11472.25,6.14,6.172,6.124,6.157,NaN,NaN
1598413500,11512.85,11561.75,11461.85,11549.6,6.184,6.209,6.136,6.203,NaN,NaN
1598499900,11609.3,11617.35,11540.6,11559.25,6.201,6.201,6.143,6.147,NaN,NaN
1598586300,11602.95,11686.05,11589.4,11647.6,6.187,6.192,6.096,6.097,NaN,NaN
1598845500,11777.55,11794.25,11325.85,11387.5,6.117,6.117,6.071,6.078,NaN,NaN
1598931900,11464.3,11553.55,11366.9,11470.25,5.949,5.961,5.934,5.943,NaN,NaN
1599018300,11478.55,11554.75,11430.4,11535,5.957,5.957,5.918,5.92,NaN,NaN
1599104700,11566.2,11584.95,11507.65,11527.45,5.919,5.919,5.878,5.896,NaN,NaN
1599191100,11354.4,11452.05,11303.65,11333.85,5.91,5.944,5.896,5.93,NaN,NaN
1599450300,11359.6,11381.15,11251.7,11355.05,5.956,5.995,5.938,5.993,NaN,NaN
1599536700,11378.55,11437.25,11290.45,11317.35,6.039,6.06,6.011,6.056,NaN,NaN
1599623100,11218.6,11298.15,11185.15,11278,6.081,6.081,5.983,5.989,NaN,NaN
1599709500,11363.3,11464.05,11327.4,11449.25,5.998,6.053,5.985,6.053,NaN,NaN
1599795900,11447.8,11493.5,11419.9,11464.45,6.109,6.109,6.017,6.041,NaN,NaN
1600055100,11540.15,11568.9,11383.55,11440.05,6.074,6.074,6.026,6.031,NaN,NaN
1600141500,11487.2,11535.95,11442.25,11521.8,6.045,6.045,6.014,6.029,NaN,NaN
1600227900,11538.45,11618.1,11516.75,11604.55,6.046,6.046,5.992,5.992,NaN,NaN
1600314300,11539.4,11587.2,11498.5,11516.1,5.999,6.037,5.981,6.033,NaN,NaN
1600400700,11584.1,11584.1,11446.1,11504.95,6.028,6.028,5.991,6.014,NaN,NaN
1600659900,11503.8,11535.25,11218.5,11250.55,6.027,6.027,6.005,6.016,NaN,NaN
1600746300,11301.75,11302.2,11084.65,11153.65,6.027,6.027,5.991,6.01,NaN,NaN
1600832700,11258.75,11259.55,11024.4,11131.85,5.996,6.003,5.989,5.99,NaN,NaN
1600919100,11011,11015.3,10790.2,10805.55,6.027,6.027,5.981,5.992,NaN,NaN
1601005500,10910.4,11072.6,10854.85,11050.25,6.041,6.041,6.003,6.038,NaN,NaN
1601264700,11140.85,11239.35,11099.85,11227.55,6.068,6.079,6.042,6.056,NaN,NaN
1601351100,11288.6,11305.4,11181,11222.4,6.069,6.073,6.037,6.037,NaN,NaN
1601437500,11244.45,11295.4,11184.55,11247.55,6.057,6.057,6.011,6.015,NaN,NaN
1601523900,11364.45,11428.6,11347.05,11416.95,5.971,6.006,5.971,5.996,NaN,NaN
1601869500,11487.8,11578.05,11452.3,11503.35,6.018,6.018,5.989,6.004,NaN,NaN
1601955900,11603.45,11680.3,11564.3,11662.4,6.026,6.036,6.01,6.026,NaN,NaN
1602042300,11679.25,11763.05,11629.35,11738.85,6.032,6.032,6.008,6.014,NaN,NaN
1602128700,11835.4,11905.7,11791.15,11834.6,6.025,6.03,6.012,6.015,NaN,NaN
1602215100,11852.05,11938.6,11805.2,11914.2,6.042,6.042,5.92,5.937,NaN,NaN
1602474300,11973.55,12022.05,11867.2,11930.95,5.945,5.945,5.889,5.899,NaN,NaN
1602560700,11934.65,11988.2,11888.9,11934.5,5.925,5.925,5.888,5.904,NaN,NaN
1602647100,11917.4,11997.2,11822.15,11971.05,5.918,5.918,5.895,5.9,NaN,NaN
1602733500,12023.45,12025.45,11661.3,11680.35,5.911,5.911,5.888,5.898,NaN,NaN
1602819900,11727.4,11789.75,11667.85,11762.45,5.944,5.944,5.91,5.935,NaN,NaN
1603079100,11879.2,11898.25,11820.4,11873.05,5.932,5.944,5.921,5.94,NaN,NaN
1603165500,11861,11949.25,11837.25,11896.8,5.95,5.95,5.929,5.931,NaN,NaN
1603251900,11958.55,12018.65,11775.75,11937.65,5.947,5.947,5.912,5.912,NaN,NaN
1603338300,11890,11939.55,11823.45,11896.45,5.913,5.918,5.903,5.915,NaN,NaN
1603424700,11957.9,11974.55,11908.75,11930.35,5.898,5.898,5.844,5.844,NaN,NaN
1603683900,11937.4,11942.85,11711.7,11767.75,5.822,5.846,5.791,5.834,NaN,NaN
1603770300,11807.1,11899.05,11723,11889.4,5.849,5.86,5.83,5.846,NaN,NaN
1603856700,11922.6,11929.4,11684.85,11729.6,5.849,5.862,5.83,5.859,NaN,NaN
1603943100,11633.3,11744.15,11606.45,11670.8,5.874,5.886,5.852,5.881,NaN,NaN
1604029500,11678.45,11748.95,11535.45,11642.4,NaN,NaN,NaN,NaN,NaN,NaN
1604288700,11697.35,11725.65,11557.4,11669.15,5.89,5.896,5.877,5.89,NaN,NaN
1604375100,11734.45,11836.2,11723.3,11813.5,5.888,5.914,5.888,5.898,NaN,NaN
1604461500,11783.35,11929.65,11756.4,11908.5,5.896,5.896,5.876,5.886,NaN,NaN
1604547900,12062.4,12131.1,12027.6,12120.3,5.883,5.883,5.855,5.858,NaN,NaN
1604634300,12156.65,12280.4,12131.85,12263.55,5.846,5.873,5.837,5.871,NaN,NaN
1604893500,12399.4,12474.05,12367.35,12461.05,5.883,5.886,5.871,5.876,NaN,NaN
1604979900,12556.4,12643.9,12475.25,12631.1,5.908,5.918,5.899,5.916,NaN,NaN
1605066300,12680.6,12769.75,12571.1,12749.15,5.936,5.936,5.901,5.903,NaN,NaN
1605152700,12702.15,12741.15,12624.85,12690.8,5.923,5.923,5.903,5.903,NaN,NaN
1605239100,12659.7,12735.95,12607.7,12719.95,5.915,5.915,5.875,5.878,NaN,NaN
1605357000,12823.35,12828.7,12749.45,12780.25,NaN,NaN,NaN,NaN,NaN,NaN
1605584700,12932.5,12934.05,12797.1,12874.2,5.888,5.888,5.866,5.877,NaN,NaN
1605671100,12860.1,12948.85,12819.35,12938.25,5.877,5.881,5.86,5.878,NaN,NaN
1605757500,12839.5,12963,12745.75,12771.7,5.891,5.891,5.873,5.876,NaN,NaN
1605843900,12813.4,12892.45,12730.25,12859.05,5.877,5.887,5.871,5.877,NaN,NaN
1606103100,12960.3,12968.85,12825.7,12926.45,5.883,5.903,5.874,5.9,NaN,NaN
1606189500,13002.6,13079.1,12978,13055.15,5.913,5.913,5.879,5.88,NaN,NaN
1606275900,13130,13145.85,12833.65,12858.4,5.902,5.902,5.876,5.885,NaN,NaN
1606362300,12906.45,13018,12790.4,12987,5.895,5.895,5.869,5.872,NaN,NaN
1606448700,13012.05,13035.3,12914.3,12968.95,5.888,5.916,5.884,5.911,NaN,NaN
1606794300,13062.2,13128.4,12962.8,13109.05,5.919,5.93,5.909,5.93,NaN,NaN
1606880700,13121.4,13128.5,12983.55,13113.75,5.951,5.951,5.919,5.92,NaN,NaN
1606967100,13215.3,13216.6,13107.9,13133.9,5.933,5.935,5.909,5.932,NaN,NaN
1607053500,13177.4,13280.05,13152.85,13258.55,5.933,5.933,5.888,5.897,NaN,NaN
1607312700,13264.85,13366.65,13241.95,13355.75,5.908,5.929,5.906,5.924,NaN,NaN
1607399100,13393.85,13435.45,13311.05,13392.95,5.932,5.942,5.918,5.939,NaN,NaN
1607485500,13458.1,13548.9,13449.6,13529.1,5.947,5.951,5.907,5.917,NaN,NaN
1607571900,13488.5,13503.55,13399.3,13478.3,5.913,5.918,5.898,5.916,NaN,NaN
1607658300,13512.3,13579.35,13402.85,13513.85,5.943,5.96,5.92,5.956,NaN,NaN
1607917500,13571.45,13597.5,13472.45,13558.15,5.97,5.97,5.935,5.946,NaN,NaN
1608003900,13547.2,13589.65,13447.05,13567.85,5.926,5.949,5.923,5.941,NaN,NaN
1608090300,13663.1,13692.35,13606.45,13682.7,5.948,5.953,5.94,5.944,NaN,NaN
1608176700,13713.55,13773.25,13673.55,13740.7,5.955,5.955,5.938,5.952,NaN,NaN
1608263100,13764.4,13772.85,13658.6,13760.55,5.952,5.979,5.95,5.959,NaN,NaN
1608522300,13741.9,13777.5,13131.45,13328.4,5.962,5.974,5.952,5.957,NaN,NaN
1608608700,13373.65,13492.05,13192.9,13466.3,5.966,5.966,5.939,5.951,NaN,NaN
1608695100,13473.5,13619.45,13432.2,13601.1,5.951,5.953,5.944,5.95,NaN,NaN
1608781500,13672.15,13771.75,13626.9,13749.25,5.973,5.981,5.929,5.929,NaN,NaN
1609127100,13815.15,13885.3,13811.55,13873.2,5.918,5.928,5.918,5.925,NaN,NaN
1609213500,13910.35,13967.6,13859.9,13932.6,5.935,5.935,5.924,5.927,NaN,NaN
1609299900,13980.9,13997,13864.95,13981.95,5.933,5.933,5.899,5.899,NaN,NaN
1609386300,13970,14024.85,13936.45,13981.75,5.905,5.905,5.887,5.894,NaN,NaN
1609472700,13996.1,14049.85,13991.35,14018.5,5.905,5.905,5.888,5.898,NaN,NaN
1609731900,14104.35,14147.95,13953.75,14132.9,5.904,5.905,5.858,5.858,NaN,NaN
1609818300,14075.15,14215.6,14048.15,14199.5,5.856,5.858,5.839,5.85,NaN,NaN
1609904700,14240.95,14244.15,14039.9,14146.25,5.877,5.912,5.868,5.894,NaN,NaN
1609991100,14253.75,14256.25,14123.1,14137.35,5.906,5.912,5.891,5.892,NaN,NaN
1610077500,14258.4,14367.3,14221.65,14347.25,5.878,5.901,5.876,5.892,NaN,NaN
1610336700,14474.05,14498.2,14383.1,14484.75,5.946,5.946,5.917,5.924,NaN,NaN
1610423100,14473.8,14590.65,14432.85,14563.45,5.937,5.937,5.919,5.931,NaN,NaN
1610509500,14639.8,14653.35,14435.7,14564.85,5.913,5.955,5.908,5.947,NaN,NaN
1610595900,14550.05,14617.8,14471.5,14595.6,5.955,5.955,5.924,5.924,NaN,NaN
1610682300,14594.35,14617.45,14357.85,14433.7,5.959,5.988,5.942,5.988,NaN,NaN
1610941500,14453.3,14459.15,14222.8,14281.3,5.965,5.986,5.953,5.957,NaN,NaN
1611027900,14371.65,14546.05,14350.85,14521.15,5.963,5.963,5.933,5.936,NaN,NaN
1611114300,14538.3,14666.45,14517.55,14644.7,5.942,5.945,5.931,5.942,NaN,NaN
1611200700,14730.95,14753.55,14517.25,14590.35,5.942,5.958,5.931,5.956,NaN,NaN
1611287100,14583.4,14619.9,14357.75,14371.9,5.97,5.973,5.936,5.939,NaN,NaN
1611546300,14477.8,14491.1,14218.6,14238.9,5.963,5.963,5.934,5.954,NaN,NaN
1611719100,14237.95,14237.95,13929.3,13967.5,5.961,5.961,5.943,5.954,NaN,NaN
1611805500,13810.4,13898.25,13713.25,13817.55,5.955,5.955,5.933,5.933,NaN,NaN
1611891900,13946.6,13966.85,13596.75,13634.6,5.946,5.951,5.936,5.949,NaN,NaN
1612151100,13758.6,14336.35,13661.75,14281.2,5.917,6.071,5.888,6.06,NaN,NaN
1612237500,14481.1,14731.7,14469.15,14647.85,6.088,6.134,6.08,6.127,NaN,NaN
1612323900,14754.9,14868.85,14574.15,14789.95,6.136,6.136,6.082,6.084,NaN,NaN
1612410300,14789.05,14913.7,14714.75,14895.65,6.094,6.094,6.058,6.074,NaN,NaN
1612496700,14952.6,15014.65,14864.75,14924.25,6.088,6.153,6.054,6.071,NaN,NaN
1612755900,15064.3,15159.9,15041.05,15115.8,6.078,6.078,6.015,6.04,NaN,NaN
1612842300,15164.15,15257.1,15064.3,15109.3,6.095,6.099,6.072,6.075,NaN,NaN
1612928700,15119.05,15168.25,14977.2,15106.5,6.017,6.024,6.01,6.01,NaN,NaN
1613015100,15073.25,15188.5,15065.4,15173.3,6.015,6.023,5.944,5.962,NaN,NaN
1613101500,15186.2,15243.5,15081,15163.3,5.952,5.995,5.951,5.99,NaN,NaN
1613360700,15270.3,15340.15,15243.4,15314.7,6.019,6.026,6.002,6.022,NaN,NaN
1613447100,15371.45,15431.75,15242.2,15313.45,6.033,6.04,6.018,6.022,NaN,NaN
1613533500,15279.9,15314.3,15170.75,15208.9,6.047,6.047,6.018,6.03,NaN,NaN
1613619900,15238.7,15250.75,15078.05,15118.95,6.033,6.137,6.028,6.132,NaN,NaN
1613706300,15074.8,15144.05,14898.2,14981.75,NaN,NaN,NaN,NaN,NaN,NaN
1613965500,14999.05,15010.1,14635.05,14675.7,6.192,6.212,6.182,6.202,NaN,NaN
1614051900,14782.25,14854.5,14651.85,14707.8,6.207,6.207,6.16,6.172,NaN,NaN
1614138300,14729.15,15008.8,14723.05,14982,6.172,6.172,6.141,6.147,NaN,NaN
1614224700,15079.85,15176.5,15065.35,15097.35,NaN,NaN,NaN,NaN,NaN,NaN
1614311100,14888.6,14919.45,14467.75,14529.15,6.215,6.242,6.201,6.229,NaN,NaN
1614570300,14702.5,14806.8,14638.55,14761.55,6.236,6.236,6.195,6.209,NaN,NaN
1614656700,14865.3,14959.1,14760.8,14919.1,6.208,6.236,6.188,6.236,NaN,NaN
1614743100,15064.4,15273.15,14995.8,15245.6,6.242,6.246,6.219,6.238,NaN,NaN
1614829500,15026.75,15202.35,14980.2,15080.75,6.258,6.258,6.214,6.218,NaN,NaN
1614915900,14977.95,15092.35,14862.1,14938.1,6.214,6.254,6.204,6.232,NaN,NaN
1615175100,15002.45,15111.15,14919.9,14956.2,6.244,6.245,6.208,6.223,NaN,NaN
1615261500,15049.9,15126.85,14925.45,15098.4,6.223,6.229,6.206,6.206,NaN,NaN
1615347900,15202.15,15218.45,15100.85,15174.8,6.212,6.274,6.207,6.247,NaN,NaN
1615520700,15321.15,15336.3,14953.6,15030.95,6.233,6.242,6.227,6.232,NaN,NaN
1615779900,15048.4,15048.4,14745.85,14929.5,6.246,6.247,6.201,6.201,NaN,NaN
1615866300,14996.1,15051.6,14890.65,14910.45,6.213,6.213,6.179,6.18,NaN,NaN
1615952700,14946.55,14956.55,14696.05,14721.3,6.204,6.204,6.167,6.185,NaN,NaN
1616039100,14855.5,14875.2,14478.6,14557.85,6.221,6.24,6.187,6.202,NaN,NaN
1616125500,14471.15,14788.25,14350.1,14744,6.198,6.21,6.165,6.193,NaN,NaN
1616384700,14736.3,14763.9,14597.85,14736.4,6.208,6.208,6.165,6.18,NaN,NaN
1616471100,14768.55,14878.6,14707,14814.75,6.153,6.155,6.138,6.144,NaN,NaN
1616557500,14712.45,14752.35,14535,14549.4,6.131,6.155,6.114,6.152,NaN,NaN
1616643900,14570.9,14575.6,14264.4,14324.9,6.158,6.164,6.131,6.131,NaN,NaN
1616730300,14506.3,14572.9,14414.25,14507.3,6.153,6.153,6.119,6.123,NaN,NaN
1617075900,14628.5,14876.3,14617.6,14845.1,6.147,6.152,6.131,6.143,NaN,NaN
1617162300,14811.85,14813.75,14670.25,14690.7,6.161,6.185,6.14,6.177,NaN,NaN
1617248700,14798.4,14883.2,14692.45,14867.35,NaN,NaN,NaN,NaN,NaN,NaN
1617594300,14837.7,14849.85,14459.5,14637.8,6.202,6.202,6.123,6.123,NaN,NaN
1617680700,14737,14779.1,14573.9,14683.5,6.126,6.135,6.108,6.122,NaN,NaN
1617767100,14716.45,14879.8,14649.85,14819.05,6.119,6.191,6.059,6.082,NaN,NaN
1617853500,14875.65,14984.15,14821.1,14873.8,6.084,6.091,6.031,6.031,NaN,NaN
1617939900,14882.65,14918.45,14785.65,14834.85,6.002,6.034,5.99,6.017,NaN,NaN
1618199100,14644.65,14652.5,14248.7,14310.8,6.022,6.022,6.005,6.011,NaN,NaN
1618285500,14364.9,14528.9,14274.9,14504.8,NaN,NaN,NaN,NaN,NaN,NaN
1618458300,14522.4,14597.55,14353.2,14581.45,6.033,6.128,6.026,6.126,NaN,NaN
1618544700,14599.6,14697.7,14559,14617.85,6.168,6.176,6.076,6.088,NaN,NaN
1618803900,14306.6,14382.3,14191.4,14359.45,6.2788,6.2862,6.1703,6.2744,NaN,NaN
1618890300,14526.7,14526.95,14207.3,14296.4,6.2766,6.3158,6.1715,6.287,NaN,NaN
1619063100,14219.15,14424.75,14151.4,14406.15,6.2859,6.3049,6.1462,6.2484,NaN,NaN
1619149500,14326.35,14461.15,14273.3,14341.35,6.2484,6.3007,6.1244,6.3007,NaN,NaN
1619408700,14449.45,14557.5,14421.3,14485,6.2923,6.3138,6.1682,6.2707,NaN,NaN
1619495100,14493.8,14667.55,14484.85,14653.05,6.2707,6.2812,6.1648,6.2724,NaN,NaN
1619581500,14710.5,14890.25,14694.95,14864.55,6.2724,6.2831,6.1644,6.2831,NaN,NaN
1619667900,14979,15044.35,14814.45,14894.9,6.2831,6.2933,6.1804,6.2904,NaN,NaN
1619754300,14747.35,14855.45,14601.7,14631.1,6.2904,6.3133,6.1847,6.3008,NaN,NaN
1620013500,14481.05,14673.85,14416.25,14634.15,6.2988,6.2988,6.178,6.2911,NaN,NaN
1620099900,14687.25,14723.4,14461.5,14496.5,6.2911,6.2911,6.1534,6.2583,NaN,NaN
1620186300,14604.15,14637.9,14506.6,14617.85,6.2583,6.2771,6.1556,6.2622,NaN,NaN
1620272700,14668.35,14743.9,14611.5,14724.8,6.2622,6.3024,6.1596,6.2854,NaN,NaN
1620359100,14816.85,14863.05,14765.5,14823.15,6.2854,6.2977,6.1812,6.2948,NaN,NaN
1620618300,14928.25,14966.9,14892.5,14942.35,6.2976,6.2976,6.1886,6.2941,NaN,NaN
1620704700,14789.7,14900,14771.4,14850.75,6.2938,6.3024,6.1906,6.2944,NaN,NaN
1620791100,14823.55,14824.05,14649.7,14696.5,6.2944,6.2991,6.1844,6.2915,NaN,NaN
1620963900,14749.4,14749.65,14591.9,14677.8,6.2518,6.2985,6.1431,6.2985,NaN,NaN
1621223100,14756.25,14938,14725.35,14923.15,6.2966,6.2979,6.1917,6.2949,NaN,NaN
1621309500,15067.2,15137.25,15043.7,15108.1,6.2949,6.3042,6.1903,6.2935,NaN,NaN
1621395900,15058.6,15133.4,15008.85,15030.15,6.2935,6.2935,6.1826,6.2857,NaN,NaN
1621482300,15042.6,15069.8,14884.9,14906.05,6.2857,6.3034,6.1826,6.2875,NaN,NaN
1621568700,14987.8,15190,14985.85,15175.3,6.2875,6.2883,6.1474,6.2583,NaN,NaN
1621827900,15211.35,15256.25,15145.45,15197.7,5.985,5.985,5.971,5.972,NaN,NaN
1621914300,15291.75,15293.85,15163.4,15208.45,5.989,5.989,5.972,5.972,NaN,NaN
1622000700,15257.05,15319.9,15194.95,15301.45,NaN,NaN,NaN,NaN,NaN,NaN
1622087100,15323.95,15384.55,15272.5,15337.85,5.987,5.987,5.987,5.987,NaN,NaN
1622173500,15421.2,15469.65,15394.75,15435.65,5.997,6.003,5.979,6.003,NaN,NaN
1622432700,15437.75,15606.35,15374,15582.8,6.039,6.039,6.019,6.024,NaN,NaN
1622519100,15629.65,15660.75,15528.3,15574.85,6.032,6.032,6.019,6.025,NaN,NaN
1622605500,15520.35,15597.45,15459.85,15576.2,6.032,6.032,6.005,6.005,NaN,NaN
1622691900,15655.55,15705.1,15611,15690.35,6.017,6.017,5.997,5.997,NaN,NaN
1622778300,15712.5,15733.6,15622.35,15670.25,5.99,6.032,5.984,6.028,NaN,NaN
1623037500,15725.1,15773.45,15678.1,15751.65,6.04,6.04,6.015,6.022,NaN,NaN
1623123900,15773.9,15778.8,15680,15740.1,6.037,6.037,6.005,6.006,NaN,NaN
1623210300,15766.3,15800.45,15566.9,15635.35,6.045,6.045,6.011,6.016,NaN,NaN
1623296700,15692.1,15751.25,15648.5,15737.75,6.029,6.029,6.009,6.019,NaN,NaN
1623383100,15796.45,15835.55,15749.8,15799.35,6.025,6.025,6.004,6.006,NaN,NaN
1623642300,15791.4,15823.05,15606.5,15811.85,6.018,6.018,6.004,6.004,NaN,NaN
1623728700,15866.95,15901.6,15842.4,15869.25,6.038,6.05,6.028,6.04,NaN,NaN
1623815100,15847.5,15880.85,15742.6,15767.55,6.052,6.067,6.044,6.045,NaN,NaN
1623901500,15648.3,15769.35,15616.75,15691.4,6.074,6.074,6.015,6.019,NaN,NaN
1623987900,15756.5,15761.5,15450.9,15683.35,6.057,6.057,6.004,6.006,NaN,NaN
1624247100,15525.85,15765.15,15505.65,15746.5,6.011,6.036,6.006,6.029,NaN,NaN
1624333500,15840.5,15895.75,15752.1,15772.75,6.043,6.043,6.021,6.025,NaN,NaN
1624419900,15862.8,15862.95,15673.95,15686.95,6.038,6.038,6.015,6.018,NaN,NaN
1624506300,15737.3,15821.4,15702.7,15790.45,6.025,6.029,6.008,6.012,NaN,NaN
1624592700,15839.35,15870.8,15772.3,15860.35,6.063,6.063,6.014,6.028,NaN,NaN
1624851900,15915.35,15915.65,15792.15,15814.7,6.046,6.086,6.039,6.056,NaN,NaN
1624938300,15807.5,15835.9,15724.05,15748.45,6.082,6.082,6.036,6.036,NaN,NaN
1625024700,15776.9,15839.1,15708.75,15721.5,6.089,6.089,6.049,6.051,NaN,NaN
1625111100,15755.05,15755.55,15667.05,15680,6.082,6.082,6.035,6.039,NaN,NaN
1625197500,15705.85,15738.35,15635.95,15722.2,6.061,6.075,6.055,6.065,NaN,NaN
1625456700,15793.4,15845.95,15762.05,15834.35,6.061,6.093,6.061,6.088,NaN,NaN
1625543100,15813.75,15914.2,15801,15818.25,6.154,6.19,6.138,6.175,NaN,NaN
1625629500,15819.6,15893.55,15779.7,15879.65,6.161,6.19,6.161,6.164,NaN,NaN
1625715900,15855.4,15885.75,15682.9,15727.9,6.161,6.161,6.124,6.124,NaN,NaN
1625802300,15688.25,15730.85,15632.75,15689.8,6.153,6.197,6.14,6.186,NaN,NaN
1626061500,15766.8,15789.2,15644.75,15692.6,6.277,6.277,6.204,6.22,NaN,NaN
1626147900,15794,15820.8,15744.6,15812.35,6.1,6.107,6.1,6.103,NaN,NaN
1626234300,15808.7,15877.35,15764.2,15853.95,6.122,6.122,6.109,6.109,NaN,NaN
1626320700,15872.15,15952.35,15855,15924.2,6.109,6.12,6.108,6.117,NaN,NaN
1626407100,15958.35,15962.25,15882.6,15923.4,6.146,6.146,6.113,6.13,NaN,NaN
1626666300,15754.5,15836.9,15707.5,15752.4,6.139,6.139,6.127,6.127,NaN,NaN
1626752700,15703.95,15728.45,15578.55,15632.1,6.129,6.129,6.116,6.119,NaN,NaN
1626925500,15736.6,15834.8,15726.4,15824.05,6.158,6.158,6.132,6.138,NaN,NaN
1627011900,15856.8,15899.8,15768.4,15856.05,6.147,6.165,6.142,6.165,NaN,NaN
1627271100,15849.3,15893.35,15797,15824.45,6.176,6.178,6.161,6.169,NaN,NaN
1627357500,15860.5,15881.55,15701,15746.45,6.189,6.189,6.174,6.178,NaN,NaN
1627443900,15761.55,15767.5,15513.45,15709.4,6.187,6.192,6.174,6.188,NaN,NaN
1627530300,15762.7,15817.35,15737.8,15778.45,6.2,6.203,6.188,6.198,NaN,NaN
1627616700,15800.6,15862.8,15744.85,15763.05,6.225,6.225,6.199,6.204,NaN,NaN
1627875900,15874.9,15892.9,15834.65,15885.15,6.204,6.204,6.192,6.197,NaN,NaN
1627962300,15951.55,16146.9,15914.35,16130.75,6.201,6.201,6.188,6.2,NaN,NaN
1628048700,16195.25,16290.2,16176.15,16258.8,6.207,6.207,6.193,6.199,NaN,NaN
1628135100,16288.95,16349.45,16210.3,16294.6,6.197,6.215,6.195,6.207,NaN,NaN
1628221500,16304.4,16336.75,16223.3,16238.2,6.214,6.262,6.214,6.234,NaN,NaN
1628480700,16281.35,16320.75,16179.05,16258.25,6.236,6.236,6.22,6.221,NaN,NaN
1628567100,16274.8,16359.25,16202.25,16280.1,6.234,6.237,6.229,6.233,NaN,NaN
1628653500,16327.3,16338.75,16162.55,16282.25,6.248,6.256,6.23,6.236,NaN,NaN
1628739900,16303.65,16375.5,16286.9,16364.4,6.243,6.243,6.223,6.226,NaN,NaN
1628826300,16385.699,16543.6,16376.3,16529.1,6.237,6.243,6.228,6.241,NaN,NaN
1629085500,16518.4,16589.4,16480.75,16563.051,NaN,NaN,NaN,NaN,NaN,NaN
1629171900,16545.25,16628.551,16495.4,16614.6,6.257,6.257,6.229,6.234,NaN,NaN
1629258300,16691.949,16701.85,16535.85,16568.85,6.248,6.248,6.226,6.228,NaN,NaN
1629431100,16382.5,16509.551,16376.05,16450.5,6.236,6.24,6.219,6.234,NaN,NaN
1629690300,16592.25,16592.5,16395.699,16496.449,6.244,6.246,6.234,6.243,NaN,NaN
1629776700,16561.4,16647.1,16495.301,16624.6,6.253,6.259,6.246,6.25,NaN,NaN
1629863100,16654,16712.449,16617.5,16634.65,6.264,6.266,6.241,6.244,NaN,NaN